Time,Machine,Temperature,Pressure,Vibration,Voltage,Current,Fault
2026-07-16 21:31:23,MC_01,62.48,39.45,2.82,227.62,11.65,0
2026-07-16 21:31:23,MC_02,58.83,46.32,2.88,217.65,12.81,0
2026-07-16 21:31:23,MC_03,61.21,32.35,1.64,217.19,10.48,0
2026-07-16 21:31:23,MC_04,61.57,45.86,2.39,220.34,9.86,0
2026-07-16 21:31:23,MC_05,54.25,41.5,2.2,218.54,11.1,0
2026-07-16 21:36:23,MC_01,69.26,43.29,1.89,221.04,9.06,0
2026-07-16 21:36:23,MC_02,63.69,40.69,2.44,218.49,9.78,0
2026-07-16 21:36:23,MC_03,56.4,41.37,1.62,221.62,11.42,0
2026-07-16 21:36:23,MC_04,56.62,42.45,3.02,224.66,10.74,0
2026-07-16 21:36:23,MC_05,58.45,38.08,2.41,214.47,10.21,0
2026-07-16 21:41:23,MC_01,59.64,44.01,2.68,216.77,12.54,0
2026-07-16 21:41:23,MC_02,67.69,29.52,2.91,220.44,11.55,0
2026-07-16 21:41:23,MC_03,58.9,41.43,3.24,217.41,10.79,0
2026-07-16 21:41:23,MC_04,57.49,43.66,2.66,217.35,12.77,0
2026-07-16 21:41:23,MC_05,84.15,52.02,7.68,212.68,18.64,1
2026-07-16 21:46:23,MC_01,61.31,41.81,2.42,221.07,8.97,0
2026-07-16 21:46:23,MC_02,59.91,33.31,1.96,215.04,12.15,0
2026-07-16 21:46:23,MC_03,57.84,41.91,2.37,217.13,11.37,0
2026-07-16 21:46:23,MC_04,63.84,35.4,2.11,223.87,10.8,0
2026-07-16 21:46:23,MC_05,66.92,36.48,2.54,217.53,13.38,0
2026-07-16 21:51:23,MC_01,68.53,43.49,2.5,218.17,12.97,0
2026-07-16 21:51:23,MC_02,53.89,42.48,2.42,218.06,10.67,0
2026-07-16 21:51:23,MC_03,58.22,42.22,3.02,222.63,14.05,0
2026-07-16 21:51:23,MC_04,72.7,34.24,3.1,226.5,10.7,0
2026-07-16 21:51:23,MC_05,63.09,44.87,2.61,224.24,12.26,0
2026-07-16 21:56:23,MC_01,53.92,42.94,2.02,216.24,10.3,0
2026-07-16 21:56:23,MC_02,62.12,43.76,2.07,220.73,9.95,0
2026-07-16 21:56:23,MC_03,56.14,43.51,2.38,226.05,12.81,0
2026-07-16 21:56:23,MC_04,52.97,39.86,2.02,224.89,12.06,0
2026-07-16 21:56:23,MC_05,59.31,39.5,2.87,217.74,13.17,0
2026-07-16 22:01:23,MC_01,55.37,37.95,2.86,220.46,12.95,0
2026-07-16 22:01:23,MC_02,68.81,44.23,2.53,224.36,13.6,0
2026-07-16 22:01:23,MC_03,64.53,37.58,2.65,221.29,12.04,0
2026-07-16 22:01:23,MC_04,64.36,45.32,2.99,221.16,12.26,0
2026-07-16 22:01:23,MC_05,60.83,36.58,2.48,217.33,9.32,0
2026-07-16 22:06:23,MC_01,61.79,36.43,2.33,227.8,12.19,0
2026-07-16 22:06:23,MC_02,71.95,47.37,3.18,224.14,12.02,0
2026-07-16 22:06:23,MC_03,62.21,38.22,1.67,216.14,14.49,0
2026-07-16 22:06:23,MC_04,61.59,33.55,2.97,226.33,12.57,0
2026-07-16 22:06:23,MC_05,68.26,37.08,1.86,218.81,14.81,0
2026-07-16 22:11:23,MC_01,53.53,39.58,1.5,213.5,14.31,0
2026-07-16 22:11:23,MC_02,66.62,40.23,3.67,222.02,13.36,0
2026-07-16 22:11:23,MC_03,58.99,40.24,2.82,220.63,9.15,0
2026-07-16 22:11:23,MC_04,66.4,42.75,2.54,222.2,11.84,0
2026-07-16 22:11:23,MC_05,57.57,40.83,2.94,217.68,11.07,0
2026-07-16 22:16:23,MC_01,58.22,41.45,2.79,216.85,13.32,0
2026-07-16 22:16:23,MC_02,51.06,35.12,2.17,225.81,14.33,0
2026-07-16 22:16:23,MC_03,57.8,40.05,2.97,217.38,13.42,0
2026-07-16 22:16:23,MC_04,58.64,37.55,3.46,225.33,9.31,0
2026-07-16 22:16:23,MC_05,57.77,43.08,2.83,216.5,11.99,0
2026-07-16 22:21:23,MC_01,58.45,43.22,2.81,226.79,11.35,0
2026-07-16 22:21:23,MC_02,61.02,44.62,2.26,216.68,14.04,0
2026-07-16 22:21:23,MC_03,49.81,46.28,2.35,219.98,10.98,0
2026-07-16 22:21:23,MC_04,59.76,45.08,2.89,222.46,12.13,0
2026-07-16 22:21:23,MC_05,58.28,41.83,2.53,224.92,12.71,0
2026-07-16 22:26:23,MC_01,60.27,38.27,3.43,226.0,14.72,0
2026-07-16 22:26:23,MC_02,59.45,43.91,1.77,223.92,11.76,0
2026-07-16 22:26:23,MC_03,53.22,32.35,2.68,222.86,13.46,0
2026-07-16 22:26:23,MC_04,63.71,45.91,2.85,219.34,11.89,0
2026-07-16 22:26:23,MC_05,58.59,41.18,1.95,221.7,11.87,0
2026-07-16 22:31:23,MC_01,47.74,36.39,2.45,219.72,12.39,0
2026-07-16 22:31:23,MC_02,61.51,46.06,2.66,218.43,9.6,0
2026-07-16 22:31:23,MC_03,53.16,42.14,3.03,227.71,10.76,0
2026-07-16 22:31:23,MC_04,58.48,40.46,3.28,220.85,13.73,0
2026-07-16 22:31:23,MC_05,80.16,54.81,9.4,224.39,20.72,1
2026-07-16 22:36:23,MC_01,58.29,38.92,2.86,227.51,12.11,0
2026-07-16 22:36:23,MC_02,51.48,39.78,2.69,219.84,8.9,0
2026-07-16 22:36:23,MC_03,59.55,41.47,2.03,217.43,10.41,0
2026-07-16 22:36:23,MC_04,55.07,42.02,2.23,216.04,11.84,0
2026-07-16 22:36:23,MC_05,54.82,47.86,2.52,216.5,12.32,0
2026-07-16 22:41:23,MC_01,59.44,39.12,2.81,223.79,11.2,0
2026-07-16 22:41:23,MC_02,57.12,33.94,3.18,228.22,11.63,0
2026-07-16 22:41:23,MC_03,62.88,41.25,4.04,225.6,11.81,0
2026-07-16 22:41:23,MC_04,55.22,36.97,1.79,216.77,10.38,0
2026-07-16 22:41:23,MC_05,68.44,43.53,2.5,227.4,12.12,0
2026-07-16 22:46:23,MC_01,55.69,35.85,2.4,215.62,9.93,0
2026-07-16 22:46:23,MC_02,53.01,42.25,2.17,217.56,11.11,0
2026-07-16 22:46:23,MC_03,55.68,40.19,2.08,221.35,11.92,0
2026-07-16 22:46:23,MC_04,57.12,43.02,2.75,215.11,12.15,0
2026-07-16 22:46:23,MC_05,63.76,37.35,2.79,216.18,9.29,0
2026-07-16 22:51:23,MC_01,61.3,36.38,2.82,211.69,11.9,0
2026-07-16 22:51:23,MC_02,53.94,36.56,2.31,225.03,11.13,0
2026-07-16 22:51:23,MC_03,62.65,45.77,1.26,216.02,12.87,0
2026-07-16 22:51:23,MC_04,58.98,41.48,2.2,220.43,11.77,0
2026-07-16 22:51:23,MC_05,61.69,38.35,2.26,217.84,12.59,0
2026-07-16 22:56:23,MC_01,57.9,43.48,2.34,226.01,11.39,0
2026-07-16 22:56:23,MC_02,50.65,38.59,2.51,228.38,12.49,0
2026-07-16 22:56:23,MC_03,58.9,40.94,2.89,212.61,13.72,0
2026-07-16 22:56:23,MC_04,63.16,49.08,2.59,221.24,11.31,0
2026-07-16 22:56:23,MC_05,55.75,40.29,2.26,222.39,12.5,0
2026-07-16 23:01:23,MC_01,58.65,36.08,2.28,221.89,13.14,0
2026-07-16 23:01:23,MC_02,55.39,41.65,3.44,216.13,10.13,0
2026-07-16 23:01:23,MC_03,51.11,45.98,2.83,219.72,12.42,0
2026-07-16 23:01:23,MC_04,54.37,40.44,2.86,222.41,12.34,0
2026-07-16 23:01:23,MC_05,69.41,45.38,3.3,217.44,10.52,0
2026-07-16 23:06:23,MC_01,59.37,40.22,3.05,211.54,14.29,0
2026-07-16 23:06:23,MC_02,54.94,33.38,2.91,220.37,10.07,0
2026-07-16 23:06:23,MC_03,53.52,38.96,1.75,218.77,11.59,0
2026-07-16 23:06:23,MC_04,58.85,42.78,3.42,225.63,11.6,0
2026-07-16 23:06:23,MC_05,54.47,50.29,2.53,220.07,11.96,0
2026-07-16 23:11:23,MC_01,57.13,37.81,2.48,217.28,10.93,0
2026-07-16 23:11:23,MC_02,60.53,29.4,3.05,226.23,8.89,0
2026-07-16 23:11:23,MC_03,52.96,36.89,1.94,228.76,13.4,0
2026-07-16 23:11:23,MC_04,66.36,42.89,1.94,217.38,12.73,0
2026-07-16 23:11:23,MC_05,58.8,38.5,2.86,222.22,11.46,0
2026-07-16 23:16:23,MC_01,65.8,42.37,2.35,221.63,10.12,0
2026-07-16 23:16:23,MC_02,57.39,44.2,2.15,212.96,9.67,0
2026-07-16 23:16:23,MC_03,63.03,31.67,3.35,221.06,11.85,0
2026-07-16 23:16:23,MC_04,59.81,44.41,2.56,220.75,11.45,0
2026-07-16 23:16:23,MC_05,59.72,34.61,2.87,220.85,11.72,0
2026-07-16 23:21:23,MC_01,57.3,36.89,2.6,215.11,12.61,0
2026-07-16 23:21:23,MC_02,51.49,41.02,2.99,228.33,13.52,0
2026-07-16 23:21:23,MC_03,50.8,34.88,2.19,220.13,12.78,0
2026-07-16 23:21:23,MC_04,56.37,37.55,1.8,215.38,9.97,0
2026-07-16 23:21:23,MC_05,55.25,50.53,2.75,220.92,10.71,0
2026-07-16 23:26:23,MC_01,63.5,37.7,2.56,232.8,11.86,0
2026-07-16 23:26:23,MC_02,59.83,47.08,2.19,229.06,13.06,0
2026-07-16 23:26:23,MC_03,57.19,42.49,1.71,216.36,11.63,0
2026-07-16 23:26:23,MC_04,59.63,42.48,2.59,213.32,12.57,0
2026-07-16 23:26:23,MC_05,63.05,43.34,2.73,219.65,9.51,0
2026-07-16 23:31:23,MC_01,62.15,40.83,2.64,213.62,10.38,0
2026-07-16 23:31:23,MC_02,65.27,39.84,2.84,220.14,12.04,0
2026-07-16 23:31:23,MC_03,60.48,38.15,2.28,218.45,12.33,0
2026-07-16 23:31:23,MC_04,57.61,39.25,2.28,227.23,12.29,0
2026-07-16 23:31:23,MC_05,61.34,43.56,2.54,225.33,11.22,0
2026-07-16 23:36:23,MC_01,67.05,38.22,3.23,227.9,11.22,0
2026-07-16 23:36:23,MC_02,53.28,36.33,2.0,216.16,11.95,0
2026-07-16 23:36:23,MC_03,61.17,43.94,2.39,219.75,13.01,0
2026-07-16 23:36:23,MC_04,60.83,41.97,2.64,232.28,11.04,0
2026-07-16 23:36:23,MC_05,57.35,37.45,3.09,227.1,11.14,0
2026-07-16 23:41:23,MC_01,57.24,42.53,2.6,212.42,14.32,0
2026-07-16 23:41:23,MC_02,68.98,37.55,2.31,221.43,12.5,0
2026-07-16 23:41:23,MC_03,59.12,36.81,1.81,216.35,11.95,0
2026-07-16 23:41:23,MC_04,68.97,37.93,2.61,219.92,13.78,0
2026-07-16 23:41:23,MC_05,57.55,44.18,2.84,229.23,12.88,0
2026-07-16 23:46:23,MC_01,58.2,43.28,2.75,225.33,13.75,0
2026-07-16 23:46:23,MC_02,59.16,40.59,3.1,215.92,12.55,0
2026-07-16 23:46:23,MC_03,58.03,40.76,2.52,213.2,13.12,0
2026-07-16 23:46:23,MC_04,58.46,40.88,2.62,227.89,11.86,0
2026-07-16 23:46:23,MC_05,61.4,38.21,2.6,225.37,10.46,0
2026-07-16 23:51:23,MC_01,65.98,33.91,2.22,221.89,14.35,0
2026-07-16 23:51:23,MC_02,59.67,34.21,1.4,222.2,11.25,0
2026-07-16 23:51:23,MC_03,61.22,37.74,1.86,224.36,12.98,0
2026-07-16 23:51:23,MC_04,59.5,33.9,2.15,219.77,12.37,0
2026-07-16 23:51:23,MC_05,53.74,45.78,2.46,225.59,12.51,0
2026-07-16 23:56:23,MC_01,62.28,42.57,3.16,220.98,13.06,0
2026-07-16 23:56:23,MC_02,56.62,47.2,2.48,212.85,12.19,0
2026-07-16 23:56:23,MC_03,56.59,38.22,1.56,217.74,8.36,0
2026-07-16 23:56:23,MC_04,63.93,41.7,2.02,219.76,11.99,0
2026-07-16 23:56:23,MC_05,54.21,39.12,2.51,221.04,8.94,0
2026-07-17 00:01:23,MC_01,54.99,38.88,3.4,223.2,11.14,0
2026-07-17 00:01:23,MC_02,62.86,45.6,2.96,220.3,11.03,0
2026-07-17 00:01:23,MC_03,64.48,42.54,3.02,217.32,13.98,0
2026-07-17 00:01:23,MC_04,60.99,46.94,2.6,216.74,11.27,0
2026-07-17 00:01:23,MC_05,62.61,37.71,2.49,230.71,14.59,0
2026-07-17 00:06:23,MC_01,62.18,40.15,2.56,223.07,10.47,0
2026-07-17 00:06:23,MC_02,58.71,33.33,2.7,223.24,11.28,0
2026-07-17 00:06:23,MC_03,67.87,40.9,3.02,228.42,11.31,0
2026-07-17 00:06:23,MC_04,59.14,43.53,2.83,212.12,14.21,0
2026-07-17 00:06:23,MC_05,66.9,41.98,2.63,217.25,10.99,0
2026-07-17 00:11:23,MC_01,59.87,44.69,2.77,218.15,13.16,0
2026-07-17 00:11:23,MC_02,45.76,38.55,1.94,213.53,13.74,0
2026-07-17 00:11:23,MC_03,59.77,41.91,2.54,213.59,13.49,0
2026-07-17 00:11:23,MC_04,57.53,46.0,2.93,218.26,11.48,0
2026-07-17 00:11:23,MC_05,58.39,48.31,2.69,222.15,13.55,0
2026-07-17 00:16:23,MC_01,61.19,39.71,2.48,223.64,12.08,0
2026-07-17 00:16:23,MC_02,63.66,39.68,2.54,210.01,13.37,0
2026-07-17 00:16:23,MC_03,61.73,48.35,2.43,225.54,10.44,0
2026-07-17 00:16:23,MC_04,56.88,47.66,2.4,221.09,13.31,0
2026-07-17 00:16:23,MC_05,62.48,49.61,2.47,221.01,13.58,0
2026-07-17 00:21:23,MC_01,65.53,44.75,2.82,214.28,14.45,0
2026-07-17 00:21:23,MC_02,54.27,39.74,2.66,221.61,12.63,0
2026-07-17 00:21:23,MC_03,58.78,43.86,3.09,213.86,12.9,0
2026-07-17 00:21:23,MC_04,63.51,39.4,2.56,219.13,12.02,0
2026-07-17 00:21:23,MC_05,67.97,36.61,2.0,209.23,11.04,0
2026-07-17 00:26:23,MC_01,53.38,46.57,3.0,216.56,15.38,0
2026-07-17 00:26:23,MC_02,47.5,49.16,1.81,211.77,13.53,0
2026-07-17 00:26:23,MC_03,72.2,42.38,2.93,223.79,12.42,0
2026-07-17 00:26:23,MC_04,56.23,38.88,1.65,219.51,10.52,0
2026-07-17 00:26:23,MC_05,54.48,43.67,1.71,215.05,13.41,0
2026-07-17 00:31:23,MC_01,62.75,36.13,2.55,213.33,11.1,0
2026-07-17 00:31:23,MC_02,61.6,39.92,2.78,221.12,14.05,0
2026-07-17 00:31:23,MC_03,60.61,42.17,2.52,220.2,10.95,0
2026-07-17 00:31:23,MC_04,56.69,35.02,2.15,216.41,13.34,0
2026-07-17 00:31:23,MC_05,56.63,41.12,2.08,230.73,10.22,0
2026-07-17 00:36:23,MC_01,61.55,39.26,2.44,220.22,11.78,0
2026-07-17 00:36:23,MC_02,57.21,34.52,2.46,232.9,10.79,0
2026-07-17 00:36:23,MC_03,68.2,42.28,3.31,218.1,11.69,0
2026-07-17 00:36:23,MC_04,57.09,35.94,2.18,213.88,12.05,0
2026-07-17 00:36:23,MC_05,56.15,40.94,1.72,221.65,13.25,0
2026-07-17 00:41:23,MC_01,66.14,35.16,3.34,222.1,10.94,0
2026-07-17 00:41:23,MC_02,59.72,42.16,2.04,220.85,9.88,0
2026-07-17 00:41:23,MC_03,56.32,44.94,3.05,223.05,10.36,0
2026-07-17 00:41:23,MC_04,58.42,44.85,2.57,231.6,12.59,0
2026-07-17 00:41:23,MC_05,60.67,39.39,2.85,224.78,10.82,0
2026-07-17 00:46:23,MC_01,53.34,32.66,2.75,214.48,8.77,0
2026-07-17 00:46:23,MC_02,59.97,43.35,2.54,219.51,13.38,0
2026-07-17 00:46:23,MC_03,58.55,37.33,3.0,219.13,10.87,0
2026-07-17 00:46:23,MC_04,60.14,39.96,3.04,222.37,11.96,0
2026-07-17 00:46:23,MC_05,64.09,40.04,1.84,214.67,11.54,0
2026-07-17 00:51:23,MC_01,60.28,42.12,2.46,222.43,12.1,0
2026-07-17 00:51:23,MC_02,50.12,35.16,2.8,227.65,13.83,0
2026-07-17 00:51:23,MC_03,58.93,45.96,2.57,218.31,11.08,0
2026-07-17 00:51:23,MC_04,58.49,40.64,2.5,222.18,13.79,0
2026-07-17 00:51:23,MC_05,47.23,43.74,1.82,218.88,10.24,0
2026-07-17 00:56:23,MC_01,50.99,37.69,1.2,217.27,12.59,0
2026-07-17 00:56:23,MC_02,59.92,42.32,2.56,215.13,13.79,0
2026-07-17 00:56:23,MC_03,59.21,38.23,2.06,219.14,14.57,0
2026-07-17 00:56:23,MC_04,67.36,39.16,2.17,225.2,11.09,0
2026-07-17 00:56:23,MC_05,69.13,48.63,2.2,223.71,12.45,0
2026-07-17 01:01:23,MC_01,60.16,36.99,2.73,216.61,15.02,0
2026-07-17 01:01:23,MC_02,60.68,38.54,2.59,213.26,10.54,0
2026-07-17 01:01:23,MC_03,54.77,42.15,3.09,223.59,13.49,0
2026-07-17 01:01:23,MC_04,56.22,38.71,2.37,226.64,12.83,0
2026-07-17 01:01:23,MC_05,56.78,43.71,2.53,221.34,14.29,0
2026-07-17 01:06:23,MC_01,62.54,38.54,2.08,214.78,9.05,0
2026-07-17 01:06:23,MC_02,58.89,38.89,2.65,224.08,13.29,0
2026-07-17 01:06:23,MC_03,57.08,39.33,2.64,218.76,14.41,0
2026-07-17 01:06:23,MC_04,63.31,44.69,2.59,213.52,12.6,0
2026-07-17 01:06:23,MC_05,56.74,44.95,2.51,221.54,14.55,0
2026-07-17 01:11:23,MC_01,62.83,32.96,2.88,221.91,13.93,0
2026-07-17 01:11:23,MC_02,63.37,39.16,2.07,217.1,12.88,0
2026-07-17 01:11:23,MC_03,54.02,41.78,3.1,216.95,11.8,0
2026-07-17 01:11:23,MC_04,60.07,36.86,2.82,219.4,12.63,0
2026-07-17 01:11:23,MC_05,63.61,38.51,3.36,218.0,12.34,0
2026-07-17 01:16:23,MC_01,64.66,33.9,3.13,217.24,15.84,0
2026-07-17 01:16:23,MC_02,67.71,48.02,3.53,226.04,13.54,0
2026-07-17 01:16:23,MC_03,62.96,36.73,2.5,219.15,11.32,0
2026-07-17 01:16:23,MC_04,60.44,45.91,1.93,219.03,10.92,0
2026-07-17 01:16:23,MC_05,50.67,46.05,2.82,214.88,14.78,0
2026-07-17 01:21:23,MC_01,58.87,36.16,2.31,225.44,14.83,0
2026-07-17 01:21:23,MC_02,67.72,40.56,1.62,221.62,11.78,0
2026-07-17 01:21:23,MC_03,62.57,37.87,1.92,205.64,11.96,0
2026-07-17 01:21:23,MC_04,68.86,37.59,2.73,215.01,12.45,0
2026-07-17 01:21:23,MC_05,59.5,39.19,2.06,215.87,11.66,0
2026-07-17 01:26:23,MC_01,61.84,45.97,2.36,219.89,10.88,0
2026-07-17 01:26:23,MC_02,47.88,43.54,2.87,218.59,12.1,0
2026-07-17 01:26:23,MC_03,62.58,33.75,2.24,223.97,10.12,0
2026-07-17 01:26:23,MC_04,62.33,39.86,1.69,225.82,10.9,0
2026-07-17 01:26:23,MC_05,55.95,35.94,2.53,222.14,13.04,0
2026-07-17 01:31:23,MC_01,55.86,40.34,1.96,205.39,12.65,0
2026-07-17 01:31:23,MC_02,64.52,42.48,3.53,220.1,10.91,0
2026-07-17 01:31:23,MC_03,56.77,36.8,2.26,215.23,12.18,0
2026-07-17 01:31:23,MC_04,68.12,38.83,1.72,224.42,11.88,0
2026-07-17 01:31:23,MC_05,61.49,36.99,2.29,225.74,12.17,0
2026-07-17 01:36:23,MC_01,52.81,47.49,3.04,217.76,13.92,0
2026-07-17 01:36:23,MC_02,62.42,36.61,2.18,225.15,11.5,0
2026-07-17 01:36:23,MC_03,57.98,36.18,2.71,230.31,10.4,0
2026-07-17 01:36:23,MC_04,60.12,45.65,2.46,222.26,10.41,0
2026-07-17 01:36:23,MC_05,62.14,44.75,3.79,222.9,12.49,0
2026-07-17 01:41:23,MC_01,61.69,38.82,2.58,226.59,10.49,0
2026-07-17 01:41:23,MC_02,65.7,31.51,2.2,226.48,11.97,0
2026-07-17 01:41:23,MC_03,64.2,42.19,2.38,218.17,11.41,0
2026-07-17 01:41:23,MC_04,55.39,44.87,3.26,224.99,11.35,0
2026-07-17 01:41:23,MC_05,55.48,41.3,1.91,225.94,11.3,0
2026-07-17 01:46:23,MC_01,61.01,42.35,2.26,224.36,9.98,0
2026-07-17 01:46:23,MC_02,55.0,37.29,2.76,220.9,12.53,0
2026-07-17 01:46:23,MC_03,62.45,41.64,2.38,223.36,14.85,0
2026-07-17 01:46:23,MC_04,65.54,39.52,1.41,224.24,11.2,0
2026-07-17 01:46:23,MC_05,59.55,42.84,2.28,222.57,11.61,0
2026-07-17 01:51:23,MC_01,55.32,44.34,2.23,224.04,12.55,0
2026-07-17 01:51:23,MC_02,69.19,39.92,2.35,224.0,9.58,0
2026-07-17 01:51:23,MC_03,64.75,46.84,2.45,219.16,12.11,0
2026-07-17 01:51:23,MC_04,65.81,36.29,2.62,224.88,12.75,0
2026-07-17 01:51:23,MC_05,46.48,42.71,2.17,210.85,12.77,0
2026-07-17 01:56:23,MC_01,66.87,46.45,3.16,228.2,13.11,0
2026-07-17 01:56:23,MC_02,58.77,36.63,3.59,219.12,12.18,0
2026-07-17 01:56:23,MC_03,62.76,37.51,2.6,216.29,10.02,0
2026-07-17 01:56:23,MC_04,57.85,37.23,1.8,219.58,9.74,0
2026-07-17 01:56:23,MC_05,63.8,38.76,2.12,221.6,14.01,0
2026-07-17 02:01:23,MC_01,59.2,42.69,2.61,216.24,11.52,0
2026-07-17 02:01:23,MC_02,56.02,47.6,2.47,216.46,9.73,0
2026-07-17 02:01:23,MC_03,61.34,42.03,1.71,224.48,11.28,0
2026-07-17 02:01:23,MC_04,60.73,46.45,2.95,218.66,10.66,0
2026-07-17 02:01:23,MC_05,58.94,36.05,2.43,220.38,11.66,0
2026-07-17 02:06:23,MC_01,56.75,35.64,3.21,219.51,12.03,0
2026-07-17 02:06:23,MC_02,91.1,58.44,7.02,221.81,21.06,1
2026-07-17 02:06:23,MC_03,60.54,32.16,2.87,224.28,13.93,0
2026-07-17 02:06:23,MC_04,69.2,37.02,2.03,214.53,11.6,0
2026-07-17 02:06:23,MC_05,67.17,32.72,2.15,210.82,13.76,0
2026-07-17 02:11:23,MC_01,55.07,45.93,2.37,213.93,10.55,0
2026-07-17 02:11:23,MC_02,57.85,34.35,3.11,219.25,10.93,0
2026-07-17 02:11:23,MC_03,51.86,45.09,3.45,217.69,11.93,0
2026-07-17 02:11:23,MC_04,54.27,39.59,2.7,214.51,11.46,0
2026-07-17 02:11:23,MC_05,50.98,38.58,2.45,221.14,12.36,0
2026-07-17 02:16:23,MC_01,64.52,33.84,1.76,222.64,8.94,0
2026-07-17 02:16:23,MC_02,67.86,41.0,2.39,226.14,10.4,0
2026-07-17 02:16:23,MC_03,55.63,34.95,2.07,220.31,12.74,0
2026-07-17 02:16:23,MC_04,59.14,35.57,2.4,231.67,12.44,0
2026-07-17 02:16:23,MC_05,64.5,38.21,1.86,219.85,11.15,0
2026-07-17 02:21:23,MC_01,61.33,47.08,2.32,221.4,11.0,0
2026-07-17 02:21:23,MC_02,64.37,39.5,1.91,219.93,12.59,0
2026-07-17 02:21:23,MC_03,52.76,36.63,2.82,216.37,12.36,0
2026-07-17 02:21:23,MC_04,47.9,44.78,2.33,222.07,14.24,0
2026-07-17 02:21:23,MC_05,65.83,39.18,2.43,225.02,15.5,0
2026-07-17 02:26:23,MC_01,60.96,47.83,2.38,224.76,13.65,0
2026-07-17 02:26:23,MC_02,96.79,58.98,9.31,216.58,17.63,1
2026-07-17 02:26:23,MC_03,64.28,43.2,2.88,225.94,13.06,0
2026-07-17 02:26:23,MC_04,59.87,36.47,2.42,216.28,10.99,0
2026-07-17 02:26:23,MC_05,59.28,32.43,2.61,220.01,10.77,0
2026-07-17 02:31:23,MC_01,51.96,36.95,2.12,215.3,13.24,0
2026-07-17 02:31:23,MC_02,59.03,42.54,1.88,220.3,12.42,0
2026-07-17 02:31:23,MC_03,44.9,40.74,3.4,226.19,12.31,0
2026-07-17 02:31:23,MC_04,57.54,41.91,2.75,225.3,16.14,0
2026-07-17 02:31:23,MC_05,59.87,32.92,2.15,217.95,11.21,0
2026-07-17 02:36:23,MC_01,73.92,40.0,2.5,183.42,29.64,1
2026-07-17 02:36:23,MC_02,58.64,36.89,2.86,217.56,13.54,0
2026-07-17 02:36:23,MC_03,56.68,39.09,2.88,219.67,14.97,0
2026-07-17 02:36:23,MC_04,62.61,36.73,2.6,220.34,10.42,0
2026-07-17 02:36:23,MC_05,65.29,38.25,2.57,222.04,11.81,0
2026-07-17 02:41:23,MC_01,52.79,39.16,1.8,212.92,13.85,0
2026-07-17 02:41:23,MC_02,58.4,38.52,3.55,218.63,12.55,0
2026-07-17 02:41:23,MC_03,56.29,38.33,3.14,224.05,13.61,0
2026-07-17 02:41:23,MC_04,53.16,40.77,2.43,215.61,9.88,0
2026-07-17 02:41:23,MC_05,51.28,40.48,1.74,214.33,11.67,0
2026-07-17 02:46:23,MC_01,46.81,39.69,2.51,222.69,11.94,0
2026-07-17 02:46:23,MC_02,65.27,37.11,2.56,227.74,11.64,0
2026-07-17 02:46:23,MC_03,80.7,43.92,2.13,173.2,28.85,1
2026-07-17 02:46:23,MC_04,60.87,40.98,2.39,227.45,9.6,0
2026-07-17 02:46:23,MC_05,55.86,39.59,1.68,219.12,14.49,0
2026-07-17 02:51:23,MC_01,60.1,40.92,1.87,216.92,11.44,0
2026-07-17 02:51:23,MC_02,58.41,35.55,2.62,222.49,13.71,0
2026-07-17 02:51:23,MC_03,55.95,34.97,2.38,222.33,13.48,0
2026-07-17 02:51:23,MC_04,59.62,36.66,3.54,211.96,12.28,0
2026-07-17 02:51:23,MC_05,59.05,38.57,2.41,226.86,8.68,0
2026-07-17 02:56:23,MC_01,67.67,34.3,2.37,217.85,12.88,0
2026-07-17 02:56:23,MC_02,52.01,41.85,3.51,213.18,12.28,0
2026-07-17 02:56:23,MC_03,56.69,41.7,2.51,216.79,12.73,0
2026-07-17 02:56:23,MC_04,63.6,34.83,2.02,222.36,14.23,0
2026-07-17 02:56:23,MC_05,61.78,35.0,2.8,224.41,11.32,0
2026-07-17 03:01:23,MC_01,57.82,39.74,3.55,218.76,11.46,0
2026-07-17 03:01:23,MC_02,56.76,37.4,3.16,227.1,11.1,0
2026-07-17 03:01:23,MC_03,50.67,44.03,2.16,223.95,9.04,0
2026-07-17 03:01:23,MC_04,64.46,40.06,2.02,217.96,13.03,0
2026-07-17 03:01:23,MC_05,69.88,33.74,3.31,220.52,10.65,0
2026-07-17 03:06:23,MC_01,53.35,39.24,2.96,219.36,14.27,0
2026-07-17 03:06:23,MC_02,53.74,41.45,2.94,217.9,8.09,0
2026-07-17 03:06:23,MC_03,60.99,44.94,1.96,223.4,13.79,0
2026-07-17 03:06:23,MC_04,77.36,52.1,8.1,219.59,27.25,1
2026-07-17 03:06:23,MC_05,88.5,50.44,9.84,214.85,22.51,1
2026-07-17 03:11:23,MC_01,63.33,41.85,1.64,216.61,13.79,0
2026-07-17 03:11:23,MC_02,55.09,43.13,2.37,217.01,14.13,0
2026-07-17 03:11:23,MC_03,60.43,36.77,2.08,222.61,12.63,0
2026-07-17 03:11:23,MC_04,67.01,42.6,1.75,225.26,10.5,0
2026-07-17 03:11:23,MC_05,69.98,52.44,2.8,219.08,12.8,0
2026-07-17 03:16:23,MC_01,64.44,40.92,2.75,223.33,12.63,0
2026-07-17 03:16:23,MC_02,57.21,35.6,2.72,223.89,12.69,0
2026-07-17 03:16:23,MC_03,68.37,35.63,2.31,223.48,13.27,0
2026-07-17 03:16:23,MC_04,52.41,38.57,2.95,222.88,12.75,0
2026-07-17 03:16:23,MC_05,60.25,42.8,2.71,222.46,11.21,0
2026-07-17 03:21:23,MC_01,57.61,36.55,2.85,218.04,13.59,0
2026-07-17 03:21:23,MC_02,63.09,44.85,2.63,218.15,12.22,0
2026-07-17 03:21:23,MC_03,54.85,34.59,1.74,225.56,11.06,0
2026-07-17 03:21:23,MC_04,67.67,37.86,1.65,214.42,13.85,0
2026-07-17 03:21:23,MC_05,60.8,42.01,3.06,227.24,11.46,0
2026-07-17 03:26:23,MC_01,53.37,36.14,2.02,221.72,11.93,0
2026-07-17 03:26:23,MC_02,58.85,36.3,2.95,225.18,9.23,0
2026-07-17 03:26:23,MC_03,55.35,39.67,1.78,215.39,10.49,0
2026-07-17 03:26:23,MC_04,56.39,40.71,2.23,218.64,14.51,0
2026-07-17 03:26:23,MC_05,66.7,43.25,1.93,224.09,14.31,0
2026-07-17 03:31:23,MC_01,65.09,41.09,2.78,221.7,12.59,0
2026-07-17 03:31:23,MC_02,53.37,39.08,2.48,212.34,12.77,0
2026-07-17 03:31:23,MC_03,65.62,38.66,2.78,214.9,11.96,0
2026-07-17 03:31:23,MC_04,75.51,39.47,2.91,176.03,25.72,1
2026-07-17 03:31:23,MC_05,64.04,36.11,2.68,222.84,10.95,0
2026-07-17 03:36:23,MC_01,55.65,46.82,2.35,228.07,13.5,0
2026-07-17 03:36:23,MC_02,62.04,41.81,1.8,221.03,14.13,0
2026-07-17 03:36:23,MC_03,63.41,39.26,2.19,220.77,13.15,0
2026-07-17 03:36:23,MC_04,64.05,38.92,3.05,223.21,15.21,0
2026-07-17 03:36:23,MC_05,56.25,33.54,1.48,222.69,12.28,0
2026-07-17 03:41:23,MC_01,57.6,32.91,2.15,220.02,13.19,0
2026-07-17 03:41:23,MC_02,59.92,47.0,1.99,216.5,11.26,0
2026-07-17 03:41:23,MC_03,62.71,35.84,2.57,220.82,10.96,0
2026-07-17 03:41:23,MC_04,61.65,40.4,1.67,209.28,12.8,0
2026-07-17 03:41:23,MC_05,56.66,44.02,1.93,213.18,13.06,0
2026-07-17 03:46:23,MC_01,60.05,44.26,1.43,213.0,12.02,0
2026-07-17 03:46:23,MC_02,60.87,40.66,2.31,227.95,10.35,0
2026-07-17 03:46:23,MC_03,61.8,35.85,2.87,220.56,14.62,0
2026-07-17 03:46:23,MC_04,58.59,41.7,2.11,218.56,12.16,0
2026-07-17 03:46:23,MC_05,52.36,39.42,2.2,216.32,10.95,0
2026-07-17 03:51:23,MC_01,49.54,45.65,3.17,208.35,13.63,0
2026-07-17 03:51:23,MC_02,65.28,44.06,2.38,222.74,15.33,0
2026-07-17 03:51:23,MC_03,58.32,36.84,2.72,215.97,11.29,0
2026-07-17 03:51:23,MC_04,53.58,29.26,2.63,219.77,10.85,0
2026-07-17 03:51:23,MC_05,54.52,43.35,3.12,220.66,12.54,0
2026-07-17 03:56:23,MC_01,61.69,39.04,3.22,221.67,11.55,0
2026-07-17 03:56:23,MC_02,59.08,37.21,2.36,224.7,12.74,0
2026-07-17 03:56:23,MC_03,60.22,39.22,2.17,218.53,14.02,0
2026-07-17 03:56:23,MC_04,54.61,37.25,1.87,212.65,11.72,0
2026-07-17 03:56:23,MC_05,88.98,63.38,9.96,218.96,20.83,1
2026-07-17 04:01:23,MC_01,62.29,45.82,2.85,223.95,12.13,0
2026-07-17 04:01:23,MC_02,67.05,45.61,2.85,217.78,11.28,0
2026-07-17 04:01:23,MC_03,60.99,41.25,3.35,225.36,12.29,0
2026-07-17 04:01:23,MC_04,64.71,47.24,2.39,215.76,11.02,0
2026-07-17 04:01:23,MC_05,58.15,34.38,2.51,224.51,10.64,0
2026-07-17 04:06:23,MC_01,67.6,37.37,2.93,214.54,13.34,0
2026-07-17 04:06:23,MC_02,54.12,36.42,2.8,215.26,12.69,0
2026-07-17 04:06:23,MC_03,53.16,42.21,2.81,216.52,12.87,0
2026-07-17 04:06:23,MC_04,54.96,32.15,2.67,212.18,12.14,0
2026-07-17 04:06:23,MC_05,58.68,38.68,2.87,221.68,12.47,0
2026-07-17 04:11:23,MC_01,63.78,42.45,1.99,218.78,11.94,0
2026-07-17 04:11:23,MC_02,59.33,44.33,1.84,223.11,13.99,0
2026-07-17 04:11:23,MC_03,61.93,44.36,3.51,225.12,12.37,0
2026-07-17 04:11:23,MC_04,65.23,38.59,3.28,215.91,14.3,0
2026-07-17 04:11:23,MC_05,61.84,31.6,2.81,224.43,11.11,0
2026-07-17 04:16:23,MC_01,60.62,35.76,3.24,229.81,12.01,0
2026-07-17 04:16:23,MC_02,56.29,38.06,3.12,228.43,12.84,0
2026-07-17 04:16:23,MC_03,55.6,38.66,2.67,227.77,13.28,0
2026-07-17 04:16:23,MC_04,60.22,42.23,1.24,218.52,12.36,0
2026-07-17 04:16:23,MC_05,54.24,47.02,3.29,217.67,11.77,0
2026-07-17 04:21:23,MC_01,60.98,36.97,1.93,223.11,12.94,0
2026-07-17 04:21:23,MC_02,55.98,41.01,2.91,219.83,12.68,0
2026-07-17 04:21:23,MC_03,57.42,39.21,2.4,216.27,11.73,0
2026-07-17 04:21:23,MC_04,52.26,38.98,2.38,219.69,12.72,0
2026-07-17 04:21:23,MC_05,53.98,35.83,2.26,218.24,10.85,0
2026-07-17 04:26:23,MC_01,53.52,42.38,2.22,217.94,10.61,0
2026-07-17 04:26:23,MC_02,59.84,36.61,2.79,211.07,11.46,0
2026-07-17 04:26:23,MC_03,61.51,41.4,2.0,219.52,9.34,0
2026-07-17 04:26:23,MC_04,64.58,37.8,2.44,216.82,14.61,0
2026-07-17 04:26:23,MC_05,58.39,41.93,2.68,221.97,9.11,0
2026-07-17 04:31:23,MC_01,58.61,43.38,2.48,212.97,11.92,0
2026-07-17 04:31:23,MC_02,68.52,43.81,2.32,211.48,10.61,0
2026-07-17 04:31:23,MC_03,58.78,38.8,3.45,228.13,15.33,0
2026-07-17 04:31:23,MC_04,59.2,45.91,1.92,221.08,10.35,0
2026-07-17 04:31:23,MC_05,56.96,37.84,2.23,224.17,10.34,0
2026-07-17 04:36:23,MC_01,61.1,37.13,2.38,225.9,12.29,0
2026-07-17 04:36:23,MC_02,87.55,62.14,9.77,218.46,23.24,1
2026-07-17 04:36:23,MC_03,55.57,39.43,1.91,216.43,11.61,0
2026-07-17 04:36:23,MC_04,56.72,37.07,2.47,224.45,14.39,0
2026-07-17 04:36:23,MC_05,58.97,47.76,1.8,225.86,11.45,0
2026-07-17 04:41:23,MC_01,57.0,35.56,3.71,221.11,12.03,0
2026-07-17 04:41:23,MC_02,64.43,40.23,2.24,226.0,11.67,0
2026-07-17 04:41:23,MC_03,52.23,38.79,2.62,215.53,10.78,0
2026-07-17 04:41:23,MC_04,57.27,45.72,2.19,221.63,11.33,0
2026-07-17 04:41:23,MC_05,63.71,40.46,2.18,219.17,14.3,0
2026-07-17 04:46:23,MC_01,60.69,42.02,2.6,223.48,9.81,0
2026-07-17 04:46:23,MC_02,61.66,42.13,2.02,215.1,13.49,0
2026-07-17 04:46:23,MC_03,65.19,35.65,1.86,219.46,10.8,0
2026-07-17 04:46:23,MC_04,57.66,35.38,1.95,221.49,11.92,0
2026-07-17 04:46:23,MC_05,62.42,48.3,2.31,224.12,13.22,0
2026-07-17 04:51:23,MC_01,62.83,42.8,2.82,214.41,9.44,0
2026-07-17 04:51:23,MC_02,52.23,38.92,2.8,214.48,13.39,0
2026-07-17 04:51:23,MC_03,55.82,32.46,2.61,228.56,11.91,0
2026-07-17 04:51:23,MC_04,50.75,35.16,2.38,220.61,10.49,0
2026-07-17 04:51:23,MC_05,64.26,45.01,3.45,224.05,11.67,0
2026-07-17 04:56:23,MC_01,64.3,41.87,2.75,220.89,10.63,0
2026-07-17 04:56:23,MC_02,60.74,37.28,2.71,230.4,9.38,0
2026-07-17 04:56:23,MC_03,62.91,39.74,2.73,217.85,11.78,0
2026-07-17 04:56:23,MC_04,52.4,39.06,1.79,223.27,9.2,0
2026-07-17 04:56:23,MC_05,65.14,31.34,2.34,225.77,11.22,0
2026-07-17 05:01:23,MC_01,59.66,36.59,3.12,219.68,11.17,0
2026-07-17 05:01:23,MC_02,53.49,36.83,1.38,222.05,11.72,0
2026-07-17 05:01:23,MC_03,61.68,47.83,2.49,217.43,10.28,0
2026-07-17 05:01:23,MC_04,58.44,46.89,2.75,219.33,10.94,0
2026-07-17 05:01:23,MC_05,60.9,41.95,2.39,216.85,8.72,0
2026-07-17 05:06:23,MC_01,65.72,33.75,3.19,217.67,11.57,0
2026-07-17 05:06:23,MC_02,65.79,45.15,2.42,216.6,11.43,0
2026-07-17 05:06:23,MC_03,58.25,35.2,2.35,220.77,13.53,0
2026-07-17 05:06:23,MC_04,61.77,38.98,3.19,227.15,14.2,0
2026-07-17 05:06:23,MC_05,57.19,46.51,2.25,218.51,12.41,0
2026-07-17 05:11:23,MC_01,58.84,44.66,2.87,218.93,12.98,0
2026-07-17 05:11:23,MC_02,71.59,42.69,1.62,169.3,31.53,1
2026-07-17 05:11:23,MC_03,55.68,45.12,3.02,222.92,11.81,0
2026-07-17 05:11:23,MC_04,62.9,46.6,3.04,216.35,12.54,0
2026-07-17 05:11:23,MC_05,53.53,42.29,2.73,210.65,10.26,0
2026-07-17 05:16:23,MC_01,58.58,41.56,2.63,219.03,10.87,0
2026-07-17 05:16:23,MC_02,65.24,46.62,2.26,216.94,12.74,0
2026-07-17 05:16:23,MC_03,90.02,42.97,8.04,220.36,22.27,1
2026-07-17 05:16:23,MC_04,61.72,39.7,1.63,221.7,10.47,0
2026-07-17 05:16:23,MC_05,64.67,37.48,2.53,226.05,11.6,0
2026-07-17 05:21:23,MC_01,63.18,37.81,1.51,216.95,13.02,0
2026-07-17 05:21:23,MC_02,56.12,32.27,2.16,223.37,8.44,0
2026-07-17 05:21:23,MC_03,63.04,42.86,2.41,219.15,10.79,0
2026-07-17 05:21:23,MC_04,53.27,46.27,2.07,222.63,10.29,0
2026-07-17 05:21:23,MC_05,58.44,42.44,2.27,212.86,13.14,0
2026-07-17 05:26:23,MC_01,54.27,38.5,3.09,222.41,10.96,0
2026-07-17 05:26:23,MC_02,58.12,39.17,2.8,225.58,13.58,0
2026-07-17 05:26:23,MC_03,61.12,34.74,3.38,210.82,10.82,0
2026-07-17 05:26:23,MC_04,64.64,42.17,3.23,221.48,13.0,0
2026-07-17 05:26:23,MC_05,56.38,38.19,2.95,224.51,14.53,0
2026-07-17 05:31:23,MC_01,51.4,47.31,2.96,216.17,13.09,0
2026-07-17 05:31:23,MC_02,54.81,36.77,2.85,225.36,12.49,0
2026-07-17 05:31:23,MC_03,58.57,31.54,2.4,222.67,11.52,0
2026-07-17 05:31:23,MC_04,59.89,40.3,2.36,227.22,8.69,0
2026-07-17 05:31:23,MC_05,61.1,40.31,3.31,229.76,10.84,0
2026-07-17 05:36:23,MC_01,60.0,42.51,2.38,214.66,11.58,0
2026-07-17 05:36:23,MC_02,69.51,40.98,2.56,220.76,13.77,0
2026-07-17 05:36:23,MC_03,96.74,62.59,6.89,226.06,25.17,1
2026-07-17 05:36:23,MC_04,55.61,38.49,2.62,223.23,11.68,0
2026-07-17 05:36:23,MC_05,55.64,36.33,3.18,225.85,12.2,0
2026-07-17 05:41:23,MC_01,55.69,40.12,1.42,224.38,9.66,0
2026-07-17 05:41:23,MC_02,67.52,37.49,2.36,227.09,8.27,0
2026-07-17 05:41:23,MC_03,66.38,41.35,1.9,214.62,14.51,0
2026-07-17 05:41:23,MC_04,55.27,41.35,2.03,221.08,10.46,0
2026-07-17 05:41:23,MC_05,62.66,41.45,3.38,220.0,10.23,0
2026-07-17 05:46:23,MC_01,62.25,48.34,1.99,218.19,12.62,0
2026-07-17 05:46:23,MC_02,59.73,36.07,3.06,231.6,12.29,0
2026-07-17 05:46:23,MC_03,55.48,44.42,2.74,219.99,11.12,0
2026-07-17 05:46:23,MC_04,64.57,33.82,3.29,222.87,14.1,0
2026-07-17 05:46:23,MC_05,53.29,42.01,3.4,223.53,11.64,0
2026-07-17 05:51:23,MC_01,54.87,44.92,2.02,228.14,11.57,0
2026-07-17 05:51:23,MC_02,67.95,37.92,2.33,222.14,12.12,0
2026-07-17 05:51:23,MC_03,60.39,31.49,2.73,215.1,10.27,0
2026-07-17 05:51:23,MC_04,51.56,32.82,1.82,216.45,14.93,0
2026-07-17 05:51:23,MC_05,62.0,40.52,2.46,214.02,14.18,0
2026-07-17 05:56:23,MC_01,69.04,38.88,2.02,222.53,10.91,0
2026-07-17 05:56:23,MC_02,70.83,44.76,2.61,225.13,13.66,0
2026-07-17 05:56:23,MC_03,57.18,43.45,2.57,212.12,10.8,0
2026-07-17 05:56:23,MC_04,69.86,34.46,2.75,227.45,15.41,0
2026-07-17 05:56:23,MC_05,57.98,40.78,2.45,222.18,8.2,0
2026-07-17 06:01:23,MC_01,58.89,48.19,2.16,217.98,14.99,0
2026-07-17 06:01:23,MC_02,55.84,43.36,2.6,213.54,11.2,0
2026-07-17 06:01:23,MC_03,62.13,41.67,1.61,225.32,12.38,0
2026-07-17 06:01:23,MC_04,66.92,41.87,3.17,222.61,11.85,0
2026-07-17 06:01:23,MC_05,62.87,34.89,1.86,221.46,12.22,0
2026-07-17 06:06:23,MC_01,56.93,42.78,1.93,219.44,10.79,0
2026-07-17 06:06:23,MC_02,57.61,34.98,2.44,217.2,7.61,0
2026-07-17 06:06:23,MC_03,70.26,40.08,1.91,228.48,14.85,0
2026-07-17 06:06:23,MC_04,60.88,34.65,2.29,220.66,11.32,0
2026-07-17 06:06:23,MC_05,58.91,40.21,1.97,216.41,10.07,0
2026-07-17 06:11:23,MC_01,64.89,31.58,3.08,226.93,11.55,0
2026-07-17 06:11:23,MC_02,46.98,35.96,2.24,227.65,13.0,0
2026-07-17 06:11:23,MC_03,58.36,39.15,2.75,217.32,12.77,0
2026-07-17 06:11:23,MC_04,69.68,39.27,2.32,225.9,11.06,0
2026-07-17 06:11:23,MC_05,60.23,40.2,2.25,213.14,12.48,0
2026-07-17 06:16:23,MC_01,59.69,44.88,2.06,228.56,9.38,0
2026-07-17 06:16:23,MC_02,56.02,41.7,3.14,208.92,12.75,0
2026-07-17 06:16:23,MC_03,47.53,36.14,3.31,217.09,10.24,0
2026-07-17 06:16:23,MC_04,50.84,35.79,3.25,229.29,11.84,0
2026-07-17 06:16:23,MC_05,53.8,42.72,2.09,219.75,11.76,0
2026-07-17 06:21:23,MC_01,64.4,35.69,3.19,221.57,13.03,0
2026-07-17 06:21:23,MC_02,84.68,37.87,1.72,181.81,28.62,1
2026-07-17 06:21:23,MC_03,60.32,38.56,2.05,219.69,13.28,0
2026-07-17 06:21:23,MC_04,70.6,39.85,2.52,224.68,12.28,0
2026-07-17 06:21:23,MC_05,67.79,38.25,2.57,224.13,11.14,0
2026-07-17 06:26:23,MC_01,56.05,42.09,1.58,212.22,14.79,0
2026-07-17 06:26:23,MC_02,52.55,40.38,2.14,212.18,14.01,0
2026-07-17 06:26:23,MC_03,65.91,39.57,3.0,229.52,13.13,0
2026-07-17 06:26:23,MC_04,63.25,38.54,2.36,222.25,11.29,0
2026-07-17 06:26:23,MC_05,58.17,35.47,2.88,223.96,13.18,0
2026-07-17 06:31:23,MC_01,62.8,40.75,3.0,216.5,13.14,0
2026-07-17 06:31:23,MC_02,65.27,41.53,2.09,222.66,14.43,0
2026-07-17 06:31:23,MC_03,56.56,32.88,3.15,223.82,11.25,0
2026-07-17 06:31:23,MC_04,52.91,40.44,2.54,226.71,10.96,0
2026-07-17 06:31:23,MC_05,52.46,35.37,2.49,216.36,11.56,0
2026-07-17 06:36:23,MC_01,57.73,38.49,2.86,217.18,12.63,0
2026-07-17 06:36:23,MC_02,54.33,44.92,3.61,220.04,10.43,0
2026-07-17 06:36:23,MC_03,60.15,39.48,2.67,226.02,13.16,0
2026-07-17 06:36:23,MC_04,64.08,38.29,2.7,216.39,13.27,0
2026-07-17 06:36:23,MC_05,65.76,39.19,3.4,218.25,13.57,0
2026-07-17 06:41:23,MC_01,53.28,40.85,2.55,229.03,10.71,0
2026-07-17 06:41:23,MC_02,71.47,37.63,2.66,222.37,13.41,0
2026-07-17 06:41:23,MC_03,61.81,42.43,2.39,215.36,12.11,0
2026-07-17 06:41:23,MC_04,89.1,59.52,10.03,214.89,20.12,1
2026-07-17 06:41:23,MC_05,61.41,31.47,3.01,219.21,16.86,0
2026-07-17 06:46:23,MC_01,71.54,39.27,2.45,224.98,14.55,0
2026-07-17 06:46:23,MC_02,56.89,42.33,2.75,225.35,10.2,0
2026-07-17 06:46:23,MC_03,48.42,31.93,2.57,223.97,11.82,0
2026-07-17 06:46:23,MC_04,58.15,34.61,2.14,222.61,12.48,0
2026-07-17 06:46:23,MC_05,60.84,31.29,2.59,227.14,9.79,0
2026-07-17 06:51:23,MC_01,66.26,38.21,2.15,210.16,12.16,0
2026-07-17 06:51:23,MC_02,70.21,41.11,2.49,221.61,11.98,0
2026-07-17 06:51:23,MC_03,61.13,40.07,2.01,226.52,13.0,0
2026-07-17 06:51:23,MC_04,57.24,36.87,2.12,211.14,12.71,0
2026-07-17 06:51:23,MC_05,49.62,39.66,2.42,218.37,10.44,0
2026-07-17 06:56:23,MC_01,54.14,41.27,2.06,220.91,13.95,0
2026-07-17 06:56:23,MC_02,62.93,38.35,2.63,218.8,12.01,0
2026-07-17 06:56:23,MC_03,58.37,39.34,2.61,215.03,10.48,0
2026-07-17 06:56:23,MC_04,53.91,40.64,2.05,222.57,12.05,0
2026-07-17 06:56:23,MC_05,50.16,36.02,2.71,215.72,12.15,0
2026-07-17 07:01:23,MC_01,58.09,39.51,2.3,214.08,11.4,0
2026-07-17 07:01:23,MC_02,61.35,37.32,3.09,214.12,12.73,0
2026-07-17 07:01:23,MC_03,65.91,41.92,2.4,217.36,13.55,0
2026-07-17 07:01:23,MC_04,52.89,44.95,2.69,215.16,11.53,0
2026-07-17 07:01:23,MC_05,64.89,34.51,3.3,224.14,13.64,0
2026-07-17 07:06:23,MC_01,57.69,37.9,2.75,226.48,10.34,0
2026-07-17 07:06:23,MC_02,58.17,39.39,1.8,222.96,10.91,0
2026-07-17 07:06:23,MC_03,59.02,39.97,2.39,218.14,10.91,0
2026-07-17 07:06:23,MC_04,61.6,46.61,2.57,224.98,9.91,0
2026-07-17 07:06:23,MC_05,60.79,35.61,1.76,216.3,13.79,0
2026-07-17 07:11:23,MC_01,64.75,40.97,1.73,219.02,12.45,0
2026-07-17 07:11:23,MC_02,60.88,39.74,2.77,209.02,11.76,0
2026-07-17 07:11:23,MC_03,63.46,42.33,2.1,210.46,11.41,0
2026-07-17 07:11:23,MC_04,65.01,45.57,2.86,222.15,12.57,0
2026-07-17 07:11:23,MC_05,68.35,36.23,3.31,218.39,13.99,0
2026-07-17 07:16:23,MC_01,52.97,34.34,2.61,225.05,10.73,0
2026-07-17 07:16:23,MC_02,59.56,42.19,2.97,219.7,14.78,0
2026-07-17 07:16:23,MC_03,61.12,38.95,2.33,224.8,12.69,0
2026-07-17 07:16:23,MC_04,63.36,46.11,2.94,223.8,12.09,0
2026-07-17 07:16:23,MC_05,61.94,38.6,2.11,221.9,13.85,0
2026-07-17 07:21:23,MC_01,57.94,43.65,2.77,222.14,11.58,0
2026-07-17 07:21:23,MC_02,53.6,48.74,2.79,217.1,11.08,0
2026-07-17 07:21:23,MC_03,65.58,40.75,2.13,229.45,12.07,0
2026-07-17 07:21:23,MC_04,63.84,37.57,2.68,221.56,9.17,0
2026-07-17 07:21:23,MC_05,58.01,35.59,2.67,220.43,12.53,0
2026-07-17 07:26:23,MC_01,60.96,42.27,1.98,226.81,14.46,0
2026-07-17 07:26:23,MC_02,61.21,31.67,2.78,217.26,14.89,0
2026-07-17 07:26:23,MC_03,56.13,32.1,2.88,209.67,12.04,0
2026-07-17 07:26:23,MC_04,49.61,38.72,3.32,221.8,10.7,0
2026-07-17 07:26:23,MC_05,59.84,34.53,2.8,206.48,11.06,0
2026-07-17 07:31:23,MC_01,57.56,42.53,2.51,212.97,10.52,0
2026-07-17 07:31:23,MC_02,60.99,39.68,2.21,217.6,13.04,0
2026-07-17 07:31:23,MC_03,70.85,34.31,1.57,223.92,10.98,0
2026-07-17 07:31:23,MC_04,58.41,46.39,2.9,224.31,9.88,0
2026-07-17 07:31:23,MC_05,55.95,43.83,2.76,218.89,11.97,0
2026-07-17 07:36:23,MC_01,56.56,33.54,2.65,224.66,11.38,0
2026-07-17 07:36:23,MC_02,59.48,41.57,2.13,220.91,12.69,0
2026-07-17 07:36:23,MC_03,60.97,45.85,2.72,224.81,11.64,0
2026-07-17 07:36:23,MC_04,55.25,41.27,2.0,216.84,12.28,0
2026-07-17 07:36:23,MC_05,61.49,42.29,2.15,212.31,11.78,0
2026-07-17 07:41:23,MC_01,58.18,31.97,2.31,218.47,12.95,0
2026-07-17 07:41:23,MC_02,56.51,45.24,2.39,224.3,12.12,0
2026-07-17 07:41:23,MC_03,54.51,45.68,2.44,221.11,13.85,0
2026-07-17 07:41:23,MC_04,54.84,42.38,2.21,219.34,12.11,0
2026-07-17 07:41:23,MC_05,66.76,43.54,2.47,221.22,11.56,0
2026-07-17 07:46:23,MC_01,66.78,44.58,2.11,227.79,9.7,0
2026-07-17 07:46:23,MC_02,58.79,32.44,2.27,214.8,11.09,0
2026-07-17 07:46:23,MC_03,59.31,41.23,1.95,215.6,14.7,0
2026-07-17 07:46:23,MC_04,58.78,40.01,3.04,226.36,11.83,0
2026-07-17 07:46:23,MC_05,58.06,43.57,2.5,223.09,14.46,0
2026-07-17 07:51:23,MC_01,52.41,29.48,2.69,219.53,11.23,0
2026-07-17 07:51:23,MC_02,61.22,40.34,2.13,224.95,11.67,0
2026-07-17 07:51:23,MC_03,56.75,40.34,2.51,222.4,11.6,0
2026-07-17 07:51:23,MC_04,50.82,38.81,2.38,224.93,10.93,0
2026-07-17 07:51:23,MC_05,57.58,36.14,2.41,222.46,11.99,0
2026-07-17 07:56:23,MC_01,61.53,47.25,2.33,221.39,11.24,0
2026-07-17 07:56:23,MC_02,57.61,41.44,3.67,216.42,11.38,0
2026-07-17 07:56:23,MC_03,59.68,41.58,2.63,226.42,8.36,0
2026-07-17 07:56:23,MC_04,65.49,33.74,1.0,222.86,12.37,0
2026-07-17 07:56:23,MC_05,54.55,40.44,2.19,222.47,7.72,0
2026-07-17 08:01:23,MC_01,82.58,58.24,8.42,210.7,24.4,1
2026-07-17 08:01:23,MC_02,62.79,47.95,3.64,214.12,11.5,0
2026-07-17 08:01:23,MC_03,72.56,39.84,2.62,212.39,12.23,0
2026-07-17 08:01:23,MC_04,69.66,45.15,2.2,218.02,10.3,0
2026-07-17 08:01:23,MC_05,59.58,46.04,2.68,226.83,13.61,0
2026-07-17 08:06:23,MC_01,57.27,33.13,2.52,205.48,12.89,0
2026-07-17 08:06:23,MC_02,65.29,40.8,3.32,223.11,10.86,0
2026-07-17 08:06:23,MC_03,58.81,38.48,2.77,216.25,10.13,0
2026-07-17 08:06:23,MC_04,50.56,37.61,3.48,221.36,13.41,0
2026-07-17 08:06:23,MC_05,55.5,33.71,1.89,219.51,9.01,0
2026-07-17 08:11:23,MC_01,53.4,31.51,2.64,220.23,13.17,0
2026-07-17 08:11:23,MC_02,54.45,41.05,2.2,220.73,11.01,0
2026-07-17 08:11:23,MC_03,59.3,44.82,2.28,218.29,11.15,0
2026-07-17 08:11:23,MC_04,54.4,38.47,2.16,216.27,10.98,0
2026-07-17 08:11:23,MC_05,57.07,35.04,2.65,219.66,10.29,0
2026-07-17 08:16:23,MC_01,55.54,40.41,2.55,226.97,10.43,0
2026-07-17 08:16:23,MC_02,51.39,36.34,3.02,223.8,13.41,0
2026-07-17 08:16:23,MC_03,57.05,43.73,3.05,225.42,14.41,0
2026-07-17 08:16:23,MC_04,62.11,46.23,2.4,211.16,13.29,0
2026-07-17 08:16:23,MC_05,50.98,41.3,3.64,210.17,11.88,0
2026-07-17 08:21:23,MC_01,54.23,36.62,1.95,219.46,11.1,0
2026-07-17 08:21:23,MC_02,61.59,38.36,2.64,225.18,12.67,0
2026-07-17 08:21:23,MC_03,68.59,30.03,2.55,218.38,11.81,0
2026-07-17 08:21:23,MC_04,55.98,41.61,2.11,217.5,12.66,0
2026-07-17 08:21:23,MC_05,60.39,44.22,2.02,219.6,13.33,0
2026-07-17 08:26:23,MC_01,61.81,38.38,2.19,222.88,11.78,0
2026-07-17 08:26:23,MC_02,56.88,41.35,2.05,224.73,9.9,0
2026-07-17 08:26:23,MC_03,66.11,41.28,2.42,223.82,12.77,0
2026-07-17 08:26:23,MC_04,66.65,45.28,2.68,215.64,11.19,0
2026-07-17 08:26:23,MC_05,59.64,38.51,3.42,219.48,11.05,0
2026-07-17 08:31:23,MC_01,53.05,44.16,2.13,220.22,11.9,0
2026-07-17 08:31:23,MC_02,61.15,44.5,3.13,215.04,13.38,0
2026-07-17 08:31:23,MC_03,58.39,40.44,3.0,221.32,11.81,0
2026-07-17 08:31:23,MC_04,64.84,43.98,2.76,217.67,9.73,0
2026-07-17 08:31:23,MC_05,61.55,33.69,2.39,225.89,12.9,0
2026-07-17 08:36:23,MC_01,49.88,34.91,2.67,217.54,11.27,0
2026-07-17 08:36:23,MC_02,60.48,37.63,2.23,224.96,13.64,0
2026-07-17 08:36:23,MC_03,51.46,42.99,3.2,227.79,12.78,0
2026-07-17 08:36:23,MC_04,55.65,38.63,2.69,215.98,10.28,0
2026-07-17 08:36:23,MC_05,62.33,47.47,3.12,223.54,13.47,0
2026-07-17 08:41:23,MC_01,63.19,41.8,2.95,213.16,12.3,0
2026-07-17 08:41:23,MC_02,59.6,42.08,2.09,217.33,11.02,0
2026-07-17 08:41:23,MC_03,57.7,38.51,2.5,228.11,10.15,0
2026-07-17 08:41:23,MC_04,63.38,45.87,2.77,217.46,9.21,0
2026-07-17 08:41:23,MC_05,54.85,35.83,2.93,210.22,12.47,0
2026-07-17 08:46:23,MC_01,59.06,41.17,2.13,219.75,12.73,0
2026-07-17 08:46:23,MC_02,55.36,37.64,2.21,218.62,14.04,0
2026-07-17 08:46:23,MC_03,58.23,35.43,2.77,226.73,10.11,0
2026-07-17 08:46:23,MC_04,65.17,45.87,2.99,219.45,13.83,0
2026-07-17 08:46:23,MC_05,61.27,44.36,3.1,214.55,13.19,0
2026-07-17 08:51:23,MC_01,60.64,40.35,3.26,213.17,9.42,0
2026-07-17 08:51:23,MC_02,50.33,40.53,2.44,215.57,13.28,0
2026-07-17 08:51:23,MC_03,61.16,42.88,2.02,224.36,14.17,0
2026-07-17 08:51:23,MC_04,52.87,42.8,1.89,228.14,9.59,0
2026-07-17 08:51:23,MC_05,58.78,41.74,2.16,215.78,12.33,0
2026-07-17 08:56:23,MC_01,60.39,38.42,2.66,217.47,10.73,0
2026-07-17 08:56:23,MC_02,57.76,44.66,2.37,216.69,12.04,0
2026-07-17 08:56:23,MC_03,60.52,38.65,2.41,223.63,12.21,0
2026-07-17 08:56:23,MC_04,68.88,38.16,2.12,222.74,14.05,0
2026-07-17 08:56:23,MC_05,53.11,40.57,2.51,226.73,11.84,0
2026-07-17 09:01:23,MC_01,64.63,40.91,3.36,212.61,10.25,0
2026-07-17 09:01:23,MC_02,69.16,37.07,2.17,215.62,13.72,0
2026-07-17 09:01:23,MC_03,73.1,44.15,2.22,183.62,27.42,1
2026-07-17 09:01:23,MC_04,71.37,36.45,2.89,221.78,13.89,0
2026-07-17 09:01:23,MC_05,65.48,41.7,1.73,217.3,12.58,0
2026-07-17 09:06:23,MC_01,64.19,42.09,1.89,209.91,7.75,0
2026-07-17 09:06:23,MC_02,58.87,45.56,2.82,228.08,9.91,0
2026-07-17 09:06:23,MC_03,59.83,39.01,2.81,220.23,12.94,0
2026-07-17 09:06:23,MC_04,58.42,36.24,2.62,215.99,14.22,0
2026-07-17 09:06:23,MC_05,58.58,42.87,2.42,216.79,14.5,0
2026-07-17 09:11:23,MC_01,63.26,33.47,2.74,214.72,13.23,0
2026-07-17 09:11:23,MC_02,55.19,43.45,2.63,218.84,11.14,0
2026-07-17 09:11:23,MC_03,67.36,37.2,1.98,223.33,10.81,0
2026-07-17 09:11:23,MC_04,55.25,39.67,2.62,224.76,12.79,0
2026-07-17 09:11:23,MC_05,62.55,45.09,2.56,217.65,10.51,0
2026-07-17 09:16:23,MC_01,52.77,42.31,2.44,227.03,11.27,0
2026-07-17 09:16:23,MC_02,56.96,42.37,2.7,221.78,12.12,0
2026-07-17 09:16:23,MC_03,59.81,49.55,3.09,223.61,12.17,0
2026-07-17 09:16:23,MC_04,60.13,38.79,2.46,204.15,12.32,0
2026-07-17 09:16:23,MC_05,57.56,35.24,2.48,214.77,12.71,0
2026-07-17 09:21:23,MC_01,56.05,40.14,1.82,223.51,12.78,0
2026-07-17 09:21:23,MC_02,62.48,46.42,2.36,220.69,10.37,0
2026-07-17 09:21:23,MC_03,65.52,38.97,2.38,217.97,11.2,0
2026-07-17 09:21:23,MC_04,61.47,37.34,2.86,213.65,13.0,0
2026-07-17 09:21:23,MC_05,55.03,41.0,1.91,218.74,13.54,0
2026-07-17 09:26:23,MC_01,63.98,42.58,2.51,208.4,13.17,0
2026-07-17 09:26:23,MC_02,54.52,27.29,2.64,221.46,9.46,0
2026-07-17 09:26:23,MC_03,55.11,42.92,2.17,209.55,11.74,0
2026-07-17 09:26:23,MC_04,59.43,41.06,2.42,213.68,12.73,0
2026-07-17 09:26:23,MC_05,50.25,42.03,2.47,213.02,10.94,0
2026-07-17 09:31:23,MC_01,56.3,42.61,3.21,217.9,13.13,0
2026-07-17 09:31:23,MC_02,50.43,41.23,2.38,226.6,10.69,0
2026-07-17 09:31:23,MC_03,59.21,39.26,2.08,219.93,11.91,0
2026-07-17 09:31:23,MC_04,61.21,43.69,1.97,224.34,10.22,0
2026-07-17 09:31:23,MC_05,62.94,42.48,1.54,220.46,11.3,0
2026-07-17 09:36:23,MC_01,56.21,36.77,2.54,223.43,11.79,0
2026-07-17 09:36:23,MC_02,49.11,37.88,2.22,222.4,8.06,0
2026-07-17 09:36:23,MC_03,72.75,44.73,3.67,224.35,13.42,0
2026-07-17 09:36:23,MC_04,57.62,36.7,2.16,213.25,11.89,0
2026-07-17 09:36:23,MC_05,51.58,40.59,2.24,235.38,14.04,0
2026-07-17 09:41:23,MC_01,56.96,35.94,1.83,222.16,10.98,0
2026-07-17 09:41:23,MC_02,64.84,43.98,3.19,215.74,12.71,0
2026-07-17 09:41:23,MC_03,56.14,46.44,2.61,223.18,10.77,0
2026-07-17 09:41:23,MC_04,53.9,35.74,2.5,211.56,10.32,0
2026-07-17 09:41:23,MC_05,58.04,35.93,1.99,218.13,12.97,0
2026-07-17 09:46:23,MC_01,64.64,41.07,2.09,217.41,13.99,0
2026-07-17 09:46:23,MC_02,53.64,40.85,3.03,218.12,14.03,0
2026-07-17 09:46:23,MC_03,66.46,46.65,2.65,222.94,14.12,0
2026-07-17 09:46:23,MC_04,57.76,40.95,1.85,219.28,13.64,0
2026-07-17 09:46:23,MC_05,49.04,38.16,2.77,220.02,13.84,0
2026-07-17 09:51:23,MC_01,64.91,34.4,2.79,218.97,12.12,0
2026-07-17 09:51:23,MC_02,56.36,37.04,1.83,218.07,12.65,0
2026-07-17 09:51:23,MC_03,63.95,43.88,2.66,213.05,11.71,0
2026-07-17 09:51:23,MC_04,65.3,38.73,1.99,219.38,12.46,0
2026-07-17 09:51:23,MC_05,56.72,39.06,2.03,225.6,11.56,0
2026-07-17 09:56:23,MC_01,67.26,35.97,1.46,212.64,9.94,0
2026-07-17 09:56:23,MC_02,61.95,31.12,1.9,224.44,12.43,0
2026-07-17 09:56:23,MC_03,59.26,39.12,2.53,220.96,15.59,0
2026-07-17 09:56:23,MC_04,59.43,42.27,2.17,219.76,13.07,0
2026-07-17 09:56:23,MC_05,75.56,38.3,2.27,211.02,11.5,0
2026-07-17 10:01:23,MC_01,93.02,60.49,5.8,219.29,28.61,1
2026-07-17 10:01:23,MC_02,63.67,40.17,2.75,223.33,11.91,0
2026-07-17 10:01:23,MC_03,52.03,39.16,1.26,211.62,9.26,0
2026-07-17 10:01:23,MC_04,65.24,41.96,2.99,222.54,11.72,0
2026-07-17 10:01:23,MC_05,61.16,43.61,2.27,220.15,11.61,0
2026-07-17 10:06:23,MC_01,51.93,36.5,2.98,215.79,12.2,0
2026-07-17 10:06:23,MC_02,59.93,32.79,2.17,210.47,12.64,0
2026-07-17 10:06:23,MC_03,64.16,38.7,2.87,220.65,9.02,0
2026-07-17 10:06:23,MC_04,64.7,38.44,1.86,217.81,9.15,0
2026-07-17 10:06:23,MC_05,53.75,41.23,2.5,216.54,11.92,0
2026-07-17 10:11:23,MC_01,56.14,43.56,3.29,223.26,14.32,0
2026-07-17 10:11:23,MC_02,60.43,33.07,2.61,220.43,11.36,0
2026-07-17 10:11:23,MC_03,56.32,39.89,3.1,220.91,12.94,0
2026-07-17 10:11:23,MC_04,58.61,38.0,2.45,213.62,10.75,0
2026-07-17 10:11:23,MC_05,64.03,37.6,2.53,216.64,13.06,0
2026-07-17 10:16:23,MC_01,65.95,40.13,2.9,220.38,10.46,0
2026-07-17 10:16:23,MC_02,71.7,38.66,2.82,219.94,10.15,0
2026-07-17 10:16:23,MC_03,50.51,37.06,1.67,218.37,10.59,0
2026-07-17 10:16:23,MC_04,56.75,42.44,2.47,215.85,12.88,0
2026-07-17 10:16:23,MC_05,63.33,38.65,2.57,222.6,12.64,0
2026-07-17 10:21:23,MC_01,62.91,38.2,2.28,217.21,12.95,0
2026-07-17 10:21:23,MC_02,56.89,38.3,3.03,220.96,13.8,0
2026-07-17 10:21:23,MC_03,63.99,35.29,2.45,224.95,10.17,0
2026-07-17 10:21:23,MC_04,62.1,39.84,1.62,220.6,10.74,0
2026-07-17 10:21:23,MC_05,50.35,37.3,3.78,223.25,10.68,0
2026-07-17 10:26:23,MC_01,67.02,36.03,2.22,214.26,12.38,0
2026-07-17 10:26:23,MC_02,49.7,44.36,3.28,210.02,12.69,0
2026-07-17 10:26:23,MC_03,61.13,43.97,2.59,221.27,11.07,0
2026-07-17 10:26:23,MC_04,58.86,45.76,2.05,212.39,12.65,0
2026-07-17 10:26:23,MC_05,63.1,41.06,2.42,225.0,15.66,0
2026-07-17 10:31:23,MC_01,60.53,45.55,2.86,220.31,13.14,0
2026-07-17 10:31:23,MC_02,58.03,36.62,2.82,220.15,8.51,0
2026-07-17 10:31:23,MC_03,57.97,29.81,3.16,220.85,12.67,0
2026-07-17 10:31:23,MC_04,57.63,37.06,3.33,221.99,10.7,0
2026-07-17 10:31:23,MC_05,63.38,38.92,2.1,220.84,14.37,0
2026-07-17 10:36:23,MC_01,58.45,38.8,2.76,224.39,11.7,0
2026-07-17 10:36:23,MC_02,58.0,43.26,2.23,216.62,9.71,0
2026-07-17 10:36:23,MC_03,57.48,42.45,1.64,210.13,10.88,0
2026-07-17 10:36:23,MC_04,56.17,44.68,2.17,222.31,11.46,0
2026-07-17 10:36:23,MC_05,55.66,41.44,2.98,221.8,9.58,0
2026-07-17 10:41:23,MC_01,62.57,38.49,3.06,214.53,12.91,0
2026-07-17 10:41:23,MC_02,49.6,42.71,1.96,221.38,14.04,0
2026-07-17 10:41:23,MC_03,65.6,37.9,2.8,211.38,10.97,0
2026-07-17 10:41:23,MC_04,66.96,48.05,2.78,223.82,10.53,0
2026-07-17 10:41:23,MC_05,55.89,39.32,1.75,218.27,13.46,0
2026-07-17 10:46:23,MC_01,56.27,47.63,1.78,218.7,11.02,0
2026-07-17 10:46:23,MC_02,82.67,58.05,9.73,217.74,19.11,1
2026-07-17 10:46:23,MC_03,60.47,44.34,2.61,220.99,11.99,0
2026-07-17 10:46:23,MC_04,62.38,33.01,2.23,218.73,12.38,0
2026-07-17 10:46:23,MC_05,65.97,36.91,2.25,217.44,10.8,0
2026-07-17 10:51:23,MC_01,58.26,43.08,1.97,222.14,9.45,0
2026-07-17 10:51:23,MC_02,57.19,38.9,1.4,210.01,12.05,0
2026-07-17 10:51:23,MC_03,60.84,44.65,2.23,224.47,9.55,0
2026-07-17 10:51:23,MC_04,55.48,39.81,2.56,220.31,10.61,0
2026-07-17 10:51:23,MC_05,59.05,34.01,3.18,218.48,11.27,0
2026-07-17 10:56:23,MC_01,67.94,35.62,2.47,222.16,13.11,0
2026-07-17 10:56:23,MC_02,63.04,37.77,2.21,216.9,10.64,0
2026-07-17 10:56:23,MC_03,68.42,43.37,2.51,226.76,9.73,0
2026-07-17 10:56:23,MC_04,78.25,45.42,8.48,220.81,26.25,1
2026-07-17 10:56:23,MC_05,60.75,37.48,2.6,220.31,10.78,0
2026-07-17 11:01:23,MC_01,61.53,34.98,2.5,222.96,12.31,0
2026-07-17 11:01:23,MC_02,56.38,34.66,2.36,222.93,10.99,0
2026-07-17 11:01:23,MC_03,56.83,35.82,2.84,219.73,10.53,0
2026-07-17 11:01:23,MC_04,58.02,39.32,1.3,212.72,11.37,0
2026-07-17 11:01:23,MC_05,53.43,43.17,2.71,221.8,8.09,0
2026-07-17 11:06:23,MC_01,57.37,37.21,2.02,217.92,10.31,0
2026-07-17 11:06:23,MC_02,63.4,39.45,3.5,225.7,11.85,0
2026-07-17 11:06:23,MC_03,57.59,34.36,3.04,219.23,10.71,0
2026-07-17 11:06:23,MC_04,50.1,38.92,2.49,227.94,13.44,0
2026-07-17 11:06:23,MC_05,57.09,40.34,2.21,217.34,12.58,0
2026-07-17 11:11:23,MC_01,46.9,34.84,2.81,209.35,13.78,0
2026-07-17 11:11:23,MC_02,65.18,42.12,2.44,213.13,13.45,0
2026-07-17 11:11:23,MC_03,67.04,35.17,1.79,219.32,11.06,0
2026-07-17 11:11:23,MC_04,60.72,46.33,2.3,222.56,12.93,0
2026-07-17 11:11:23,MC_05,63.68,40.25,2.65,221.45,11.05,0
2026-07-17 11:16:23,MC_01,51.21,36.85,2.11,229.0,13.29,0
2026-07-17 11:16:23,MC_02,57.9,40.44,2.72,217.91,10.97,0
2026-07-17 11:16:23,MC_03,66.12,37.33,2.11,216.89,13.29,0
2026-07-17 11:16:23,MC_04,58.08,42.17,2.39,216.78,12.5,0
2026-07-17 11:16:23,MC_05,68.09,41.85,3.15,217.11,11.99,0
2026-07-17 11:21:23,MC_01,62.2,36.32,2.82,211.86,10.0,0
2026-07-17 11:21:23,MC_02,70.68,46.79,1.34,225.63,12.97,0
2026-07-17 11:21:23,MC_03,67.26,37.04,3.03,219.82,13.16,0
2026-07-17 11:21:23,MC_04,60.24,40.84,2.37,221.99,11.62,0
2026-07-17 11:21:23,MC_05,70.09,40.92,2.28,221.69,11.36,0
2026-07-17 11:26:23,MC_01,60.46,38.09,1.94,229.88,10.37,0
2026-07-17 11:26:23,MC_02,61.49,34.9,2.92,230.18,10.74,0
2026-07-17 11:26:23,MC_03,66.08,48.75,2.38,212.4,13.42,0
2026-07-17 11:26:23,MC_04,61.12,42.01,2.33,215.58,13.74,0
2026-07-17 11:26:23,MC_05,61.6,34.23,2.84,222.43,11.51,0
2026-07-17 11:31:23,MC_01,59.16,43.07,2.54,213.08,12.28,0
2026-07-17 11:31:23,MC_02,57.93,40.38,1.98,218.85,13.46,0
2026-07-17 11:31:23,MC_03,55.32,35.26,2.46,220.87,14.99,0
2026-07-17 11:31:23,MC_04,57.72,42.45,2.7,227.44,13.67,0
2026-07-17 11:31:23,MC_05,61.76,38.12,2.6,219.44,13.43,0
2026-07-17 11:36:23,MC_01,64.13,45.33,2.79,218.4,12.81,0
2026-07-17 11:36:23,MC_02,50.35,38.41,3.3,222.82,14.66,0
2026-07-17 11:36:23,MC_03,53.89,33.27,2.35,219.47,9.57,0
2026-07-17 11:36:23,MC_04,58.05,40.97,2.62,219.94,10.94,0
2026-07-17 11:36:23,MC_05,63.29,45.54,2.28,216.36,13.09,0
2026-07-17 11:41:23,MC_01,60.19,30.45,3.09,230.35,13.93,0
2026-07-17 11:41:23,MC_02,42.31,35.66,2.56,219.26,12.76,0
2026-07-17 11:41:23,MC_03,57.12,37.05,1.64,213.14,11.68,0
2026-07-17 11:41:23,MC_04,67.12,35.27,2.52,225.9,15.0,0
2026-07-17 11:41:23,MC_05,57.28,38.49,2.81,218.43,11.76,0
2026-07-17 11:46:23,MC_01,59.87,31.92,2.77,231.76,11.17,0
2026-07-17 11:46:23,MC_02,66.4,38.94,1.6,221.34,12.19,0
2026-07-17 11:46:23,MC_03,58.27,41.45,2.66,218.91,12.58,0
2026-07-17 11:46:23,MC_04,88.95,53.16,5.54,218.15,21.71,1
2026-07-17 11:46:23,MC_05,54.83,31.17,2.38,220.68,11.92,0
2026-07-17 11:51:23,MC_01,65.11,39.24,2.21,218.59,12.87,0
2026-07-17 11:51:23,MC_02,67.06,41.35,2.0,220.1,9.8,0
2026-07-17 11:51:23,MC_03,58.08,40.81,2.49,215.12,11.93,0
2026-07-17 11:51:23,MC_04,53.83,39.22,1.98,222.85,11.5,0
2026-07-17 11:51:23,MC_05,57.41,43.41,2.51,222.58,10.53,0
2026-07-17 11:56:23,MC_01,52.98,40.43,2.34,223.13,11.88,0
2026-07-17 11:56:23,MC_02,69.44,39.34,2.85,215.82,12.46,0
2026-07-17 11:56:23,MC_03,53.49,40.12,2.85,213.84,10.97,0
2026-07-17 11:56:23,MC_04,62.29,48.39,2.43,222.96,11.84,0
2026-07-17 11:56:23,MC_05,69.71,33.5,1.25,221.49,12.21,0
2026-07-17 12:01:23,MC_01,75.49,38.97,2.76,216.75,12.44,0
2026-07-17 12:01:23,MC_02,58.81,44.71,2.57,208.48,11.46,0
2026-07-17 12:01:23,MC_03,65.52,45.77,2.61,215.79,8.35,0
2026-07-17 12:01:23,MC_04,63.42,35.0,2.37,220.17,12.4,0
2026-07-17 12:01:23,MC_05,57.02,33.3,2.45,220.17,12.24,0
2026-07-17 12:06:23,MC_01,66.81,35.59,2.91,220.92,11.37,0
2026-07-17 12:06:23,MC_02,53.86,37.63,2.68,214.02,9.76,0
2026-07-17 12:06:23,MC_03,49.38,51.71,2.0,215.39,11.15,0
2026-07-17 12:06:23,MC_04,63.06,36.09,1.81,211.01,8.66,0
2026-07-17 12:06:23,MC_05,57.41,44.97,3.11,218.33,9.31,0
2026-07-17 12:11:23,MC_01,56.71,37.21,2.17,218.07,11.05,0
2026-07-17 12:11:23,MC_02,61.04,45.08,2.01,211.91,12.57,0
2026-07-17 12:11:23,MC_03,47.98,45.57,2.84,212.5,9.78,0
2026-07-17 12:11:23,MC_04,68.36,30.94,2.32,218.86,13.07,0
2026-07-17 12:11:23,MC_05,62.25,44.03,1.71,225.41,12.06,0
2026-07-17 12:16:23,MC_01,65.46,39.39,3.03,215.53,11.42,0
2026-07-17 12:16:23,MC_02,68.36,36.39,2.75,219.57,13.89,0
2026-07-17 12:16:23,MC_03,62.03,43.19,1.56,223.23,10.35,0
2026-07-17 12:16:23,MC_04,63.22,40.33,1.62,215.7,13.01,0
2026-07-17 12:16:23,MC_05,60.83,44.72,2.7,215.17,10.81,0
2026-07-17 12:21:23,MC_01,60.51,30.74,3.34,222.21,13.84,0
2026-07-17 12:21:23,MC_02,52.1,34.72,2.89,220.01,9.68,0
2026-07-17 12:21:23,MC_03,56.99,44.66,1.67,212.53,12.2,0
2026-07-17 12:21:23,MC_04,60.13,37.13,2.9,222.65,13.29,0
2026-07-17 12:21:23,MC_05,57.77,48.22,2.09,230.53,12.05,0
2026-07-17 12:26:23,MC_01,53.12,43.4,3.11,221.69,11.11,0
2026-07-17 12:26:23,MC_02,63.43,31.39,2.72,216.81,14.48,0
2026-07-17 12:26:23,MC_03,63.12,36.01,3.31,229.96,12.59,0
2026-07-17 12:26:23,MC_04,56.01,40.16,2.72,218.03,12.81,0
2026-07-17 12:26:23,MC_05,61.53,36.01,2.76,224.32,12.26,0
2026-07-17 12:31:23,MC_01,62.34,35.32,1.94,216.85,10.59,0
2026-07-17 12:31:23,MC_02,57.26,38.72,1.71,225.7,10.74,0
2026-07-17 12:31:23,MC_03,61.0,44.38,2.74,215.69,15.27,0
2026-07-17 12:31:23,MC_04,60.97,41.0,2.7,232.46,11.59,0
2026-07-17 12:31:23,MC_05,58.41,40.47,3.04,212.47,9.05,0
2026-07-17 12:36:23,MC_01,57.06,42.01,2.05,212.87,12.1,0
2026-07-17 12:36:23,MC_02,64.1,43.27,2.98,226.09,15.3,0
2026-07-17 12:36:23,MC_03,58.22,40.01,3.27,213.27,10.71,0
2026-07-17 12:36:23,MC_04,58.18,43.42,2.67,227.5,12.11,0
2026-07-17 12:36:23,MC_05,65.13,40.2,2.86,218.17,15.58,0
2026-07-17 12:41:23,MC_01,55.82,44.39,2.93,217.51,12.86,0
2026-07-17 12:41:23,MC_02,52.46,46.83,2.11,213.61,10.66,0
2026-07-17 12:41:23,MC_03,53.32,45.35,3.27,221.6,13.83,0
2026-07-17 12:41:23,MC_04,60.67,38.76,1.73,221.32,11.94,0
2026-07-17 12:41:23,MC_05,91.34,56.02,6.43,223.69,24.43,1
2026-07-17 12:46:23,MC_01,60.44,42.5,1.95,220.9,10.9,0
2026-07-17 12:46:23,MC_02,58.28,32.51,1.91,221.77,10.7,0
2026-07-17 12:46:23,MC_03,65.32,36.95,2.69,212.33,11.32,0
2026-07-17 12:46:23,MC_04,62.31,35.07,2.4,216.14,13.43,0
2026-07-17 12:46:23,MC_05,66.36,36.71,2.37,220.16,14.72,0
2026-07-17 12:51:23,MC_01,54.14,35.04,2.51,220.11,7.75,0
2026-07-17 12:51:23,MC_02,65.8,31.44,2.43,226.64,15.31,0
2026-07-17 12:51:23,MC_03,66.45,43.46,2.26,216.92,10.92,0
2026-07-17 12:51:23,MC_04,58.28,38.24,2.82,212.59,11.44,0
2026-07-17 12:51:23,MC_05,50.3,43.56,1.84,211.14,11.45,0
2026-07-17 12:56:23,MC_01,68.56,42.84,1.54,213.28,11.41,0
2026-07-17 12:56:23,MC_02,71.19,36.24,2.03,227.64,12.29,0
2026-07-17 12:56:23,MC_03,65.27,45.26,2.43,225.62,12.58,0
2026-07-17 12:56:23,MC_04,64.91,42.68,2.48,210.54,9.31,0
2026-07-17 12:56:23,MC_05,84.67,58.2,6.66,213.68,23.86,1
2026-07-17 13:01:23,MC_01,71.46,47.47,1.92,227.91,11.4,0
2026-07-17 13:01:23,MC_02,60.65,43.94,2.56,217.62,10.04,0
2026-07-17 13:01:23,MC_03,60.06,35.21,2.37,226.85,13.8,0
2026-07-17 13:01:23,MC_04,59.84,42.08,2.34,212.87,12.59,0
2026-07-17 13:01:23,MC_05,61.46,38.55,2.41,207.56,11.67,0
2026-07-17 13:06:23,MC_01,64.85,36.98,2.68,218.92,10.59,0
2026-07-17 13:06:23,MC_02,56.98,41.99,2.77,223.21,9.46,0
2026-07-17 13:06:23,MC_03,65.03,50.55,2.65,218.07,8.69,0
2026-07-17 13:06:23,MC_04,54.98,38.67,3.21,223.87,11.76,0
2026-07-17 13:06:23,MC_05,61.54,37.6,2.57,220.37,13.45,0
2026-07-17 13:11:23,MC_01,58.19,42.97,2.45,214.59,11.4,0
2026-07-17 13:11:23,MC_02,60.42,43.64,2.41,213.95,12.09,0
2026-07-17 13:11:23,MC_03,64.6,44.08,2.2,216.92,10.44,0
2026-07-17 13:11:23,MC_04,63.49,39.03,3.23,222.53,12.65,0
2026-07-17 13:11:23,MC_05,55.35,35.46,2.33,217.07,11.67,0
2026-07-17 13:16:23,MC_01,52.8,43.84,3.06,210.26,13.47,0
2026-07-17 13:16:23,MC_02,59.66,40.12,2.41,226.06,10.14,0
2026-07-17 13:16:23,MC_03,63.04,49.3,2.24,224.79,11.84,0
2026-07-17 13:16:23,MC_04,58.06,45.22,2.25,212.94,11.22,0
2026-07-17 13:16:23,MC_05,63.1,45.27,1.82,217.78,11.57,0
2026-07-17 13:21:23,MC_01,63.45,38.22,2.57,219.77,10.61,0
2026-07-17 13:21:23,MC_02,59.43,39.43,2.42,220.16,12.11,0
2026-07-17 13:21:23,MC_03,54.15,37.12,3.89,214.81,9.97,0
2026-07-17 13:21:23,MC_04,63.67,31.69,2.38,230.73,9.68,0
2026-07-17 13:21:23,MC_05,64.49,44.5,2.24,223.42,14.09,0
2026-07-17 13:26:23,MC_01,68.94,36.72,2.29,218.71,11.72,0
2026-07-17 13:26:23,MC_02,59.14,44.39,2.68,220.32,13.36,0
2026-07-17 13:26:23,MC_03,60.36,48.23,1.78,217.42,11.81,0
2026-07-17 13:26:23,MC_04,59.88,34.31,2.92,223.77,9.09,0
2026-07-17 13:26:23,MC_05,59.98,33.64,2.17,215.49,13.21,0
2026-07-17 13:31:23,MC_01,64.4,34.26,2.67,215.93,11.45,0
2026-07-17 13:31:23,MC_02,62.52,39.67,2.65,217.81,12.27,0
2026-07-17 13:31:23,MC_03,50.98,41.33,2.68,216.6,10.07,0
2026-07-17 13:31:23,MC_04,67.38,41.97,2.39,214.31,10.77,0
2026-07-17 13:31:23,MC_05,57.25,42.04,2.09,227.5,14.03,0
2026-07-17 13:36:23,MC_01,57.67,37.49,1.19,212.59,9.99,0
2026-07-17 13:36:23,MC_02,53.27,38.88,2.75,222.64,9.15,0
2026-07-17 13:36:23,MC_03,59.36,43.14,2.05,216.17,11.31,0
2026-07-17 13:36:23,MC_04,48.74,41.34,2.36,224.85,10.35,0
2026-07-17 13:36:23,MC_05,56.9,35.27,3.0,216.51,12.19,0
2026-07-17 13:41:23,MC_01,59.16,42.4,1.9,224.05,10.73,0
2026-07-17 13:41:23,MC_02,57.59,40.15,2.34,220.65,8.43,0
2026-07-17 13:41:23,MC_03,65.19,36.36,2.38,221.47,13.04,0
2026-07-17 13:41:23,MC_04,49.86,42.81,3.75,218.86,9.89,0
2026-07-17 13:41:23,MC_05,60.54,36.37,2.98,223.32,10.46,0
2026-07-17 13:46:23,MC_01,61.91,39.73,2.32,226.14,10.18,0
2026-07-17 13:46:23,MC_02,65.33,38.97,3.13,222.46,10.17,0
2026-07-17 13:46:23,MC_03,67.12,36.95,2.35,220.73,10.94,0
2026-07-17 13:46:23,MC_04,46.48,41.36,2.33,219.63,11.45,0
2026-07-17 13:46:23,MC_05,64.04,38.64,2.48,220.1,10.8,0
2026-07-17 13:51:23,MC_01,62.89,41.84,3.27,226.28,10.97,0
2026-07-17 13:51:23,MC_02,64.1,37.93,1.99,221.4,7.99,0
2026-07-17 13:51:23,MC_03,60.41,38.52,1.71,215.91,12.59,0
2026-07-17 13:51:23,MC_04,62.91,41.59,2.13,218.6,9.9,0
2026-07-17 13:51:23,MC_05,59.46,44.45,2.84,227.01,11.55,0
2026-07-17 13:56:23,MC_01,66.73,39.91,2.85,227.38,11.71,0
2026-07-17 13:56:23,MC_02,59.33,34.72,3.57,217.65,12.24,0
2026-07-17 13:56:23,MC_03,65.78,41.01,1.6,218.56,12.37,0
2026-07-17 13:56:23,MC_04,67.97,40.41,3.22,218.7,10.68,0
2026-07-17 13:56:23,MC_05,61.35,45.88,2.19,210.8,13.99,0
2026-07-17 14:01:23,MC_01,51.17,46.96,1.86,220.29,13.37,0
2026-07-17 14:01:23,MC_02,62.11,36.76,2.59,216.06,12.31,0
2026-07-17 14:01:23,MC_03,63.41,43.85,1.89,230.98,13.15,0
2026-07-17 14:01:23,MC_04,59.99,34.25,2.39,208.11,12.29,0
2026-07-17 14:01:23,MC_05,56.73,31.8,2.69,227.28,11.11,0
2026-07-17 14:06:23,MC_01,62.2,38.43,2.12,216.2,11.41,0
2026-07-17 14:06:23,MC_02,58.01,39.83,1.95,228.98,10.72,0
2026-07-17 14:06:23,MC_03,56.65,42.21,2.03,225.53,12.3,0
2026-07-17 14:06:23,MC_04,56.25,41.35,2.23,229.08,10.1,0
2026-07-17 14:06:23,MC_05,67.68,43.33,2.18,224.32,7.94,0
2026-07-17 14:11:23,MC_01,56.4,36.3,1.87,218.93,12.58,0
2026-07-17 14:11:23,MC_02,63.51,41.48,2.56,224.68,13.17,0
2026-07-17 14:11:23,MC_03,56.74,37.8,2.34,221.34,13.07,0
2026-07-17 14:11:23,MC_04,59.74,40.06,2.57,217.42,10.61,0
2026-07-17 14:11:23,MC_05,62.37,37.19,2.38,222.33,12.78,0
2026-07-17 14:16:23,MC_01,54.6,35.48,2.09,225.96,11.78,0
2026-07-17 14:16:23,MC_02,58.75,35.35,2.29,220.16,14.19,0
2026-07-17 14:16:23,MC_03,58.55,45.74,2.64,210.18,12.69,0
2026-07-17 14:16:23,MC_04,65.24,39.68,3.37,224.3,12.85,0
2026-07-17 14:16:23,MC_05,65.43,38.0,3.1,215.96,11.66,0
2026-07-17 14:21:23,MC_01,54.78,47.14,3.34,215.58,12.22,0
2026-07-17 14:21:23,MC_02,56.6,43.25,2.67,234.68,10.46,0
2026-07-17 14:21:23,MC_03,51.45,38.43,1.72,212.54,10.5,0
2026-07-17 14:21:23,MC_04,55.39,36.18,2.76,217.47,11.73,0
2026-07-17 14:21:23,MC_05,58.68,41.46,1.53,208.08,12.52,0
2026-07-17 14:26:23,MC_01,62.46,43.28,2.4,221.49,14.5,0
2026-07-17 14:26:23,MC_02,70.68,41.13,3.33,216.85,11.95,0
2026-07-17 14:26:23,MC_03,60.17,35.61,2.91,224.36,12.49,0
2026-07-17 14:26:23,MC_04,66.01,40.04,2.53,218.67,13.03,0
2026-07-17 14:26:23,MC_05,57.89,35.6,2.84,219.56,11.32,0
2026-07-17 14:31:23,MC_01,59.0,45.6,3.27,227.86,11.58,0
2026-07-17 14:31:23,MC_02,66.15,30.6,3.34,215.68,11.81,0
2026-07-17 14:31:23,MC_03,58.12,34.78,2.72,212.83,10.74,0
2026-07-17 14:31:23,MC_04,49.47,32.14,1.76,219.99,11.18,0
2026-07-17 14:31:23,MC_05,55.66,42.23,2.87,217.01,9.76,0
2026-07-17 14:36:23,MC_01,92.06,60.86,6.42,214.24,20.53,1
2026-07-17 14:36:23,MC_02,51.39,43.19,2.46,219.4,11.55,0
2026-07-17 14:36:23,MC_03,53.49,40.05,2.35,222.22,12.15,0
2026-07-17 14:36:23,MC_04,63.7,40.51,2.24,224.76,10.82,0
2026-07-17 14:36:23,MC_05,55.64,36.95,2.5,224.25,12.93,0
2026-07-17 14:41:23,MC_01,64.75,39.28,2.54,226.05,13.05,0
2026-07-17 14:41:23,MC_02,61.76,36.86,2.86,224.95,11.55,0
2026-07-17 14:41:23,MC_03,56.98,35.22,2.08,217.23,10.71,0
2026-07-17 14:41:23,MC_04,64.23,39.81,2.61,228.46,14.32,0
2026-07-17 14:41:23,MC_05,60.12,37.31,1.9,220.08,12.35,0
2026-07-17 14:46:23,MC_01,55.81,38.35,2.77,214.61,11.04,0
2026-07-17 14:46:23,MC_02,61.38,48.17,2.79,222.98,11.6,0
2026-07-17 14:46:23,MC_03,55.1,41.57,1.67,222.96,11.82,0
2026-07-17 14:46:23,MC_04,63.67,37.1,2.05,217.97,11.35,0
2026-07-17 14:46:23,MC_05,64.03,38.02,0.83,217.95,12.35,0
2026-07-17 14:51:23,MC_01,57.52,46.86,1.98,218.63,10.38,0
2026-07-17 14:51:23,MC_02,60.1,39.46,1.65,218.57,13.73,0
2026-07-17 14:51:23,MC_03,58.75,38.73,3.05,218.43,13.94,0
2026-07-17 14:51:23,MC_04,53.58,44.03,1.57,216.81,11.64,0
2026-07-17 14:51:23,MC_05,65.05,34.67,1.99,211.97,10.76,0
2026-07-17 14:56:23,MC_01,53.74,42.76,2.51,220.02,11.11,0
2026-07-17 14:56:23,MC_02,60.48,37.63,2.29,222.94,12.35,0
2026-07-17 14:56:23,MC_03,60.62,38.08,2.48,219.06,14.93,0
2026-07-17 14:56:23,MC_04,60.59,37.23,2.56,231.86,12.45,0
2026-07-17 14:56:23,MC_05,61.32,37.13,3.35,229.7,13.28,0
2026-07-17 15:01:23,MC_01,61.96,36.66,1.94,212.56,12.62,0
2026-07-17 15:01:23,MC_02,53.11,43.98,2.21,225.57,13.41,0
2026-07-17 15:01:23,MC_03,58.58,38.0,2.36,219.98,11.38,0
2026-07-17 15:01:23,MC_04,55.8,39.36,2.76,220.26,12.12,0
2026-07-17 15:01:23,MC_05,67.3,45.36,2.94,230.43,12.66,0
2026-07-17 15:06:23,MC_01,61.63,48.98,1.14,218.93,13.88,0
2026-07-17 15:06:23,MC_02,60.54,38.28,2.33,221.59,14.43,0
2026-07-17 15:06:23,MC_03,68.17,39.78,2.63,216.94,11.24,0
2026-07-17 15:06:23,MC_04,56.51,40.97,2.38,224.32,11.42,0
2026-07-17 15:06:23,MC_05,50.37,39.2,2.72,221.76,12.68,0
2026-07-17 15:11:23,MC_01,51.85,42.23,1.55,223.85,13.68,0
2026-07-17 15:11:23,MC_02,81.51,57.08,9.31,206.07,26.01,1
2026-07-17 15:11:23,MC_03,56.44,40.47,2.62,215.3,11.42,0
2026-07-17 15:11:23,MC_04,58.97,44.82,2.03,213.14,13.77,0
2026-07-17 15:11:23,MC_05,64.0,48.24,2.78,219.22,12.51,0
2026-07-17 15:16:23,MC_01,66.22,38.76,1.45,220.69,9.17,0
2026-07-17 15:16:23,MC_02,60.27,43.46,2.26,228.39,9.81,0
2026-07-17 15:16:23,MC_03,65.96,50.84,2.47,215.61,9.89,0
2026-07-17 15:16:23,MC_04,58.9,39.49,2.55,218.51,12.95,0
2026-07-17 15:16:23,MC_05,58.06,30.53,2.68,215.1,12.25,0
2026-07-17 15:21:23,MC_01,66.57,36.21,3.03,217.83,14.63,0
2026-07-17 15:21:23,MC_02,58.17,36.64,2.84,217.82,10.74,0
2026-07-17 15:21:23,MC_03,57.61,39.82,3.17,210.33,12.03,0
2026-07-17 15:21:23,MC_04,63.12,39.7,2.41,222.96,12.15,0
2026-07-17 15:21:23,MC_05,56.74,37.56,2.24,226.77,7.17,0
2026-07-17 15:26:23,MC_01,61.98,41.24,2.74,222.95,8.02,0
2026-07-17 15:26:23,MC_02,63.43,42.96,2.06,223.3,11.42,0
2026-07-17 15:26:23,MC_03,49.64,36.58,2.3,221.36,11.91,0
2026-07-17 15:26:23,MC_04,56.29,39.54,3.45,219.43,13.63,0
2026-07-17 15:26:23,MC_05,60.19,39.33,2.8,226.87,12.54,0
2026-07-17 15:31:23,MC_01,57.93,37.1,2.66,218.21,13.09,0
2026-07-17 15:31:23,MC_02,55.34,31.74,3.56,218.58,8.96,0
2026-07-17 15:31:23,MC_03,59.59,43.96,2.87,221.49,12.68,0
2026-07-17 15:31:23,MC_04,59.48,40.56,2.53,224.07,10.73,0
2026-07-17 15:31:23,MC_05,61.41,45.96,1.86,225.77,15.55,0
2026-07-17 15:36:23,MC_01,58.11,40.06,2.78,217.04,14.33,0
2026-07-17 15:36:23,MC_02,65.53,30.9,2.4,235.59,11.98,0
2026-07-17 15:36:23,MC_03,54.4,40.64,2.83,214.8,14.53,0
2026-07-17 15:36:23,MC_04,56.86,45.15,2.37,221.39,10.6,0
2026-07-17 15:36:23,MC_05,66.15,36.58,2.18,184.91,25.14,1
2026-07-17 15:41:23,MC_01,65.95,44.15,2.98,224.68,12.66,0
2026-07-17 15:41:23,MC_02,62.01,40.33,2.61,223.17,12.15,0
2026-07-17 15:41:23,MC_03,63.77,39.84,2.5,215.94,13.53,0
2026-07-17 15:41:23,MC_04,63.26,38.7,2.47,222.17,8.99,0
2026-07-17 15:41:23,MC_05,64.36,49.7,2.74,218.6,11.76,0
2026-07-17 15:46:23,MC_01,63.54,39.3,3.36,228.43,11.5,0
2026-07-17 15:46:23,MC_02,59.96,36.21,1.96,226.25,13.63,0
2026-07-17 15:46:23,MC_03,65.36,39.91,2.93,213.06,11.66,0
2026-07-17 15:46:23,MC_04,53.37,42.82,3.01,216.28,10.28,0
2026-07-17 15:46:23,MC_05,56.16,39.46,1.96,229.9,12.11,0
2026-07-17 15:51:23,MC_01,59.79,39.63,2.14,217.75,10.49,0
2026-07-17 15:51:23,MC_02,54.42,45.86,2.1,213.74,10.53,0
2026-07-17 15:51:23,MC_03,59.25,36.91,2.54,220.88,13.05,0
2026-07-17 15:51:23,MC_04,67.35,40.26,1.74,228.92,15.41,0
2026-07-17 15:51:23,MC_05,58.64,38.14,3.11,219.91,14.51,0
2026-07-17 15:56:23,MC_01,60.17,37.03,2.76,213.53,10.77,0
2026-07-17 15:56:23,MC_02,64.31,31.75,3.23,213.65,10.69,0
2026-07-17 15:56:23,MC_03,63.4,34.89,2.36,216.91,10.33,0
2026-07-17 15:56:23,MC_04,58.32,46.09,2.11,227.49,12.84,0
2026-07-17 15:56:23,MC_05,53.88,47.93,2.28,226.03,12.22,0
2026-07-17 16:01:23,MC_01,61.87,43.6,2.92,218.29,12.8,0
2026-07-17 16:01:23,MC_02,62.28,40.85,3.48,218.52,13.81,0
2026-07-17 16:01:23,MC_03,76.38,42.16,2.78,222.98,14.11,0
2026-07-17 16:01:23,MC_04,62.04,43.26,1.97,224.92,11.64,0
2026-07-17 16:01:23,MC_05,63.36,33.14,2.82,208.79,11.59,0
2026-07-17 16:06:23,MC_01,51.47,36.92,3.22,215.52,7.45,0
2026-07-17 16:06:23,MC_02,62.57,32.93,2.07,217.41,9.86,0
2026-07-17 16:06:23,MC_03,57.53,35.09,2.52,225.81,13.17,0
2026-07-17 16:06:23,MC_04,60.8,37.22,2.6,211.42,13.21,0
2026-07-17 16:06:23,MC_05,60.17,42.26,2.44,216.35,13.41,0
2026-07-17 16:11:23,MC_01,62.0,41.63,2.8,215.4,10.47,0
2026-07-17 16:11:23,MC_02,54.72,36.72,2.77,218.74,11.43,0
2026-07-17 16:11:23,MC_03,55.17,44.73,2.23,210.5,10.49,0
2026-07-17 16:11:23,MC_04,61.8,37.24,1.8,221.84,13.26,0
2026-07-17 16:11:23,MC_05,66.83,39.77,2.51,224.47,11.19,0
2026-07-17 16:16:23,MC_01,49.18,38.56,2.81,224.13,9.73,0
2026-07-17 16:16:23,MC_02,60.11,30.89,2.44,218.14,12.74,0
2026-07-17 16:16:23,MC_03,54.63,42.23,2.46,220.44,9.76,0
2026-07-17 16:16:23,MC_04,59.08,42.6,2.06,219.62,9.7,0
2026-07-17 16:16:23,MC_05,63.94,36.79,2.53,224.62,14.22,0
2026-07-17 16:21:23,MC_01,61.19,47.14,1.69,215.23,12.92,0
2026-07-17 16:21:23,MC_02,60.77,43.91,2.45,219.07,12.88,0
2026-07-17 16:21:23,MC_03,70.13,36.43,1.87,221.86,10.07,0
2026-07-17 16:21:23,MC_04,53.49,39.87,2.24,226.95,13.97,0
2026-07-17 16:21:23,MC_05,69.64,40.19,3.09,221.54,12.31,0
2026-07-17 16:26:23,MC_01,57.66,44.62,1.74,219.95,13.49,0
2026-07-17 16:26:23,MC_02,59.3,37.9,3.13,215.33,10.91,0
2026-07-17 16:26:23,MC_03,55.52,37.95,2.74,211.33,10.32,0
2026-07-17 16:26:23,MC_04,61.89,37.64,1.76,216.76,11.94,0
2026-07-17 16:26:23,MC_05,48.21,38.97,2.47,216.95,12.76,0
2026-07-17 16:31:23,MC_01,63.22,42.25,1.77,219.84,13.34,0
2026-07-17 16:31:23,MC_02,65.29,41.69,2.9,220.58,12.34,0
2026-07-17 16:31:23,MC_03,59.13,37.29,2.16,227.17,13.43,0
2026-07-17 16:31:23,MC_04,51.53,35.66,2.32,216.8,12.48,0
2026-07-17 16:31:23,MC_05,59.78,38.64,2.49,217.91,8.95,0
2026-07-17 16:36:23,MC_01,60.06,44.39,2.83,232.19,13.25,0
2026-07-17 16:36:23,MC_02,57.53,37.33,2.55,212.31,12.97,0
2026-07-17 16:36:23,MC_03,60.46,40.99,3.15,215.7,10.67,0
2026-07-17 16:36:23,MC_04,63.56,36.12,2.38,227.38,10.69,0
2026-07-17 16:36:23,MC_05,67.72,42.41,2.55,220.07,10.85,0
2026-07-17 16:41:23,MC_01,61.09,45.19,1.62,217.97,10.69,0
2026-07-17 16:41:23,MC_02,52.44,31.79,1.91,218.79,13.72,0
2026-07-17 16:41:23,MC_03,61.1,46.69,2.79,223.14,13.05,0
2026-07-17 16:41:23,MC_04,55.38,31.8,2.16,213.35,12.35,0
2026-07-17 16:41:23,MC_05,59.46,33.82,1.75,219.97,10.84,0
2026-07-17 16:46:23,MC_01,57.34,47.19,2.34,216.79,12.63,0
2026-07-17 16:46:23,MC_02,57.2,37.89,2.4,228.26,13.06,0
2026-07-17 16:46:23,MC_03,64.04,35.47,2.94,225.07,12.98,0
2026-07-17 16:46:23,MC_04,59.02,42.19,2.49,215.11,10.91,0
2026-07-17 16:46:23,MC_05,63.52,43.01,2.57,222.89,10.16,0
2026-07-17 16:51:23,MC_01,62.75,37.36,1.99,217.47,14.04,0
2026-07-17 16:51:23,MC_02,58.18,33.81,3.16,227.88,10.7,0
2026-07-17 16:51:23,MC_03,58.85,40.6,2.51,212.59,11.48,0
2026-07-17 16:51:23,MC_04,60.06,43.01,2.56,214.72,14.7,0
2026-07-17 16:51:23,MC_05,58.27,38.87,2.82,229.42,13.02,0
2026-07-17 16:56:23,MC_01,64.13,35.99,2.54,217.34,13.06,0
2026-07-17 16:56:23,MC_02,63.98,46.53,1.42,216.85,13.95,0
2026-07-17 16:56:23,MC_03,52.99,39.89,1.79,219.39,14.19,0
2026-07-17 16:56:23,MC_04,55.11,46.95,2.91,215.44,12.51,0
2026-07-17 16:56:23,MC_05,61.48,37.45,2.67,225.53,11.56,0
2026-07-17 17:01:23,MC_01,71.09,40.23,3.04,221.09,10.76,0
2026-07-17 17:01:23,MC_02,59.82,40.78,2.4,223.76,12.06,0
2026-07-17 17:01:23,MC_03,57.25,36.66,1.64,220.61,12.68,0
2026-07-17 17:01:23,MC_04,53.38,45.68,2.09,209.48,14.24,0
2026-07-17 17:01:23,MC_05,63.61,41.28,2.24,222.51,13.57,0
2026-07-17 17:06:23,MC_01,55.07,43.91,2.97,221.47,11.19,0
2026-07-17 17:06:23,MC_02,77.45,53.45,6.55,220.57,27.71,1
2026-07-17 17:06:23,MC_03,58.29,40.87,2.09,223.52,11.88,0
2026-07-17 17:06:23,MC_04,59.69,38.21,2.83,218.02,14.39,0
2026-07-17 17:06:23,MC_05,67.33,37.4,2.34,230.01,11.54,0
2026-07-17 17:11:23,MC_01,55.0,36.58,1.9,215.57,7.72,0
2026-07-17 17:11:23,MC_02,62.72,34.33,2.18,217.71,10.47,0
2026-07-17 17:11:23,MC_03,54.22,42.9,3.26,229.51,16.3,0
2026-07-17 17:11:23,MC_04,55.49,37.63,2.66,217.09,12.6,0
2026-07-17 17:11:23,MC_05,53.4,39.04,3.14,219.71,12.21,0
2026-07-17 17:16:23,MC_01,62.38,42.34,2.37,220.83,13.59,0
2026-07-17 17:16:23,MC_02,50.32,37.8,3.17,219.4,9.99,0
2026-07-17 17:16:23,MC_03,57.57,41.56,1.91,225.56,11.89,0
2026-07-17 17:16:23,MC_04,63.86,43.13,2.67,222.82,11.68,0
2026-07-17 17:16:23,MC_05,62.71,38.9,2.27,216.55,12.7,0
2026-07-17 17:21:23,MC_01,66.55,44.68,1.87,226.45,11.52,0
2026-07-17 17:21:23,MC_02,81.1,41.25,1.76,177.9,33.87,1
2026-07-17 17:21:23,MC_03,64.55,39.64,2.85,207.52,7.95,0
2026-07-17 17:21:23,MC_04,54.11,35.49,2.07,220.44,11.26,0
2026-07-17 17:21:23,MC_05,66.57,44.46,2.51,228.27,12.76,0
2026-07-17 17:26:23,MC_01,65.77,36.56,2.17,216.68,11.87,0
2026-07-17 17:26:23,MC_02,69.87,42.89,2.24,219.98,14.26,0
2026-07-17 17:26:23,MC_03,63.91,37.15,2.15,217.99,10.41,0
2026-07-17 17:26:23,MC_04,66.69,32.96,2.03,224.03,12.28,0
2026-07-17 17:26:23,MC_05,60.22,37.09,2.08,209.94,12.2,0
2026-07-17 17:31:23,MC_01,55.43,39.93,2.1,221.11,12.69,0
2026-07-17 17:31:23,MC_02,58.53,39.88,3.17,221.59,13.64,0
2026-07-17 17:31:23,MC_03,63.05,34.73,2.22,219.76,13.3,0
2026-07-17 17:31:23,MC_04,69.64,43.2,2.47,228.22,9.98,0
2026-07-17 17:31:23,MC_05,65.76,40.25,2.95,218.75,10.8,0
2026-07-17 17:36:23,MC_01,55.26,34.23,2.28,221.56,11.69,0
2026-07-17 17:36:23,MC_02,57.41,49.36,2.88,219.02,11.67,0
2026-07-17 17:36:23,MC_03,54.96,45.02,1.09,220.21,10.28,0
2026-07-17 17:36:23,MC_04,69.63,35.59,2.96,225.8,8.49,0
2026-07-17 17:36:23,MC_05,56.92,44.79,2.49,219.69,12.1,0
2026-07-17 17:41:23,MC_01,58.7,41.48,2.59,221.75,10.92,0
2026-07-17 17:41:23,MC_02,63.16,37.87,2.05,215.46,11.29,0
2026-07-17 17:41:23,MC_03,61.13,40.24,2.11,218.28,13.3,0
2026-07-17 17:41:23,MC_04,60.75,41.74,1.54,221.35,11.07,0
2026-07-17 17:41:23,MC_05,69.05,41.6,2.2,222.83,12.14,0
2026-07-17 17:46:23,MC_01,51.41,45.68,2.44,227.2,12.64,0
2026-07-17 17:46:23,MC_02,61.77,33.1,2.44,212.58,10.29,0
2026-07-17 17:46:23,MC_03,55.55,42.64,2.43,220.16,11.74,0
2026-07-17 17:46:23,MC_04,61.24,37.72,3.07,226.12,11.94,0
2026-07-17 17:46:23,MC_05,57.08,31.33,2.04,221.78,11.92,0
2026-07-17 17:51:23,MC_01,71.62,38.52,2.28,225.31,9.11,0
2026-07-17 17:51:23,MC_02,52.59,39.31,2.03,221.2,10.79,0
2026-07-17 17:51:23,MC_03,59.09,48.1,2.29,219.34,11.7,0
2026-07-17 17:51:23,MC_04,60.87,41.87,2.63,221.4,11.73,0
2026-07-17 17:51:23,MC_05,60.5,39.14,1.59,233.15,13.09,0
2026-07-17 17:56:23,MC_01,55.1,38.02,1.76,219.74,9.63,0
2026-07-17 17:56:23,MC_02,55.87,40.64,2.06,222.56,10.97,0
2026-07-17 17:56:23,MC_03,63.94,35.56,2.6,222.78,12.42,0
2026-07-17 17:56:23,MC_04,60.19,43.15,3.84,217.88,11.0,0
2026-07-17 17:56:23,MC_05,61.6,36.77,2.38,224.38,12.46,0
2026-07-17 18:01:23,MC_01,65.81,38.25,3.13,211.68,9.56,0
2026-07-17 18:01:23,MC_02,66.4,40.4,2.5,213.36,11.96,0
2026-07-17 18:01:23,MC_03,63.41,42.62,1.99,224.29,11.53,0
2026-07-17 18:01:23,MC_04,58.7,48.39,2.8,216.81,12.1,0
2026-07-17 18:01:23,MC_05,60.2,48.83,1.85,219.84,10.86,0
2026-07-17 18:06:23,MC_01,57.53,38.11,2.14,228.65,14.13,0
2026-07-17 18:06:23,MC_02,56.58,42.97,2.65,219.28,12.81,0
2026-07-17 18:06:23,MC_03,64.46,34.72,2.63,230.84,10.33,0
2026-07-17 18:06:23,MC_04,57.63,43.66,2.37,221.24,12.34,0
2026-07-17 18:06:23,MC_05,56.63,34.45,2.05,204.42,12.08,0
2026-07-17 18:11:23,MC_01,62.93,41.72,2.12,227.68,11.59,0
2026-07-17 18:11:23,MC_02,70.05,33.46,2.37,219.25,11.94,0
2026-07-17 18:11:23,MC_03,62.28,40.1,1.95,210.55,13.76,0
2026-07-17 18:11:23,MC_04,57.27,41.37,2.7,222.02,10.96,0
2026-07-17 18:11:23,MC_05,59.91,37.41,1.86,216.26,13.55,0
2026-07-17 18:16:23,MC_01,87.27,59.87,6.91,214.34,17.47,1
2026-07-17 18:16:23,MC_02,72.3,43.13,2.07,225.68,11.52,0
2026-07-17 18:16:23,MC_03,66.87,35.98,2.97,220.76,10.46,0
2026-07-17 18:16:23,MC_04,59.56,48.84,2.9,230.95,13.32,0
2026-07-17 18:16:23,MC_05,65.14,39.25,3.02,227.27,11.28,0
2026-07-17 18:21:23,MC_01,64.16,43.19,1.79,229.56,11.04,0
2026-07-17 18:21:23,MC_02,58.67,40.97,2.07,224.32,13.15,0
2026-07-17 18:21:23,MC_03,55.87,38.03,1.49,213.38,14.71,0
2026-07-17 18:21:23,MC_04,68.21,39.36,2.38,220.28,11.81,0
2026-07-17 18:21:23,MC_05,60.75,42.85,3.02,221.94,10.54,0
2026-07-17 18:26:23,MC_01,53.24,40.6,2.41,220.44,11.98,0
2026-07-17 18:26:23,MC_02,50.05,41.33,2.31,221.58,12.88,0
2026-07-17 18:26:23,MC_03,66.42,41.72,2.89,230.97,13.43,0
2026-07-17 18:26:23,MC_04,57.18,37.63,2.83,221.28,10.01,0
2026-07-17 18:26:23,MC_05,57.82,42.27,2.69,228.13,12.35,0
2026-07-17 18:31:23,MC_01,61.25,30.24,2.41,218.97,9.95,0
2026-07-17 18:31:23,MC_02,55.36,40.41,2.65,220.46,13.86,0
2026-07-17 18:31:23,MC_03,68.15,41.48,2.21,213.73,12.59,0
2026-07-17 18:31:23,MC_04,59.41,36.65,2.95,224.63,12.25,0
2026-07-17 18:31:23,MC_05,61.17,44.66,2.81,219.15,14.03,0
2026-07-17 18:36:23,MC_01,48.18,37.49,2.48,219.27,13.51,0
2026-07-17 18:36:23,MC_02,88.69,60.39,9.91,220.46,18.06,1
2026-07-17 18:36:23,MC_03,57.45,39.18,1.59,217.83,14.49,0
2026-07-17 18:36:23,MC_04,64.07,36.29,2.61,219.14,14.64,0
2026-07-17 18:36:23,MC_05,59.14,35.08,2.4,228.85,13.87,0
2026-07-17 18:41:23,MC_01,60.72,36.01,2.63,219.35,13.17,0
2026-07-17 18:41:23,MC_02,54.39,41.35,2.84,211.89,9.99,0
2026-07-17 18:41:23,MC_03,53.01,45.51,2.72,223.0,9.62,0
2026-07-17 18:41:23,MC_04,66.47,33.83,2.46,217.67,11.36,0
2026-07-17 18:41:23,MC_05,73.39,64.09,9.23,221.05,23.3,1
2026-07-17 18:46:23,MC_01,65.42,41.67,2.01,222.86,10.91,0
2026-07-17 18:46:23,MC_02,59.43,37.78,2.01,223.71,12.8,0
2026-07-17 18:46:23,MC_03,66.05,50.02,2.27,229.48,11.61,0
2026-07-17 18:46:23,MC_04,65.24,36.65,2.2,222.97,12.0,0
2026-07-17 18:46:23,MC_05,62.92,38.27,2.62,215.36,13.93,0
2026-07-17 18:51:23,MC_01,58.83,40.81,2.25,214.92,9.38,0
2026-07-17 18:51:23,MC_02,54.72,44.04,2.28,215.59,9.84,0
2026-07-17 18:51:23,MC_03,66.33,42.84,2.82,228.49,12.5,0
2026-07-17 18:51:23,MC_04,63.23,37.26,2.5,220.3,14.89,0
2026-07-17 18:51:23,MC_05,60.41,44.72,2.28,218.44,10.01,0
2026-07-17 18:56:23,MC_01,56.29,43.77,2.59,218.24,15.22,0
2026-07-17 18:56:23,MC_02,57.99,42.84,2.96,221.04,8.47,0
2026-07-17 18:56:23,MC_03,60.09,41.78,1.64,216.4,12.62,0
2026-07-17 18:56:23,MC_04,59.28,41.62,2.51,215.07,8.62,0
2026-07-17 18:56:23,MC_05,62.16,33.52,2.81,218.67,12.84,0
2026-07-17 19:01:23,MC_01,56.5,39.16,3.23,211.82,14.9,0
2026-07-17 19:01:23,MC_02,60.68,38.25,3.02,214.66,12.52,0
2026-07-17 19:01:23,MC_03,58.08,36.95,3.79,222.1,12.92,0
2026-07-17 19:01:23,MC_04,95.46,53.32,6.53,217.7,26.46,1
2026-07-17 19:01:23,MC_05,72.32,39.56,2.98,215.06,9.47,0
2026-07-17 19:06:23,MC_01,64.57,42.18,2.27,228.53,9.35,0
2026-07-17 19:06:23,MC_02,53.85,37.83,2.32,227.33,12.07,0
2026-07-17 19:06:23,MC_03,59.04,35.45,1.86,218.0,12.24,0
2026-07-17 19:06:23,MC_04,56.4,42.83,2.36,225.26,12.76,0
2026-07-17 19:06:23,MC_05,68.96,32.85,3.95,223.97,11.56,0
2026-07-17 19:11:23,MC_01,69.2,43.59,2.28,213.81,13.79,0
2026-07-17 19:11:23,MC_02,64.19,38.8,3.34,228.89,12.96,0
2026-07-17 19:11:23,MC_03,53.15,36.08,3.07,226.37,13.58,0
2026-07-17 19:11:23,MC_04,61.73,42.49,2.4,214.72,13.3,0
2026-07-17 19:11:23,MC_05,61.32,35.81,2.34,219.32,12.22,0
2026-07-17 19:16:23,MC_01,62.35,40.79,1.39,221.14,12.13,0
2026-07-17 19:16:23,MC_02,61.12,42.22,2.42,223.38,12.11,0
2026-07-17 19:16:23,MC_03,60.78,28.31,1.93,214.29,12.32,0
2026-07-17 19:16:23,MC_04,64.24,42.59,2.57,222.87,12.37,0
2026-07-17 19:16:23,MC_05,59.29,41.89,2.61,215.61,14.12,0
2026-07-17 19:21:23,MC_01,52.96,33.18,2.69,215.6,13.63,0
2026-07-17 19:21:23,MC_02,51.58,43.85,2.91,220.59,8.85,0
2026-07-17 19:21:23,MC_03,58.84,42.91,2.47,219.22,8.36,0
2026-07-17 19:21:23,MC_04,64.11,35.72,1.73,227.36,13.19,0
2026-07-17 19:21:23,MC_05,51.31,48.41,2.71,220.68,11.46,0
2026-07-17 19:26:23,MC_01,49.78,42.19,2.89,221.67,12.7,0
2026-07-17 19:26:23,MC_02,60.82,39.1,1.58,221.43,13.88,0
2026-07-17 19:26:23,MC_03,66.88,47.43,1.61,228.14,12.28,0
2026-07-17 19:26:23,MC_04,57.35,35.14,2.89,222.57,10.32,0
2026-07-17 19:26:23,MC_05,49.18,36.05,1.91,223.28,14.78,0
2026-07-17 19:31:23,MC_01,61.49,42.54,2.32,230.13,13.35,0
2026-07-17 19:31:23,MC_02,58.09,33.63,3.16,225.96,11.55,0
2026-07-17 19:31:23,MC_03,62.6,35.9,1.92,224.05,13.41,0
2026-07-17 19:31:23,MC_04,57.55,37.14,2.53,219.64,9.8,0
2026-07-17 19:31:23,MC_05,60.96,40.38,2.68,220.79,15.2,0
2026-07-17 19:36:23,MC_01,65.81,47.05,2.93,213.85,13.42,0
2026-07-17 19:36:23,MC_02,57.99,38.1,2.03,221.54,13.1,0
2026-07-17 19:36:23,MC_03,57.43,46.04,1.72,221.87,12.36,0
2026-07-17 19:36:23,MC_04,54.94,38.69,2.98,226.33,11.37,0
2026-07-17 19:36:23,MC_05,52.2,37.12,2.45,227.08,11.21,0
2026-07-17 19:41:23,MC_01,68.56,37.42,3.2,218.59,10.67,0
2026-07-17 19:41:23,MC_02,61.25,52.6,3.05,219.48,13.58,0
2026-07-17 19:41:23,MC_03,59.61,40.35,1.85,218.47,11.78,0
2026-07-17 19:41:23,MC_04,67.71,40.7,3.08,222.76,12.45,0
2026-07-17 19:41:23,MC_05,64.13,38.97,2.03,215.29,13.32,0
2026-07-17 19:46:23,MC_01,52.28,41.24,2.85,216.58,11.31,0
2026-07-17 19:46:23,MC_02,54.66,36.09,3.1,221.99,10.81,0
2026-07-17 19:46:23,MC_03,64.36,37.05,1.52,223.48,14.47,0
2026-07-17 19:46:23,MC_04,59.88,38.9,2.69,215.76,11.5,0
2026-07-17 19:46:23,MC_05,52.9,41.75,2.12,204.29,13.19,0
2026-07-17 19:51:23,MC_01,62.47,45.41,1.45,216.73,12.2,0
2026-07-17 19:51:23,MC_02,62.86,37.71,1.57,216.25,12.77,0
2026-07-17 19:51:23,MC_03,61.42,38.98,1.68,212.23,11.4,0
2026-07-17 19:51:23,MC_04,78.48,60.9,8.54,218.5,19.85,1
2026-07-17 19:51:23,MC_05,62.67,45.97,2.3,227.4,11.01,0
2026-07-17 19:56:23,MC_01,66.64,41.23,2.47,223.13,11.67,0
2026-07-17 19:56:23,MC_02,58.46,45.48,2.45,224.13,11.66,0
2026-07-17 19:56:23,MC_03,68.33,46.1,2.28,228.01,13.34,0
2026-07-17 19:56:23,MC_04,59.9,40.41,3.08,227.94,10.97,0
2026-07-17 19:56:23,MC_05,64.01,41.99,1.53,219.22,10.27,0
2026-07-17 20:01:23,MC_01,61.53,44.59,2.67,213.51,8.22,0
2026-07-17 20:01:23,MC_02,60.74,33.2,2.13,219.03,13.0,0
2026-07-17 20:01:23,MC_03,54.82,43.52,2.52,223.47,11.35,0
2026-07-17 20:01:23,MC_04,65.36,39.95,2.38,222.45,10.23,0
2026-07-17 20:01:23,MC_05,60.17,45.39,2.89,219.96,12.33,0
2026-07-17 20:06:23,MC_01,61.48,38.79,1.76,226.39,11.91,0
2026-07-17 20:06:23,MC_02,62.11,35.49,2.46,218.32,9.38,0
2026-07-17 20:06:23,MC_03,56.55,39.27,2.44,212.59,13.73,0
2026-07-17 20:06:23,MC_04,62.0,36.85,2.73,218.16,10.66,0
2026-07-17 20:06:23,MC_05,62.87,43.69,2.24,212.01,14.24,0
2026-07-17 20:11:23,MC_01,58.32,35.38,1.97,211.58,11.84,0
2026-07-17 20:11:23,MC_02,68.03,45.5,2.3,230.18,14.99,0
2026-07-17 20:11:23,MC_03,63.49,38.61,1.92,226.41,13.82,0
2026-07-17 20:11:23,MC_04,60.78,34.95,1.89,220.54,11.25,0
2026-07-17 20:11:23,MC_05,63.67,45.51,2.0,218.28,13.14,0
2026-07-17 20:16:23,MC_01,62.24,46.13,2.71,229.24,12.81,0
2026-07-17 20:16:23,MC_02,65.31,38.71,2.51,224.55,14.42,0
2026-07-17 20:16:23,MC_03,63.65,39.67,3.19,209.04,9.87,0
2026-07-17 20:16:23,MC_04,63.03,40.26,2.79,215.93,12.86,0
2026-07-17 20:16:23,MC_05,64.97,40.98,2.64,212.38,11.2,0
2026-07-17 20:21:23,MC_01,56.94,43.19,2.5,219.11,12.37,0
2026-07-17 20:21:23,MC_02,58.04,39.01,2.26,217.42,12.63,0
2026-07-17 20:21:23,MC_03,64.98,42.3,2.35,217.69,12.47,0
2026-07-17 20:21:23,MC_04,62.87,37.83,2.45,223.36,13.6,0
2026-07-17 20:21:23,MC_05,53.73,36.0,2.64,221.71,10.35,0
2026-07-17 20:26:23,MC_01,60.22,44.42,2.31,226.29,11.2,0
2026-07-17 20:26:23,MC_02,59.52,38.45,2.39,221.67,11.74,0
2026-07-17 20:26:23,MC_03,59.67,33.16,2.7,219.55,14.42,0
2026-07-17 20:26:23,MC_04,63.09,41.39,2.0,212.35,14.31,0
2026-07-17 20:26:23,MC_05,67.07,46.66,2.26,217.55,11.58,0
2026-07-17 20:31:23,MC_01,65.26,32.63,2.62,224.43,9.82,0
2026-07-17 20:31:23,MC_02,55.38,44.85,2.77,216.91,13.8,0
2026-07-17 20:31:23,MC_03,55.5,38.35,2.64,219.06,13.41,0
2026-07-17 20:31:23,MC_04,52.35,38.03,2.19,211.16,12.03,0
2026-07-17 20:31:23,MC_05,60.34,39.47,3.09,213.44,12.8,0
2026-07-17 20:36:23,MC_01,51.64,36.65,1.89,223.91,11.9,0
2026-07-17 20:36:23,MC_02,59.93,35.57,2.35,216.18,12.58,0
2026-07-17 20:36:23,MC_03,55.04,45.32,1.66,215.97,14.52,0
2026-07-17 20:36:23,MC_04,61.1,38.1,2.08,214.52,16.15,0
2026-07-17 20:36:23,MC_05,58.74,42.44,2.12,215.33,13.01,0
2026-07-17 20:41:23,MC_01,68.94,38.26,3.25,226.39,10.5,0
2026-07-17 20:41:23,MC_02,65.17,38.3,2.7,217.69,11.54,0
2026-07-17 20:41:23,MC_03,55.78,42.81,2.6,207.39,12.64,0
2026-07-17 20:41:23,MC_04,61.96,37.31,2.67,212.17,12.61,0
2026-07-17 20:41:23,MC_05,56.2,37.16,2.56,214.68,12.63,0
2026-07-17 20:46:23,MC_01,64.23,43.98,2.97,224.15,12.56,0
2026-07-17 20:46:23,MC_02,69.62,36.19,3.04,219.57,11.81,0
2026-07-17 20:46:23,MC_03,52.32,38.14,1.95,217.76,11.39,0
2026-07-17 20:46:23,MC_04,52.77,41.45,2.1,225.37,12.34,0
2026-07-17 20:46:23,MC_05,63.03,37.7,2.94,222.55,11.72,0
2026-07-17 20:51:23,MC_01,66.96,39.15,2.52,220.11,10.6,0
2026-07-17 20:51:23,MC_02,60.39,40.12,2.42,221.65,13.12,0
2026-07-17 20:51:23,MC_03,63.05,38.67,2.66,222.4,10.49,0
2026-07-17 20:51:23,MC_04,60.84,42.64,2.87,218.02,12.46,0
2026-07-17 20:51:23,MC_05,67.12,45.66,2.49,220.7,13.67,0
2026-07-17 20:56:23,MC_01,52.5,38.71,3.17,224.88,12.55,0
2026-07-17 20:56:23,MC_02,57.05,41.32,2.1,214.87,8.9,0
2026-07-17 20:56:23,MC_03,66.11,39.99,1.97,213.7,10.49,0
2026-07-17 20:56:23,MC_04,56.38,41.47,2.1,228.73,13.54,0
2026-07-17 20:56:23,MC_05,64.04,39.13,2.48,220.85,13.05,0
2026-07-17 21:01:23,MC_01,83.5,51.68,7.83,223.2,24.97,1
2026-07-17 21:01:23,MC_02,58.03,36.87,2.56,218.16,10.34,0
2026-07-17 21:01:23,MC_03,55.78,39.3,2.05,219.83,11.46,0
2026-07-17 21:01:23,MC_04,57.44,37.97,3.0,221.85,9.44,0
2026-07-17 21:01:23,MC_05,64.41,42.07,2.73,224.44,12.02,0
2026-07-17 21:06:23,MC_01,63.1,38.14,2.92,221.09,9.93,0
2026-07-17 21:06:23,MC_02,58.66,38.23,2.32,221.15,10.52,0
2026-07-17 21:06:23,MC_03,52.16,39.35,3.06,219.68,13.26,0
2026-07-17 21:06:23,MC_04,60.05,39.41,2.38,215.64,9.62,0
2026-07-17 21:06:23,MC_05,63.16,41.52,2.42,225.53,10.03,0
2026-07-17 21:11:23,MC_01,60.81,46.15,2.44,223.72,11.78,0
2026-07-17 21:11:23,MC_02,65.35,43.01,2.33,217.97,12.73,0
2026-07-17 21:11:23,MC_03,58.22,41.47,2.42,216.54,13.66,0
2026-07-17 21:11:23,MC_04,61.2,33.32,3.55,220.12,9.06,0
2026-07-17 21:11:23,MC_05,65.22,40.49,1.71,221.31,12.28,0
2026-07-17 21:16:23,MC_01,65.76,44.01,2.29,228.6,11.47,0
2026-07-17 21:16:23,MC_02,57.51,36.95,3.09,213.34,13.21,0
2026-07-17 21:16:23,MC_03,64.14,35.89,2.41,222.97,12.13,0
2026-07-17 21:16:23,MC_04,62.91,40.79,1.58,216.08,11.39,0
2026-07-17 21:16:23,MC_05,50.11,39.58,2.75,218.97,12.37,0
2026-07-17 21:21:23,MC_01,62.25,45.89,2.24,220.72,13.3,0
2026-07-17 21:21:23,MC_02,52.8,33.15,2.69,217.18,11.4,0
2026-07-17 21:21:23,MC_03,57.67,38.19,2.69,222.86,10.49,0
2026-07-17 21:21:23,MC_04,68.62,37.43,2.98,222.26,12.91,0
2026-07-17 21:21:23,MC_05,59.89,39.93,2.02,224.59,11.92,0
2026-07-17 21:26:23,MC_01,55.95,37.13,3.12,231.22,10.36,0
2026-07-17 21:26:23,MC_02,59.08,41.35,3.64,216.33,10.59,0
2026-07-17 21:26:23,MC_03,55.27,44.89,2.15,215.75,12.35,0
2026-07-17 21:26:23,MC_04,82.4,57.44,7.08,213.48,21.57,1
2026-07-17 21:26:23,MC_05,81.48,53.93,7.34,211.95,21.9,1
2026-07-17 21:31:23,MC_01,63.94,48.55,2.15,214.04,13.51,0
2026-07-17 21:31:23,MC_02,61.59,34.53,1.8,219.19,12.1,0
2026-07-17 21:31:23,MC_03,58.45,37.8,2.56,224.85,10.91,0
2026-07-17 21:31:23,MC_04,59.27,40.87,3.71,229.9,9.89,0
2026-07-17 21:31:23,MC_05,51.54,43.18,3.18,218.88,11.25,0
2026-07-17 21:36:23,MC_01,55.9,38.47,2.65,210.87,13.5,0
2026-07-17 21:36:23,MC_02,61.3,40.02,2.27,205.49,11.01,0
2026-07-17 21:36:23,MC_03,61.51,45.99,2.46,209.52,11.72,0
2026-07-17 21:36:23,MC_04,63.67,34.15,2.43,212.63,11.56,0
2026-07-17 21:36:23,MC_05,63.54,39.35,2.39,220.14,12.12,0
2026-07-17 21:41:23,MC_01,67.11,40.67,1.67,224.29,14.02,0
2026-07-17 21:41:23,MC_02,72.31,45.81,2.25,220.94,11.59,0
2026-07-17 21:41:23,MC_03,66.43,33.64,2.0,226.1,14.18,0
2026-07-17 21:41:23,MC_04,56.7,38.93,1.28,211.66,11.01,0
2026-07-17 21:41:23,MC_05,57.67,39.07,2.48,218.91,12.25,0
2026-07-17 21:46:23,MC_01,59.85,39.91,2.99,215.84,12.31,0
2026-07-17 21:46:23,MC_02,51.23,44.04,2.87,221.14,12.06,0
2026-07-17 21:46:23,MC_03,51.09,43.1,3.24,214.43,14.02,0
2026-07-17 21:46:23,MC_04,58.03,34.42,2.47,222.24,10.02,0
2026-07-17 21:46:23,MC_05,61.93,41.82,1.89,219.39,12.53,0
2026-07-17 21:51:23,MC_01,67.31,40.01,2.71,215.34,10.27,0
2026-07-17 21:51:23,MC_02,53.58,38.39,2.68,222.79,10.36,0
2026-07-17 21:51:23,MC_03,62.14,32.02,2.8,217.25,11.21,0
2026-07-17 21:51:23,MC_04,62.02,44.72,1.78,220.65,11.19,0
2026-07-17 21:51:23,MC_05,53.29,36.45,1.68,213.47,12.72,0
2026-07-17 21:56:23,MC_01,58.74,40.92,3.41,218.52,12.95,0
2026-07-17 21:56:23,MC_02,44.91,37.13,2.83,216.24,12.85,0
2026-07-17 21:56:23,MC_03,59.7,40.69,2.73,220.66,12.22,0
2026-07-17 21:56:23,MC_04,60.62,35.16,2.88,215.81,8.29,0
2026-07-17 21:56:23,MC_05,63.91,38.93,2.68,227.14,12.56,0
2026-07-17 22:01:23,MC_01,54.26,39.14,3.49,218.12,11.77,0
2026-07-17 22:01:23,MC_02,66.29,33.64,2.7,219.89,12.92,0
2026-07-17 22:01:23,MC_03,90.94,58.39,10.87,221.05,19.42,1
2026-07-17 22:01:23,MC_04,58.42,41.18,2.7,215.97,11.31,0
2026-07-17 22:01:23,MC_05,51.56,37.6,2.76,216.73,10.47,0
2026-07-17 22:06:23,MC_01,55.93,48.66,3.03,225.12,13.75,0
2026-07-17 22:06:23,MC_02,54.47,45.34,2.23,213.74,11.35,0
2026-07-17 22:06:23,MC_03,58.81,36.69,2.84,216.8,11.77,0
2026-07-17 22:06:23,MC_04,57.15,42.37,2.07,218.08,12.83,0
2026-07-17 22:06:23,MC_05,70.27,42.12,1.96,220.58,11.96,0
2026-07-17 22:11:23,MC_01,61.9,38.75,2.53,213.86,11.52,0
2026-07-17 22:11:23,MC_02,95.83,57.6,5.38,214.45,25.73,1
2026-07-17 22:11:23,MC_03,57.43,37.93,2.27,220.78,10.73,0
2026-07-17 22:11:23,MC_04,57.75,36.17,2.93,223.14,11.84,0
2026-07-17 22:11:23,MC_05,61.12,36.62,3.05,226.9,11.94,0
2026-07-17 22:16:23,MC_01,65.69,44.4,3.29,229.82,12.5,0
2026-07-17 22:16:23,MC_02,67.02,41.73,2.9,214.32,11.65,0
2026-07-17 22:16:23,MC_03,64.07,40.48,2.17,219.71,12.07,0
2026-07-17 22:16:23,MC_04,58.67,39.65,1.38,224.16,12.25,0
2026-07-17 22:16:23,MC_05,61.33,36.67,2.16,223.14,12.54,0
2026-07-17 22:21:23,MC_01,56.21,39.47,3.37,209.7,9.44,0
2026-07-17 22:21:23,MC_02,62.21,44.7,2.3,230.98,10.45,0
2026-07-17 22:21:23,MC_03,58.41,42.16,2.74,218.73,11.03,0
2026-07-17 22:21:23,MC_04,61.16,45.51,2.88,216.84,10.51,0
2026-07-17 22:21:23,MC_05,60.74,43.26,2.46,228.6,14.66,0
2026-07-17 22:26:23,MC_01,61.54,38.56,3.14,217.1,14.23,0
2026-07-17 22:26:23,MC_02,54.14,38.75,2.82,215.07,11.71,0
2026-07-17 22:26:23,MC_03,91.85,46.79,9.38,223.87,21.72,1
2026-07-17 22:26:23,MC_04,65.97,45.2,1.5,216.47,12.74,0
2026-07-17 22:26:23,MC_05,63.22,37.61,2.56,225.99,10.84,0
2026-07-17 22:31:23,MC_01,55.76,43.27,2.96,224.26,10.03,0
2026-07-17 22:31:23,MC_02,57.67,35.71,2.73,216.43,14.69,0
2026-07-17 22:31:23,MC_03,66.81,40.26,2.88,227.39,12.37,0
2026-07-17 22:31:23,MC_04,58.72,33.18,2.46,224.12,13.42,0
2026-07-17 22:31:23,MC_05,62.52,37.83,1.51,217.52,11.54,0
2026-07-17 22:36:23,MC_01,58.44,40.49,2.39,218.7,12.19,0
2026-07-17 22:36:23,MC_02,62.25,40.84,2.73,222.17,9.34,0
2026-07-17 22:36:23,MC_03,63.18,35.58,2.72,218.89,9.48,0
2026-07-17 22:36:23,MC_04,60.7,40.95,2.94,228.91,9.95,0
2026-07-17 22:36:23,MC_05,59.74,40.86,2.32,217.8,10.33,0
2026-07-17 22:41:23,MC_01,64.94,41.84,2.96,218.45,11.01,0
2026-07-17 22:41:23,MC_02,54.61,47.39,1.85,221.37,14.35,0
2026-07-17 22:41:23,MC_03,55.16,34.47,2.89,227.53,11.34,0
2026-07-17 22:41:23,MC_04,54.3,39.55,3.3,223.37,12.46,0
2026-07-17 22:41:23,MC_05,67.03,40.8,1.45,216.63,10.71,0
2026-07-17 22:46:23,MC_01,57.27,42.25,2.45,219.62,13.97,0
2026-07-17 22:46:23,MC_02,56.64,40.36,2.36,220.62,12.67,0
2026-07-17 22:46:23,MC_03,62.17,50.01,2.26,223.5,9.59,0
2026-07-17 22:46:23,MC_04,62.36,29.11,2.58,214.25,12.49,0
2026-07-17 22:46:23,MC_05,54.82,36.58,2.36,214.74,11.29,0
2026-07-17 22:51:23,MC_01,65.09,34.82,2.41,223.76,11.08,0
2026-07-17 22:51:23,MC_02,55.87,35.32,2.42,211.34,11.41,0
2026-07-17 22:51:23,MC_03,60.17,36.58,2.27,212.96,12.12,0
2026-07-17 22:51:23,MC_04,65.28,42.01,3.11,212.53,11.75,0
2026-07-17 22:51:23,MC_05,47.62,42.0,3.26,220.58,10.45,0
2026-07-17 22:56:23,MC_01,57.43,42.56,2.68,216.69,11.7,0
2026-07-17 22:56:23,MC_02,67.54,44.47,1.79,221.12,13.11,0
2026-07-17 22:56:23,MC_03,63.09,34.89,1.96,221.17,15.18,0
2026-07-17 22:56:23,MC_04,55.82,38.94,3.04,219.91,11.5,0
2026-07-17 22:56:23,MC_05,62.83,41.09,3.02,226.46,12.46,0
2026-07-17 23:01:23,MC_01,62.45,40.22,2.5,225.98,14.27,0
2026-07-17 23:01:23,MC_02,52.46,38.76,2.7,223.35,11.83,0
2026-07-17 23:01:23,MC_03,64.48,29.04,3.09,222.61,13.97,0
2026-07-17 23:01:23,MC_04,59.01,45.1,2.96,216.69,12.13,0
2026-07-17 23:01:23,MC_05,64.78,35.21,2.05,214.48,9.76,0
2026-07-17 23:06:23,MC_01,60.73,44.65,2.41,212.47,13.26,0
2026-07-17 23:06:23,MC_02,57.61,42.06,3.31,217.4,10.0,0
2026-07-17 23:06:23,MC_03,63.16,37.77,3.0,222.64,10.85,0
2026-07-17 23:06:23,MC_04,63.43,38.95,2.28,219.84,12.06,0
2026-07-17 23:06:23,MC_05,64.47,42.36,2.42,223.82,12.6,0
2026-07-17 23:11:23,MC_01,59.26,42.02,2.32,218.05,14.95,0
2026-07-17 23:11:23,MC_02,64.7,40.47,2.7,220.69,13.78,0
2026-07-17 23:11:23,MC_03,65.21,40.93,2.56,221.57,11.86,0
2026-07-17 23:11:23,MC_04,60.05,37.65,2.12,215.01,9.91,0
2026-07-17 23:11:23,MC_05,60.52,38.91,1.32,227.87,13.63,0
2026-07-17 23:16:23,MC_01,62.23,47.55,2.02,221.19,10.09,0
2026-07-17 23:16:23,MC_02,59.23,42.86,2.55,217.39,11.15,0
2026-07-17 23:16:23,MC_03,64.05,44.89,1.67,225.66,15.09,0
2026-07-17 23:16:23,MC_04,65.19,38.9,2.59,213.43,12.21,0
2026-07-17 23:16:23,MC_05,79.44,36.9,2.23,192.62,31.46,1
2026-07-17 23:21:23,MC_01,53.7,38.38,1.97,217.71,11.77,0
2026-07-17 23:21:23,MC_02,57.97,36.16,2.18,223.7,13.43,0
2026-07-17 23:21:23,MC_03,57.45,37.6,2.05,220.28,14.97,0
2026-07-17 23:21:23,MC_04,52.3,42.28,2.53,222.98,10.3,0
2026-07-17 23:21:23,MC_05,55.28,40.5,3.38,222.8,12.91,0
2026-07-17 23:26:23,MC_01,54.63,47.07,1.99,216.02,9.79,0
2026-07-17 23:26:23,MC_02,71.05,40.18,3.26,186.87,23.23,1
2026-07-17 23:26:23,MC_03,64.37,39.31,2.43,231.75,13.42,0
2026-07-17 23:26:23,MC_04,58.32,39.46,1.89,217.94,14.72,0
2026-07-17 23:26:23,MC_05,62.9,44.36,2.32,223.59,10.71,0
2026-07-17 23:31:23,MC_01,58.64,32.52,2.47,219.61,13.8,0
2026-07-17 23:31:23,MC_02,60.07,38.31,3.02,220.6,10.87,0
2026-07-17 23:31:23,MC_03,60.01,40.71,1.96,217.36,12.01,0
2026-07-17 23:31:23,MC_04,59.03,43.42,2.5,225.28,12.6,0
2026-07-17 23:31:23,MC_05,55.23,42.03,2.48,217.49,13.66,0
2026-07-17 23:36:23,MC_01,53.75,41.26,2.48,221.26,12.27,0
2026-07-17 23:36:23,MC_02,68.08,37.36,2.34,217.29,11.87,0
2026-07-17 23:36:23,MC_03,57.08,41.95,2.6,223.87,10.42,0
2026-07-17 23:36:23,MC_04,58.3,39.1,2.73,216.03,13.37,0
2026-07-17 23:36:23,MC_05,65.93,37.87,3.82,217.85,14.52,0
2026-07-17 23:41:23,MC_01,56.57,36.62,2.37,216.46,10.77,0
2026-07-17 23:41:23,MC_02,65.79,42.1,2.55,217.51,10.57,0
2026-07-17 23:41:23,MC_03,55.03,44.61,3.45,221.97,13.66,0
2026-07-17 23:41:23,MC_04,58.77,34.65,2.81,222.85,12.11,0
2026-07-17 23:41:23,MC_05,55.07,36.9,2.0,220.42,10.37,0
2026-07-17 23:46:23,MC_01,56.58,37.18,2.37,212.56,12.13,0
2026-07-17 23:46:23,MC_02,67.71,45.34,2.89,220.37,12.03,0
2026-07-17 23:46:23,MC_03,63.82,41.97,1.93,215.19,12.0,0
2026-07-17 23:46:23,MC_04,60.83,43.86,1.94,226.36,9.66,0
2026-07-17 23:46:23,MC_05,70.59,32.43,2.47,221.14,11.87,0
2026-07-17 23:51:23,MC_01,65.65,40.12,3.27,217.37,11.35,0
2026-07-17 23:51:23,MC_02,64.08,44.39,1.91,210.9,14.8,0
2026-07-17 23:51:23,MC_03,60.35,28.76,2.37,222.24,12.53,0
2026-07-17 23:51:23,MC_04,64.52,38.45,2.86,216.55,9.88,0
2026-07-17 23:51:23,MC_05,65.05,33.94,2.64,218.67,11.85,0
2026-07-17 23:56:23,MC_01,66.82,40.15,2.42,231.5,9.84,0
2026-07-17 23:56:23,MC_02,66.45,42.63,2.26,228.15,9.23,0
2026-07-17 23:56:23,MC_03,57.39,35.55,2.72,219.07,11.28,0
2026-07-17 23:56:23,MC_04,54.56,51.21,2.26,208.91,10.74,0
2026-07-17 23:56:23,MC_05,53.66,41.59,2.31,218.6,11.44,0
2026-07-18 00:01:23,MC_01,59.59,43.34,2.67,222.5,12.75,0
2026-07-18 00:01:23,MC_02,64.42,44.76,2.17,215.72,10.22,0
2026-07-18 00:01:23,MC_03,60.91,32.59,2.73,219.45,13.7,0
2026-07-18 00:01:23,MC_04,56.64,45.53,2.16,220.91,12.44,0
2026-07-18 00:01:23,MC_05,66.41,32.44,2.29,222.24,12.69,0
2026-07-18 00:06:23,MC_01,66.76,44.79,2.36,226.5,10.93,0
2026-07-18 00:06:23,MC_02,66.07,40.42,2.33,212.36,12.47,0
2026-07-18 00:06:23,MC_03,54.42,38.16,2.49,221.37,11.1,0
2026-07-18 00:06:23,MC_04,56.06,40.91,3.48,221.68,11.46,0
2026-07-18 00:06:23,MC_05,52.36,38.45,1.67,215.75,14.18,0
2026-07-18 00:11:23,MC_01,67.17,36.45,2.84,214.11,14.11,0
2026-07-18 00:11:23,MC_02,61.23,42.71,2.5,224.26,13.37,0
2026-07-18 00:11:23,MC_03,63.9,39.76,2.06,215.4,9.78,0
2026-07-18 00:11:23,MC_04,57.45,44.41,2.59,217.35,13.21,0
2026-07-18 00:11:23,MC_05,59.1,43.12,1.71,215.75,9.54,0
2026-07-18 00:16:23,MC_01,58.7,37.96,2.94,225.34,11.87,0
2026-07-18 00:16:23,MC_02,63.42,35.69,3.19,230.74,12.78,0
2026-07-18 00:16:23,MC_03,49.58,38.31,3.14,222.94,10.94,0
2026-07-18 00:16:23,MC_04,59.09,37.78,3.09,230.58,9.85,0
2026-07-18 00:16:23,MC_05,50.38,40.18,2.87,227.47,12.3,0
2026-07-18 00:21:23,MC_01,60.13,40.29,2.82,216.46,11.35,0
2026-07-18 00:21:23,MC_02,52.61,30.83,1.95,212.15,12.51,0
2026-07-18 00:21:23,MC_03,57.41,37.85,2.01,203.84,14.26,0
2026-07-18 00:21:23,MC_04,55.0,43.89,2.57,215.87,11.41,0
2026-07-18 00:21:23,MC_05,59.09,36.23,1.55,219.2,12.49,0
2026-07-18 00:26:23,MC_01,65.5,37.68,2.5,219.27,11.82,0
2026-07-18 00:26:23,MC_02,64.67,41.73,2.34,228.0,14.33,0
2026-07-18 00:26:23,MC_03,64.66,43.18,3.5,226.19,14.37,0
2026-07-18 00:26:23,MC_04,69.97,40.87,1.71,218.46,12.58,0
2026-07-18 00:26:23,MC_05,60.37,37.04,2.9,227.9,13.37,0
2026-07-18 00:31:23,MC_01,51.29,38.18,2.37,217.51,12.08,0
2026-07-18 00:31:23,MC_02,62.21,32.38,2.26,220.22,13.83,0
2026-07-18 00:31:23,MC_03,61.45,40.18,2.97,216.7,11.14,0
2026-07-18 00:31:23,MC_04,59.94,37.15,2.61,219.5,12.32,0
2026-07-18 00:31:23,MC_05,60.48,40.81,2.5,228.53,10.51,0
2026-07-18 00:36:23,MC_01,59.68,35.54,2.36,218.14,12.42,0
2026-07-18 00:36:23,MC_02,67.18,41.14,2.22,218.75,14.47,0
2026-07-18 00:36:23,MC_03,58.82,37.8,2.2,213.6,10.31,0
2026-07-18 00:36:23,MC_04,55.85,42.37,2.31,218.96,13.91,0
2026-07-18 00:36:23,MC_05,66.48,36.54,2.85,218.98,11.42,0
2026-07-18 00:41:23,MC_01,88.83,59.4,6.75,217.33,24.68,1
2026-07-18 00:41:23,MC_02,53.32,36.52,2.49,227.29,12.78,0
2026-07-18 00:41:23,MC_03,62.84,42.66,2.63,221.07,11.79,0
2026-07-18 00:41:23,MC_04,63.25,36.11,2.05,223.63,10.55,0
2026-07-18 00:41:23,MC_05,54.64,43.33,2.85,213.22,12.72,0
2026-07-18 00:46:23,MC_01,61.68,43.35,2.58,227.13,11.81,0
2026-07-18 00:46:23,MC_02,55.33,35.9,2.61,218.65,12.5,0
2026-07-18 00:46:23,MC_03,53.95,48.68,2.42,219.67,11.88,0
2026-07-18 00:46:23,MC_04,67.76,33.55,2.47,211.89,8.43,0
2026-07-18 00:46:23,MC_05,56.33,41.58,2.55,219.3,13.9,0
2026-07-18 00:51:23,MC_01,50.98,40.4,2.37,214.09,12.6,0
2026-07-18 00:51:23,MC_02,56.31,40.99,2.52,218.6,11.21,0
2026-07-18 00:51:23,MC_03,60.34,44.25,1.66,215.97,10.42,0
2026-07-18 00:51:23,MC_04,54.51,44.26,2.8,223.43,9.88,0
2026-07-18 00:51:23,MC_05,65.16,34.5,2.38,224.72,12.04,0
2026-07-18 00:56:23,MC_01,56.23,39.92,2.82,230.48,11.31,0
2026-07-18 00:56:23,MC_02,61.19,42.35,3.05,223.78,11.25,0
2026-07-18 00:56:23,MC_03,64.07,43.21,3.32,218.23,11.18,0
2026-07-18 00:56:23,MC_04,60.29,44.99,2.85,218.99,12.85,0
2026-07-18 00:56:23,MC_05,57.83,39.73,3.0,223.84,12.93,0
2026-07-18 01:01:23,MC_01,53.66,39.18,2.59,214.38,9.37,0
2026-07-18 01:01:23,MC_02,65.64,40.2,2.6,222.78,10.53,0
2026-07-18 01:01:23,MC_03,57.56,38.94,2.17,216.3,13.66,0
2026-07-18 01:01:23,MC_04,47.62,38.17,2.61,228.48,10.3,0
2026-07-18 01:01:23,MC_05,63.51,40.5,1.78,220.5,14.33,0
2026-07-18 01:06:23,MC_01,61.32,41.66,1.87,218.84,11.73,0
2026-07-18 01:06:23,MC_02,56.83,38.56,1.87,221.89,13.41,0
2026-07-18 01:06:23,MC_03,58.19,29.89,2.47,219.12,12.15,0
2026-07-18 01:06:23,MC_04,67.36,39.74,2.4,223.72,12.03,0
2026-07-18 01:06:23,MC_05,72.83,39.16,2.68,216.25,13.31,0
2026-07-18 01:11:23,MC_01,61.54,38.64,2.06,213.45,12.63,0
2026-07-18 01:11:23,MC_02,53.07,39.29,2.06,220.16,12.04,0
2026-07-18 01:11:23,MC_03,56.18,43.88,2.83,207.5,12.57,0
2026-07-18 01:11:23,MC_04,54.84,37.63,2.39,227.79,10.44,0
2026-07-18 01:11:23,MC_05,59.86,44.83,2.32,226.05,12.02,0
2026-07-18 01:16:23,MC_01,62.65,44.18,2.19,221.14,9.83,0
2026-07-18 01:16:23,MC_02,66.1,46.96,2.32,216.13,10.03,0
2026-07-18 01:16:23,MC_03,61.32,37.59,2.23,228.15,11.56,0
2026-07-18 01:16:23,MC_04,62.93,40.21,1.82,210.78,12.73,0
2026-07-18 01:16:23,MC_05,68.52,41.26,2.81,215.48,13.52,0
2026-07-18 01:21:23,MC_01,62.73,32.93,2.86,217.14,10.16,0
2026-07-18 01:21:23,MC_02,62.01,35.47,1.83,220.3,11.74,0
2026-07-18 01:21:23,MC_03,66.88,35.45,2.96,225.53,12.48,0
2026-07-18 01:21:23,MC_04,56.05,33.91,1.52,229.26,11.55,0
2026-07-18 01:21:23,MC_05,60.84,38.42,1.54,224.32,12.5,0
2026-07-18 01:26:23,MC_01,69.2,45.67,3.1,216.32,11.35,0
2026-07-18 01:26:23,MC_02,80.39,64.69,6.68,216.67,19.23,1
2026-07-18 01:26:23,MC_03,61.51,26.5,2.28,223.82,11.41,0
2026-07-18 01:26:23,MC_04,65.02,42.19,2.91,211.37,11.76,0
2026-07-18 01:26:23,MC_05,58.6,38.62,2.92,210.44,14.67,0
2026-07-18 01:31:23,MC_01,64.53,34.19,2.17,219.39,14.05,0
2026-07-18 01:31:23,MC_02,59.77,41.8,2.21,222.43,14.52,0
2026-07-18 01:31:23,MC_03,63.38,42.31,2.75,225.56,13.66,0
2026-07-18 01:31:23,MC_04,59.36,42.57,2.31,215.38,11.6,0
2026-07-18 01:31:23,MC_05,70.63,33.35,2.93,176.13,27.05,1
2026-07-18 01:36:23,MC_01,67.51,36.22,2.83,220.38,9.35,0
2026-07-18 01:36:23,MC_02,67.67,38.42,2.27,227.67,11.9,0
2026-07-18 01:36:23,MC_03,65.81,39.02,2.75,219.34,10.79,0
2026-07-18 01:36:23,MC_04,62.68,43.07,2.5,210.31,10.17,0
2026-07-18 01:36:23,MC_05,58.55,37.76,2.23,227.19,11.92,0
2026-07-18 01:41:23,MC_01,67.08,44.08,2.2,229.81,11.32,0
2026-07-18 01:41:23,MC_02,88.52,55.52,8.79,223.56,24.37,1
2026-07-18 01:41:23,MC_03,70.68,38.65,2.35,218.27,11.03,0
2026-07-18 01:41:23,MC_04,56.35,36.86,3.47,223.68,13.39,0
2026-07-18 01:41:23,MC_05,65.89,47.34,1.61,213.85,10.79,0
2026-07-18 01:46:23,MC_01,57.65,38.8,2.28,221.1,12.05,0
2026-07-18 01:46:23,MC_02,55.04,37.8,2.38,214.35,11.26,0
2026-07-18 01:46:23,MC_03,54.35,36.6,1.85,219.23,10.7,0
2026-07-18 01:46:23,MC_04,64.53,41.62,2.47,216.01,12.57,0
2026-07-18 01:46:23,MC_05,63.45,41.84,2.96,220.67,13.01,0
2026-07-18 01:51:23,MC_01,94.25,60.83,6.65,225.5,19.9,1
2026-07-18 01:51:23,MC_02,55.13,43.16,2.52,216.55,11.83,0
2026-07-18 01:51:23,MC_03,66.13,41.81,3.38,209.92,12.69,0
2026-07-18 01:51:23,MC_04,66.28,45.56,2.88,221.72,12.13,0
2026-07-18 01:51:23,MC_05,69.97,41.78,2.38,215.94,13.14,0
2026-07-18 01:56:23,MC_01,64.93,45.32,2.06,229.85,10.9,0
2026-07-18 01:56:23,MC_02,54.45,39.05,2.27,225.12,13.32,0
2026-07-18 01:56:23,MC_03,58.88,39.59,1.86,219.6,12.45,0
2026-07-18 01:56:23,MC_04,61.64,37.9,2.13,223.91,10.08,0
2026-07-18 01:56:23,MC_05,54.56,41.22,2.39,218.47,13.52,0
2026-07-18 02:01:23,MC_01,58.61,40.14,2.14,219.25,11.27,0
2026-07-18 02:01:23,MC_02,59.5,43.27,2.31,215.94,13.07,0
2026-07-18 02:01:23,MC_03,66.88,37.74,1.5,216.46,14.43,0
2026-07-18 02:01:23,MC_04,58.41,37.94,2.51,225.06,11.88,0
2026-07-18 02:01:23,MC_05,63.0,40.72,2.3,221.29,11.19,0
2026-07-18 02:06:23,MC_01,53.11,42.39,2.48,227.12,11.5,0
2026-07-18 02:06:23,MC_02,59.9,34.12,1.95,211.61,13.62,0
2026-07-18 02:06:23,MC_03,57.7,46.19,2.47,221.7,10.41,0
2026-07-18 02:06:23,MC_04,54.03,35.17,1.89,221.9,11.05,0
2026-07-18 02:06:23,MC_05,51.8,45.32,3.49,213.44,13.58,0
2026-07-18 02:11:23,MC_01,57.73,42.62,2.48,207.03,15.11,0
2026-07-18 02:11:23,MC_02,62.17,39.79,2.14,219.06,13.9,0
2026-07-18 02:11:23,MC_03,61.31,41.5,1.88,218.25,12.08,0
2026-07-18 02:11:23,MC_04,63.48,35.42,2.53,219.51,9.73,0
2026-07-18 02:11:23,MC_05,67.07,38.36,2.68,213.84,12.35,0
2026-07-18 02:16:23,MC_01,57.92,36.89,3.92,218.23,11.68,0
2026-07-18 02:16:23,MC_02,62.02,42.04,2.62,231.48,10.79,0
2026-07-18 02:16:23,MC_03,67.69,41.36,3.44,218.4,12.75,0
2026-07-18 02:16:23,MC_04,65.0,39.93,1.88,212.74,11.86,0
2026-07-18 02:16:23,MC_05,64.95,43.57,1.86,216.83,12.86,0
2026-07-18 02:21:23,MC_01,57.07,36.74,3.33,216.23,12.76,0
2026-07-18 02:21:23,MC_02,70.92,45.11,2.76,223.94,11.49,0
2026-07-18 02:21:23,MC_03,52.61,40.97,1.42,223.57,11.65,0
2026-07-18 02:21:23,MC_04,69.53,35.8,2.84,216.8,13.64,0
2026-07-18 02:21:23,MC_05,54.21,40.5,3.51,223.61,11.95,0
2026-07-18 02:26:23,MC_01,47.69,37.86,2.74,217.45,14.14,0
2026-07-18 02:26:23,MC_02,61.02,38.9,2.26,214.94,13.64,0
2026-07-18 02:26:23,MC_03,57.86,35.67,2.78,216.27,11.4,0
2026-07-18 02:26:23,MC_04,60.12,38.85,2.91,220.73,16.63,0
2026-07-18 02:26:23,MC_05,62.12,39.5,2.19,220.36,11.03,0
2026-07-18 02:31:23,MC_01,65.72,33.69,2.37,216.34,12.46,0
2026-07-18 02:31:23,MC_02,80.01,66.11,10.01,222.3,23.51,1
2026-07-18 02:31:23,MC_03,61.09,43.63,2.34,226.63,11.75,0
2026-07-18 02:31:23,MC_04,55.14,37.05,2.19,232.54,14.71,0
2026-07-18 02:31:23,MC_05,72.13,41.47,2.99,220.9,11.93,0
2026-07-18 02:36:23,MC_01,58.74,41.47,2.48,227.55,7.55,0
2026-07-18 02:36:23,MC_02,65.73,39.74,2.6,224.93,14.24,0
2026-07-18 02:36:23,MC_03,58.5,31.5,2.15,227.33,13.64,0
2026-07-18 02:36:23,MC_04,55.59,37.64,3.27,216.86,12.15,0
2026-07-18 02:36:23,MC_05,56.23,39.61,1.66,211.93,12.01,0
2026-07-18 02:41:23,MC_01,49.69,36.8,2.51,218.17,10.34,0
2026-07-18 02:41:23,MC_02,55.21,47.81,2.54,225.91,12.76,0
2026-07-18 02:41:23,MC_03,58.48,45.23,2.21,228.81,14.23,0
2026-07-18 02:41:23,MC_04,57.65,37.48,1.88,222.14,9.82,0
2026-07-18 02:41:23,MC_05,51.69,46.2,2.76,223.75,10.86,0
2026-07-18 02:46:23,MC_01,63.11,48.01,2.52,225.7,12.44,0
2026-07-18 02:46:23,MC_02,61.86,37.06,2.08,228.72,11.68,0
2026-07-18 02:46:23,MC_03,54.98,45.74,2.15,222.65,14.03,0
2026-07-18 02:46:23,MC_04,57.5,42.13,1.98,232.23,13.4,0
2026-07-18 02:46:23,MC_05,85.38,51.05,7.59,213.87,17.97,1
2026-07-18 02:51:23,MC_01,63.31,36.38,2.4,226.77,11.22,0
2026-07-18 02:51:23,MC_02,60.04,46.67,2.65,212.15,14.29,0
2026-07-18 02:51:23,MC_03,66.75,36.89,3.36,220.47,13.51,0
2026-07-18 02:51:23,MC_04,75.34,35.73,2.44,214.82,11.72,0
2026-07-18 02:51:23,MC_05,57.23,39.16,2.29,225.24,11.86,0
2026-07-18 02:56:23,MC_01,68.04,36.41,2.31,211.33,8.81,0
2026-07-18 02:56:23,MC_02,62.03,38.0,2.97,211.38,12.9,0
2026-07-18 02:56:23,MC_03,61.66,40.28,1.28,222.25,12.48,0
2026-07-18 02:56:23,MC_04,58.2,45.83,2.04,211.3,9.8,0
2026-07-18 02:56:23,MC_05,59.82,46.68,3.6,223.25,10.53,0
2026-07-18 03:01:23,MC_01,66.66,37.43,3.21,218.85,13.07,0
2026-07-18 03:01:23,MC_02,65.73,34.07,2.73,227.14,11.16,0
2026-07-18 03:01:23,MC_03,60.67,38.69,2.5,211.65,12.61,0
2026-07-18 03:01:23,MC_04,67.96,37.14,2.09,220.86,16.27,0
2026-07-18 03:01:23,MC_05,65.5,39.62,2.52,225.99,10.64,0
2026-07-18 03:06:23,MC_01,63.06,38.82,2.6,218.21,13.05,0
2026-07-18 03:06:23,MC_02,67.09,34.78,2.6,223.68,11.31,0
2026-07-18 03:06:23,MC_03,66.06,43.92,1.29,226.79,13.33,0
2026-07-18 03:06:23,MC_04,49.87,36.95,3.05,219.94,11.9,0
2026-07-18 03:06:23,MC_05,60.23,37.52,2.71,214.28,13.11,0
2026-07-18 03:11:23,MC_01,58.19,39.06,2.0,221.65,12.83,0
2026-07-18 03:11:23,MC_02,53.35,37.61,2.52,217.01,11.67,0
2026-07-18 03:11:23,MC_03,48.44,37.61,2.34,217.55,12.4,0
2026-07-18 03:11:23,MC_04,54.86,37.38,3.56,227.76,9.5,0
2026-07-18 03:11:23,MC_05,69.56,42.66,2.48,217.72,13.62,0
2026-07-18 03:16:23,MC_01,60.89,46.93,1.66,222.12,11.16,0
2026-07-18 03:16:23,MC_02,62.55,43.91,3.19,229.76,12.02,0
2026-07-18 03:16:23,MC_03,57.29,43.34,1.83,225.72,11.85,0
2026-07-18 03:16:23,MC_04,55.28,36.3,2.78,224.32,14.55,0
2026-07-18 03:16:23,MC_05,56.51,41.37,2.18,220.1,9.78,0
2026-07-18 03:21:23,MC_01,52.58,42.46,2.16,210.37,8.19,0
2026-07-18 03:21:23,MC_02,67.32,41.42,1.84,217.23,12.72,0
2026-07-18 03:21:23,MC_03,61.18,39.59,2.01,226.0,12.31,0
2026-07-18 03:21:23,MC_04,50.79,42.09,2.19,218.55,12.01,0
2026-07-18 03:21:23,MC_05,52.53,40.23,2.69,220.21,11.71,0
2026-07-18 03:26:23,MC_01,58.11,44.63,2.28,230.66,13.0,0
2026-07-18 03:26:23,MC_02,59.73,34.44,3.15,217.82,11.22,0
2026-07-18 03:26:23,MC_03,61.88,44.57,2.56,220.21,10.95,0
2026-07-18 03:26:23,MC_04,58.87,38.6,3.01,218.69,13.54,0
2026-07-18 03:26:23,MC_05,57.64,42.89,2.6,215.25,11.87,0
2026-07-18 03:31:23,MC_01,52.11,47.99,1.72,232.93,12.77,0
2026-07-18 03:31:23,MC_02,57.41,34.36,2.54,223.5,13.92,0
2026-07-18 03:31:23,MC_03,62.49,37.88,3.19,225.81,12.4,0
2026-07-18 03:31:23,MC_04,83.58,36.4,2.21,171.09,26.51,1
2026-07-18 03:31:23,MC_05,58.69,30.66,3.37,214.65,12.49,0
2026-07-18 03:36:23,MC_01,59.49,39.61,2.9,228.36,12.38,0
2026-07-18 03:36:23,MC_02,65.09,38.15,3.04,225.55,13.62,0
2026-07-18 03:36:23,MC_03,56.7,34.52,3.3,219.94,12.43,0
2026-07-18 03:36:23,MC_04,56.98,40.88,2.84,220.81,12.52,0
2026-07-18 03:36:23,MC_05,58.31,41.98,3.24,223.52,13.21,0
2026-07-18 03:41:23,MC_01,61.47,33.99,1.98,222.27,11.98,0
2026-07-18 03:41:23,MC_02,62.2,46.71,2.86,226.29,12.14,0
2026-07-18 03:41:23,MC_03,55.96,39.77,2.1,227.79,13.19,0
2026-07-18 03:41:23,MC_04,62.6,42.35,1.84,219.96,11.53,0
2026-07-18 03:41:23,MC_05,66.73,37.59,2.85,220.81,9.55,0
2026-07-18 03:46:23,MC_01,55.41,39.4,3.06,222.32,10.25,0
2026-07-18 03:46:23,MC_02,60.56,38.69,2.75,223.82,11.32,0
2026-07-18 03:46:23,MC_03,62.51,40.68,2.74,216.2,10.77,0
2026-07-18 03:46:23,MC_04,61.43,38.77,2.95,216.96,11.8,0
2026-07-18 03:46:23,MC_05,63.93,47.84,2.66,214.79,12.55,0
2026-07-18 03:51:23,MC_01,59.79,40.3,2.04,224.95,10.27,0
2026-07-18 03:51:23,MC_02,54.46,38.59,2.85,225.37,13.22,0
2026-07-18 03:51:23,MC_03,48.96,38.95,3.09,214.38,13.05,0
2026-07-18 03:51:23,MC_04,55.25,37.36,2.59,217.92,13.06,0
2026-07-18 03:51:23,MC_05,67.79,42.65,2.15,219.57,11.89,0
2026-07-18 03:56:23,MC_01,60.4,31.86,2.23,210.34,11.51,0
2026-07-18 03:56:23,MC_02,52.4,41.54,2.5,221.51,11.84,0
2026-07-18 03:56:23,MC_03,53.03,42.05,3.46,222.05,11.36,0
2026-07-18 03:56:23,MC_04,62.27,44.29,2.63,224.0,13.06,0
2026-07-18 03:56:23,MC_05,62.53,37.37,2.59,215.76,12.03,0
2026-07-18 04:01:23,MC_01,53.45,41.93,3.24,223.79,13.25,0
2026-07-18 04:01:23,MC_02,62.94,45.19,1.96,213.07,11.99,0
2026-07-18 04:01:23,MC_03,66.1,38.27,2.31,219.64,12.08,0
2026-07-18 04:01:23,MC_04,60.64,43.77,2.72,216.97,14.0,0
2026-07-18 04:01:23,MC_05,64.83,37.11,2.65,222.72,10.71,0
2026-07-18 04:06:23,MC_01,59.64,49.21,2.12,225.02,11.41,0
2026-07-18 04:06:23,MC_02,63.25,43.68,3.28,234.73,12.38,0
2026-07-18 04:06:23,MC_03,56.68,41.81,2.37,224.63,10.05,0
2026-07-18 04:06:23,MC_04,51.58,37.16,2.91,225.88,10.09,0
2026-07-18 04:06:23,MC_05,63.57,32.21,2.46,225.56,11.17,0
2026-07-18 04:11:23,MC_01,52.47,40.58,2.2,223.15,10.67,0
2026-07-18 04:11:23,MC_02,56.14,39.36,1.91,220.97,13.54,0
2026-07-18 04:11:23,MC_03,61.37,35.18,3.53,217.65,12.98,0
2026-07-18 04:11:23,MC_04,63.85,40.98,1.79,218.34,11.08,0
2026-07-18 04:11:23,MC_05,65.63,46.41,2.99,226.35,11.48,0
2026-07-18 04:16:23,MC_01,56.82,36.89,2.82,221.14,11.88,0
2026-07-18 04:16:23,MC_02,55.81,37.28,2.84,225.21,12.83,0
2026-07-18 04:16:23,MC_03,69.48,36.65,1.85,218.06,13.13,0
2026-07-18 04:16:23,MC_04,65.84,39.02,2.81,224.12,9.03,0
2026-07-18 04:16:23,MC_05,57.93,35.21,1.28,218.17,11.89,0
2026-07-18 04:21:23,MC_01,62.53,42.68,1.32,213.43,11.54,0
2026-07-18 04:21:23,MC_02,62.86,41.96,2.74,218.08,11.51,0
2026-07-18 04:21:23,MC_03,56.36,43.07,2.04,224.25,12.31,0
2026-07-18 04:21:23,MC_04,59.77,37.41,2.33,208.15,11.7,0
2026-07-18 04:21:23,MC_05,57.52,40.19,2.22,220.74,14.31,0
2026-07-18 04:26:23,MC_01,82.46,43.0,1.66,188.67,30.47,1
2026-07-18 04:26:23,MC_02,58.49,38.28,2.66,229.84,11.65,0
2026-07-18 04:26:23,MC_03,57.75,43.46,3.24,210.46,11.94,0
2026-07-18 04:26:23,MC_04,50.41,33.63,2.55,217.33,10.8,0
2026-07-18 04:26:23,MC_05,60.47,37.23,3.15,216.9,14.26,0
2026-07-18 04:31:23,MC_01,59.85,37.39,2.14,227.57,13.04,0
2026-07-18 04:31:23,MC_02,56.2,40.48,1.32,213.34,10.87,0
2026-07-18 04:31:23,MC_03,50.43,34.29,2.73,221.15,11.48,0
2026-07-18 04:31:23,MC_04,70.26,39.8,2.23,217.34,13.39,0
2026-07-18 04:31:23,MC_05,62.36,43.85,2.22,218.28,12.67,0
2026-07-18 04:36:23,MC_01,51.06,41.86,1.94,224.71,15.22,0
2026-07-18 04:36:23,MC_02,59.1,38.94,2.83,221.17,11.56,0
2026-07-18 04:36:23,MC_03,60.45,35.51,2.91,228.09,10.2,0
2026-07-18 04:36:23,MC_04,53.89,34.9,1.8,219.03,11.38,0
2026-07-18 04:36:23,MC_05,61.87,39.93,1.97,222.56,9.5,0
2026-07-18 04:41:23,MC_01,57.91,38.85,2.57,217.18,10.73,0
2026-07-18 04:41:23,MC_02,67.17,41.24,2.69,215.97,12.22,0
2026-07-18 04:41:23,MC_03,51.91,41.62,2.58,218.49,11.35,0
2026-07-18 04:41:23,MC_04,50.85,43.58,2.57,223.53,11.99,0
2026-07-18 04:41:23,MC_05,59.04,41.89,2.28,219.34,14.39,0
2026-07-18 04:46:23,MC_01,63.2,34.88,2.39,215.23,12.68,0
2026-07-18 04:46:23,MC_02,63.87,38.16,2.29,219.81,10.71,0
2026-07-18 04:46:23,MC_03,59.94,41.68,1.7,213.57,10.25,0
2026-07-18 04:46:23,MC_04,48.66,47.79,1.51,220.15,12.85,0
2026-07-18 04:46:23,MC_05,56.4,40.68,1.41,225.87,12.0,0
2026-07-18 04:51:23,MC_01,68.16,36.29,2.39,217.43,10.84,0
2026-07-18 04:51:23,MC_02,55.62,38.57,2.29,223.81,13.01,0
2026-07-18 04:51:23,MC_03,52.33,37.63,3.13,221.47,12.5,0
2026-07-18 04:51:23,MC_04,61.19,38.95,2.48,217.98,13.28,0
2026-07-18 04:51:23,MC_05,63.68,38.69,2.46,218.21,11.87,0
2026-07-18 04:56:23,MC_01,58.38,39.31,3.01,223.12,9.63,0
2026-07-18 04:56:23,MC_02,52.19,41.1,2.45,230.11,11.5,0
2026-07-18 04:56:23,MC_03,56.12,42.36,2.85,234.63,10.19,0
2026-07-18 04:56:23,MC_04,61.75,45.53,2.93,213.96,13.03,0
2026-07-18 04:56:23,MC_05,49.43,42.44,2.67,229.53,12.16,0
2026-07-18 05:01:23,MC_01,58.13,41.55,2.72,215.14,12.58,0
2026-07-18 05:01:23,MC_02,70.93,44.55,2.08,231.69,13.03,0
2026-07-18 05:01:23,MC_03,73.71,40.45,2.51,189.33,28.18,1
2026-07-18 05:01:23,MC_04,64.31,37.14,2.48,208.32,12.64,0
2026-07-18 05:01:23,MC_05,61.1,34.27,3.46,219.49,11.78,0
2026-07-18 05:06:23,MC_01,55.17,44.14,2.93,222.73,11.46,0
2026-07-18 05:06:23,MC_02,58.82,44.2,2.65,228.06,13.8,0
2026-07-18 05:06:23,MC_03,57.72,45.44,1.82,227.55,12.57,0
2026-07-18 05:06:23,MC_04,66.72,42.61,2.74,223.08,11.4,0
2026-07-18 05:06:23,MC_05,59.72,38.53,2.18,220.68,11.51,0
2026-07-18 05:11:23,MC_01,62.51,33.51,2.44,220.66,11.53,0
2026-07-18 05:11:23,MC_02,59.14,33.66,2.68,223.24,12.74,0
2026-07-18 05:11:23,MC_03,62.39,40.62,2.84,212.11,10.66,0
2026-07-18 05:11:23,MC_04,67.93,30.16,2.43,225.86,11.86,0
2026-07-18 05:11:23,MC_05,58.23,40.12,2.16,225.54,14.13,0
2026-07-18 05:16:23,MC_01,59.33,34.45,2.24,219.08,12.76,0
2026-07-18 05:16:23,MC_02,62.55,43.76,2.19,213.33,16.93,0
2026-07-18 05:16:23,MC_03,63.92,39.5,2.93,220.8,12.14,0
2026-07-18 05:16:23,MC_04,59.43,34.21,3.47,215.29,9.96,0
2026-07-18 05:16:23,MC_05,58.94,36.15,2.47,223.44,13.49,0
2026-07-18 05:21:23,MC_01,60.25,41.63,1.62,222.85,9.81,0
2026-07-18 05:21:23,MC_02,70.2,36.92,2.19,231.37,13.41,0
2026-07-18 05:21:23,MC_03,65.97,38.88,2.65,219.93,14.96,0
2026-07-18 05:21:23,MC_04,56.02,34.27,3.6,214.09,12.33,0
2026-07-18 05:21:23,MC_05,51.3,38.4,2.71,215.88,12.88,0
2026-07-18 05:26:23,MC_01,58.65,37.65,2.54,220.92,12.93,0
2026-07-18 05:26:23,MC_02,58.78,40.46,3.15,223.23,13.05,0
2026-07-18 05:26:23,MC_03,63.62,39.38,2.66,214.57,13.9,0
2026-07-18 05:26:23,MC_04,46.09,39.65,3.07,213.18,12.6,0
2026-07-18 05:26:23,MC_05,56.6,38.52,2.97,220.99,8.95,0
2026-07-18 05:31:23,MC_01,55.12,43.9,2.72,228.74,14.52,0
2026-07-18 05:31:23,MC_02,58.29,36.15,2.18,208.72,14.41,0
2026-07-18 05:31:23,MC_03,58.86,40.38,2.02,211.22,11.68,0
2026-07-18 05:31:23,MC_04,58.39,38.45,2.61,227.15,11.55,0
2026-07-18 05:31:23,MC_05,62.77,37.54,2.55,222.74,10.31,0
2026-07-18 05:36:23,MC_01,66.32,40.77,2.82,217.27,12.72,0
2026-07-18 05:36:23,MC_02,62.3,35.6,2.97,216.64,11.76,0
2026-07-18 05:36:23,MC_03,66.86,35.94,2.2,221.97,12.54,0
2026-07-18 05:36:23,MC_04,61.41,39.27,3.58,220.18,14.72,0
2026-07-18 05:36:23,MC_05,54.15,44.76,3.38,216.09,11.31,0
2026-07-18 05:41:23,MC_01,63.59,40.89,2.51,213.0,14.46,0
2026-07-18 05:41:23,MC_02,57.48,39.24,2.65,221.64,12.23,0
2026-07-18 05:41:23,MC_03,60.99,40.46,2.62,220.36,10.09,0
2026-07-18 05:41:23,MC_04,53.41,43.31,2.92,221.53,8.8,0
2026-07-18 05:41:23,MC_05,54.87,40.68,2.57,218.89,12.55,0
2026-07-18 05:46:23,MC_01,60.06,43.93,2.28,213.35,10.84,0
2026-07-18 05:46:23,MC_02,59.79,39.26,1.88,223.93,11.02,0
2026-07-18 05:46:23,MC_03,59.5,33.49,1.62,219.68,10.18,0
2026-07-18 05:46:23,MC_04,60.83,37.17,3.37,234.21,11.58,0
2026-07-18 05:46:23,MC_05,61.77,36.67,1.96,214.32,12.61,0
2026-07-18 05:51:23,MC_01,62.22,39.85,3.17,221.87,9.78,0
2026-07-18 05:51:23,MC_02,48.85,37.12,2.19,224.72,11.99,0
2026-07-18 05:51:23,MC_03,64.83,42.88,1.49,226.61,12.14,0
2026-07-18 05:51:23,MC_04,61.96,35.26,2.92,224.1,10.54,0
2026-07-18 05:51:23,MC_05,63.27,33.89,3.56,213.88,13.54,0
2026-07-18 05:56:23,MC_01,55.03,44.11,1.86,225.45,13.57,0
2026-07-18 05:56:23,MC_02,52.72,37.5,2.74,215.73,12.4,0
2026-07-18 05:56:23,MC_03,61.21,39.09,2.62,225.73,13.19,0
2026-07-18 05:56:23,MC_04,62.62,36.49,1.86,219.64,10.64,0
2026-07-18 05:56:23,MC_05,63.95,36.69,1.77,217.69,12.68,0
2026-07-18 06:01:23,MC_01,66.5,30.78,3.12,217.28,11.88,0
2026-07-18 06:01:23,MC_02,57.36,40.05,2.76,211.94,10.62,0
2026-07-18 06:01:23,MC_03,55.92,38.6,2.82,218.29,13.62,0
2026-07-18 06:01:23,MC_04,55.01,37.37,1.84,211.29,13.61,0
2026-07-18 06:01:23,MC_05,59.2,44.05,2.41,231.72,12.2,0
2026-07-18 06:06:23,MC_01,65.31,37.65,2.67,222.55,11.14,0
2026-07-18 06:06:23,MC_02,70.35,43.42,3.43,216.85,13.05,0
2026-07-18 06:06:23,MC_03,66.69,46.95,2.01,213.29,14.29,0
2026-07-18 06:06:23,MC_04,59.77,38.25,2.64,227.9,12.36,0
2026-07-18 06:06:23,MC_05,70.83,36.41,2.49,218.13,10.37,0
2026-07-18 06:11:23,MC_01,90.68,59.32,9.62,230.85,26.73,1
2026-07-18 06:11:23,MC_02,65.75,40.21,2.95,214.79,10.21,0
2026-07-18 06:11:23,MC_03,57.68,41.15,3.46,220.24,15.0,0
2026-07-18 06:11:23,MC_04,62.58,39.03,2.63,213.32,9.74,0
2026-07-18 06:11:23,MC_05,69.73,36.76,3.23,226.57,11.26,0
2026-07-18 06:16:23,MC_01,66.94,48.67,3.05,209.32,12.48,0
2026-07-18 06:16:23,MC_02,60.47,37.67,1.99,217.35,11.49,0
2026-07-18 06:16:23,MC_03,59.34,38.75,3.14,219.81,13.39,0
2026-07-18 06:16:23,MC_04,62.34,46.54,2.15,217.76,11.62,0
2026-07-18 06:16:23,MC_05,72.36,45.2,2.53,218.91,11.08,0
2026-07-18 06:21:23,MC_01,63.94,38.08,2.01,199.9,10.58,0
2026-07-18 06:21:23,MC_02,81.37,61.08,5.98,234.0,19.19,1
2026-07-18 06:21:23,MC_03,61.75,43.6,2.21,217.71,13.19,0
2026-07-18 06:21:23,MC_04,61.26,33.21,2.89,213.67,14.83,0
2026-07-18 06:21:23,MC_05,59.59,38.53,2.59,223.16,10.64,0
2026-07-18 06:26:23,MC_01,55.92,37.66,4.02,215.16,13.72,0
2026-07-18 06:26:23,MC_02,63.27,44.52,2.4,229.94,11.12,0
2026-07-18 06:26:23,MC_03,61.17,40.98,1.94,218.57,12.24,0
2026-07-18 06:26:23,MC_04,57.84,49.76,2.08,225.9,13.28,0
2026-07-18 06:26:23,MC_05,59.93,36.54,2.12,217.41,9.32,0
2026-07-18 06:31:23,MC_01,66.73,42.47,2.89,222.94,12.25,0
2026-07-18 06:31:23,MC_02,67.3,42.99,1.84,235.48,12.04,0
2026-07-18 06:31:23,MC_03,64.57,40.15,2.57,212.48,11.17,0
2026-07-18 06:31:23,MC_04,62.59,39.52,1.81,225.28,14.15,0
2026-07-18 06:31:23,MC_05,65.22,53.72,2.56,213.44,11.12,0
2026-07-18 06:36:23,MC_01,63.13,41.52,3.27,226.55,13.3,0
2026-07-18 06:36:23,MC_02,63.53,41.02,1.63,216.12,10.25,0
2026-07-18 06:36:23,MC_03,49.92,50.5,2.42,226.47,9.65,0
2026-07-18 06:36:23,MC_04,57.35,40.39,2.05,217.89,11.67,0
2026-07-18 06:36:23,MC_05,58.83,47.42,2.69,222.4,12.81,0
2026-07-18 06:41:23,MC_01,63.06,39.67,2.34,220.83,13.74,0
2026-07-18 06:41:23,MC_02,65.63,39.22,2.52,217.63,11.73,0
2026-07-18 06:41:23,MC_03,60.68,34.21,2.35,218.79,10.76,0
2026-07-18 06:41:23,MC_04,60.11,40.49,2.02,218.01,12.12,0
2026-07-18 06:41:23,MC_05,56.69,41.6,3.35,224.58,12.82,0
2026-07-18 06:46:23,MC_01,63.63,42.27,3.03,214.59,9.75,0
2026-07-18 06:46:23,MC_02,60.79,40.27,2.23,224.13,9.21,0
2026-07-18 06:46:23,MC_03,57.33,45.98,1.82,217.06,13.36,0
2026-07-18 06:46:23,MC_04,63.41,41.16,3.67,222.02,11.79,0
2026-07-18 06:46:23,MC_05,55.72,45.48,2.51,222.83,14.27,0
2026-07-18 06:51:23,MC_01,92.73,61.67,8.75,216.22,18.42,1
2026-07-18 06:51:23,MC_02,71.92,42.29,2.41,217.89,13.07,0
2026-07-18 06:51:23,MC_03,66.87,35.65,2.45,221.61,12.68,0
2026-07-18 06:51:23,MC_04,60.85,28.23,2.15,221.48,11.84,0
2026-07-18 06:51:23,MC_05,62.53,37.08,2.23,228.16,11.73,0
2026-07-18 06:56:23,MC_01,59.52,36.39,2.25,211.98,11.56,0
2026-07-18 06:56:23,MC_02,68.8,40.46,2.45,218.24,9.96,0
2026-07-18 06:56:23,MC_03,59.55,41.43,2.44,221.16,10.99,0
2026-07-18 06:56:23,MC_04,53.78,39.58,2.61,219.16,12.31,0
2026-07-18 06:56:23,MC_05,63.88,44.02,2.75,221.78,14.91,0
2026-07-18 07:01:23,MC_01,50.68,39.04,2.81,224.79,10.12,0
2026-07-18 07:01:23,MC_02,63.65,44.54,2.8,222.08,11.8,0
2026-07-18 07:01:23,MC_03,62.92,38.69,3.77,212.45,11.65,0
2026-07-18 07:01:23,MC_04,56.14,45.08,3.0,221.34,11.53,0
2026-07-18 07:01:23,MC_05,64.76,39.51,2.41,225.39,12.95,0
2026-07-18 07:06:23,MC_01,59.13,41.87,3.13,218.25,11.03,0
2026-07-18 07:06:23,MC_02,61.37,37.85,2.04,224.97,11.57,0
2026-07-18 07:06:23,MC_03,50.66,43.39,2.28,222.89,13.63,0
2026-07-18 07:06:23,MC_04,50.18,37.31,2.47,226.0,12.44,0
2026-07-18 07:06:23,MC_05,73.09,38.22,2.62,228.76,14.72,0
2026-07-18 07:11:23,MC_01,61.08,35.7,2.51,217.47,11.91,0
2026-07-18 07:11:23,MC_02,55.74,42.82,2.65,228.17,15.29,0
2026-07-18 07:11:23,MC_03,57.98,43.88,3.56,224.98,13.08,0
2026-07-18 07:11:23,MC_04,50.89,45.55,2.13,219.57,13.26,0
2026-07-18 07:11:23,MC_05,60.74,43.51,2.83,223.14,12.3,0
2026-07-18 07:16:23,MC_01,51.62,40.56,2.53,223.83,11.37,0
2026-07-18 07:16:23,MC_02,56.44,35.39,2.69,225.04,11.06,0
2026-07-18 07:16:23,MC_03,58.91,40.93,2.71,222.66,13.07,0
2026-07-18 07:16:23,MC_04,61.37,42.92,2.12,219.07,12.57,0
2026-07-18 07:16:23,MC_05,50.98,34.89,2.55,219.63,14.14,0
2026-07-18 07:21:23,MC_01,55.6,33.13,2.79,223.35,12.83,0
2026-07-18 07:21:23,MC_02,53.42,40.33,2.8,224.76,12.94,0
2026-07-18 07:21:23,MC_03,60.52,41.99,3.0,221.95,13.8,0
2026-07-18 07:21:23,MC_04,64.37,40.08,1.91,220.42,11.99,0
2026-07-18 07:21:23,MC_05,64.89,38.04,3.26,224.47,12.64,0
2026-07-18 07:26:23,MC_01,68.17,40.05,2.52,183.66,19.59,1
2026-07-18 07:26:23,MC_02,51.14,37.19,2.82,222.53,12.08,0
2026-07-18 07:26:23,MC_03,60.85,37.27,2.17,223.0,10.71,0
2026-07-18 07:26:23,MC_04,58.53,35.65,2.54,215.24,12.16,0
2026-07-18 07:26:23,MC_05,59.28,32.64,1.87,220.28,10.61,0
2026-07-18 07:31:23,MC_01,63.6,42.08,2.2,222.14,10.94,0
2026-07-18 07:31:23,MC_02,61.02,33.72,3.12,220.19,11.27,0
2026-07-18 07:31:23,MC_03,66.83,41.25,2.05,220.28,14.73,0
2026-07-18 07:31:23,MC_04,66.74,42.8,3.08,217.72,9.97,0
2026-07-18 07:31:23,MC_05,92.05,61.21,9.16,216.4,22.53,1
2026-07-18 07:36:23,MC_01,60.68,34.14,3.44,223.76,9.16,0
2026-07-18 07:36:23,MC_02,64.09,43.16,3.21,216.88,13.25,0
2026-07-18 07:36:23,MC_03,58.82,32.39,2.77,218.63,7.9,0
2026-07-18 07:36:23,MC_04,53.47,37.15,2.72,207.21,11.2,0
2026-07-18 07:36:23,MC_05,61.73,35.0,1.69,216.83,13.58,0
2026-07-18 07:41:23,MC_01,63.84,36.24,1.45,229.26,11.11,0
2026-07-18 07:41:23,MC_02,63.59,43.82,2.64,221.94,13.82,0
2026-07-18 07:41:23,MC_03,56.46,40.31,2.81,211.85,14.07,0
2026-07-18 07:41:23,MC_04,62.38,39.96,3.39,224.24,12.35,0
2026-07-18 07:41:23,MC_05,60.02,38.02,2.61,226.86,13.3,0
2026-07-18 07:46:23,MC_01,87.5,57.32,9.31,215.93,18.6,1
2026-07-18 07:46:23,MC_02,69.84,37.25,3.4,217.25,10.72,0
2026-07-18 07:46:23,MC_03,61.48,36.15,2.72,216.57,9.77,0
2026-07-18 07:46:23,MC_04,62.61,44.61,1.76,221.76,10.23,0
2026-07-18 07:46:23,MC_05,63.15,43.2,2.21,218.42,8.67,0
2026-07-18 07:51:23,MC_01,64.73,43.28,2.5,212.36,13.81,0
2026-07-18 07:51:23,MC_02,56.67,37.19,2.87,222.81,12.59,0
2026-07-18 07:51:23,MC_03,61.36,39.79,3.26,213.44,13.53,0
2026-07-18 07:51:23,MC_04,64.11,42.79,3.06,219.54,9.2,0
2026-07-18 07:51:23,MC_05,56.34,35.03,2.26,217.02,8.43,0
2026-07-18 07:56:23,MC_01,63.5,39.19,2.47,217.9,12.14,0
2026-07-18 07:56:23,MC_02,68.41,34.05,2.86,219.49,14.85,0
2026-07-18 07:56:23,MC_03,61.7,38.56,2.38,220.2,10.29,0
2026-07-18 07:56:23,MC_04,55.39,40.38,2.65,210.1,11.79,0
2026-07-18 07:56:23,MC_05,62.82,38.35,2.23,216.82,12.26,0
2026-07-18 08:01:23,MC_01,58.41,39.79,2.16,225.49,8.44,0
2026-07-18 08:01:23,MC_02,57.34,43.27,2.35,215.9,12.66,0
2026-07-18 08:01:23,MC_03,55.99,41.82,2.3,223.73,14.22,0
2026-07-18 08:01:23,MC_04,46.97,40.44,1.63,232.21,11.3,0
2026-07-18 08:01:23,MC_05,55.98,36.31,3.29,224.78,14.92,0
2026-07-18 08:06:23,MC_01,60.28,38.85,1.98,220.42,10.82,0
2026-07-18 08:06:23,MC_02,61.44,46.7,2.48,223.78,15.08,0
2026-07-18 08:06:23,MC_03,66.53,40.92,1.84,222.49,12.41,0
2026-07-18 08:06:23,MC_04,53.96,46.54,2.95,219.65,11.78,0
2026-07-18 08:06:23,MC_05,62.4,40.58,2.51,228.91,11.45,0
2026-07-18 08:11:23,MC_01,60.74,44.55,2.04,218.97,14.23,0
2026-07-18 08:11:23,MC_02,56.62,36.04,2.29,220.56,12.07,0
2026-07-18 08:11:23,MC_03,55.72,40.45,2.84,227.58,13.08,0
2026-07-18 08:11:23,MC_04,61.45,36.29,2.6,227.3,11.69,0
2026-07-18 08:11:23,MC_05,60.65,39.03,1.34,220.1,12.45,0
2026-07-18 08:16:23,MC_01,57.44,43.06,3.49,226.91,9.98,0
2026-07-18 08:16:23,MC_02,57.09,38.15,2.85,224.8,11.85,0
2026-07-18 08:16:23,MC_03,85.47,61.83,5.69,220.1,19.61,1
2026-07-18 08:16:23,MC_04,57.06,39.71,3.15,216.51,14.12,0
2026-07-18 08:16:23,MC_05,55.69,42.43,2.54,222.74,12.2,0
2026-07-18 08:21:23,MC_01,70.76,38.1,3.53,224.26,12.55,0
2026-07-18 08:21:23,MC_02,62.77,37.32,3.56,218.29,11.96,0
2026-07-18 08:21:23,MC_03,57.2,43.27,1.43,221.56,10.65,0
2026-07-18 08:21:23,MC_04,66.5,41.58,1.74,217.92,12.68,0
2026-07-18 08:21:23,MC_05,59.9,43.47,2.72,219.76,12.03,0
2026-07-18 08:26:23,MC_01,54.59,38.68,2.52,225.08,13.51,0
2026-07-18 08:26:23,MC_02,69.09,42.72,2.61,216.39,12.09,0
2026-07-18 08:26:23,MC_03,50.93,40.92,2.02,222.26,13.18,0
2026-07-18 08:26:23,MC_04,62.62,38.9,2.22,219.11,10.54,0
2026-07-18 08:26:23,MC_05,61.3,41.19,2.7,218.66,10.69,0
2026-07-18 08:31:23,MC_01,63.17,41.63,1.59,221.56,10.01,0
2026-07-18 08:31:23,MC_02,53.71,43.33,2.61,215.28,11.13,0
2026-07-18 08:31:23,MC_03,60.67,35.41,2.29,231.9,10.18,0
2026-07-18 08:31:23,MC_04,61.87,47.34,2.16,210.13,11.13,0
2026-07-18 08:31:23,MC_05,57.91,43.96,2.2,218.12,14.06,0
2026-07-18 08:36:23,MC_01,56.26,36.14,2.39,226.05,10.63,0
2026-07-18 08:36:23,MC_02,62.16,35.86,2.24,225.43,10.23,0
2026-07-18 08:36:23,MC_03,61.71,37.93,3.2,222.9,13.32,0
2026-07-18 08:36:23,MC_04,87.53,53.76,7.14,220.81,20.54,1
2026-07-18 08:36:23,MC_05,68.8,36.76,2.03,219.61,13.42,0
2026-07-18 08:41:23,MC_01,70.75,35.98,3.04,216.39,10.69,0
2026-07-18 08:41:23,MC_02,56.28,42.68,2.03,215.05,10.63,0
2026-07-18 08:41:23,MC_03,59.44,39.16,2.02,221.35,15.39,0
2026-07-18 08:41:23,MC_04,57.48,37.76,2.83,216.41,14.75,0
2026-07-18 08:41:23,MC_05,84.13,51.45,8.62,213.66,16.53,1
2026-07-18 08:46:23,MC_01,91.69,70.47,7.36,223.58,20.17,1
2026-07-18 08:46:23,MC_02,49.19,38.32,3.0,217.88,10.89,0
2026-07-18 08:46:23,MC_03,71.39,47.28,2.73,225.69,8.66,0
2026-07-18 08:46:23,MC_04,56.06,38.12,2.38,217.55,8.17,0
2026-07-18 08:46:23,MC_05,61.93,42.17,3.3,216.06,10.69,0
2026-07-18 08:51:23,MC_01,64.51,37.55,3.57,218.72,12.22,0
2026-07-18 08:51:23,MC_02,53.18,42.77,2.86,226.8,10.47,0
2026-07-18 08:51:23,MC_03,62.21,36.54,1.3,221.73,11.77,0
2026-07-18 08:51:23,MC_04,57.17,43.06,2.48,213.4,9.1,0
2026-07-18 08:51:23,MC_05,63.61,40.75,2.41,218.76,13.75,0
2026-07-18 08:56:23,MC_01,57.55,47.76,2.87,226.23,11.12,0
2026-07-18 08:56:23,MC_02,65.29,38.75,2.56,228.18,10.44,0
2026-07-18 08:56:23,MC_03,61.02,38.2,3.54,213.53,14.19,0
2026-07-18 08:56:23,MC_04,52.06,36.52,3.25,210.61,9.59,0
2026-07-18 08:56:23,MC_05,57.56,39.26,2.2,221.56,12.7,0
2026-07-18 09:01:23,MC_01,50.22,36.33,3.21,220.94,11.52,0
2026-07-18 09:01:23,MC_02,65.59,40.55,2.28,220.5,11.72,0
2026-07-18 09:01:23,MC_03,53.36,40.66,3.19,218.59,10.24,0
2026-07-18 09:01:23,MC_04,59.37,39.41,3.35,225.81,11.77,0
2026-07-18 09:01:23,MC_05,63.58,38.43,2.52,218.19,13.15,0
2026-07-18 09:06:23,MC_01,67.16,43.69,2.78,214.3,14.55,0
2026-07-18 09:06:23,MC_02,58.15,42.45,2.78,218.99,10.12,0
2026-07-18 09:06:23,MC_03,61.53,42.21,2.86,221.75,11.59,0
2026-07-18 09:06:23,MC_04,57.68,39.28,1.63,219.09,13.03,0
2026-07-18 09:06:23,MC_05,61.7,41.95,2.9,231.71,12.22,0
2026-07-18 09:11:23,MC_01,69.33,38.71,2.92,226.14,13.53,0
2026-07-18 09:11:23,MC_02,60.63,41.83,2.95,221.67,11.43,0
2026-07-18 09:11:23,MC_03,61.9,36.66,2.41,224.74,9.93,0
2026-07-18 09:11:23,MC_04,49.53,46.03,2.76,223.03,10.38,0
2026-07-18 09:11:23,MC_05,52.08,45.7,2.58,218.02,11.43,0
2026-07-18 09:16:23,MC_01,49.92,39.22,3.14,213.08,11.1,0
2026-07-18 09:16:23,MC_02,60.34,41.72,2.33,215.61,14.53,0
2026-07-18 09:16:23,MC_03,72.06,40.57,2.12,227.38,9.83,0
2026-07-18 09:16:23,MC_04,54.2,38.88,2.07,220.06,12.04,0
2026-07-18 09:16:23,MC_05,56.89,43.24,2.43,224.12,12.88,0
2026-07-18 09:21:23,MC_01,62.86,45.55,1.94,217.63,14.64,0
2026-07-18 09:21:23,MC_02,58.71,40.54,1.19,226.67,10.93,0
2026-07-18 09:21:23,MC_03,61.64,39.1,1.86,214.65,10.6,0
2026-07-18 09:21:23,MC_04,65.43,36.26,3.1,227.32,13.78,0
2026-07-18 09:21:23,MC_05,53.92,39.02,2.16,210.87,13.59,0
2026-07-18 09:26:23,MC_01,56.52,42.23,2.81,216.92,14.79,0
2026-07-18 09:26:23,MC_02,56.75,36.28,2.74,221.09,10.82,0
2026-07-18 09:26:23,MC_03,52.81,37.55,2.33,227.25,10.32,0
2026-07-18 09:26:23,MC_04,68.09,47.97,2.88,223.92,11.13,0
2026-07-18 09:26:23,MC_05,69.74,39.58,2.37,228.32,12.81,0
2026-07-18 09:31:23,MC_01,55.76,37.67,2.55,216.87,10.34,0
2026-07-18 09:31:23,MC_02,66.01,41.18,2.21,227.25,10.32,0
2026-07-18 09:31:23,MC_03,59.73,34.81,2.94,223.72,10.99,0
2026-07-18 09:31:23,MC_04,63.54,36.58,3.07,221.55,11.15,0
2026-07-18 09:31:23,MC_05,57.78,36.62,1.63,225.7,13.46,0
2026-07-18 09:36:23,MC_01,53.63,38.95,2.33,217.86,15.0,0
2026-07-18 09:36:23,MC_02,57.8,36.77,2.12,225.22,9.52,0
2026-07-18 09:36:23,MC_03,56.19,45.79,2.62,220.96,15.2,0
2026-07-18 09:36:23,MC_04,58.59,35.46,3.13,222.87,13.69,0
2026-07-18 09:36:23,MC_05,66.06,39.79,2.06,220.82,13.7,0
2026-07-18 09:41:23,MC_01,59.16,40.6,2.45,224.01,11.0,0
2026-07-18 09:41:23,MC_02,49.02,41.79,2.18,214.32,12.74,0
2026-07-18 09:41:23,MC_03,69.11,36.21,3.39,220.16,9.25,0
2026-07-18 09:41:23,MC_04,59.1,34.1,2.42,215.71,12.74,0
2026-07-18 09:41:23,MC_05,56.47,43.03,2.07,214.59,10.23,0
2026-07-18 09:46:23,MC_01,61.76,40.02,3.26,215.13,9.07,0
2026-07-18 09:46:23,MC_02,56.45,42.61,2.92,208.96,11.02,0
2026-07-18 09:46:23,MC_03,71.59,44.69,2.51,223.98,13.08,0
2026-07-18 09:46:23,MC_04,62.7,38.71,2.59,217.06,12.02,0
2026-07-18 09:46:23,MC_05,54.16,36.84,2.36,215.28,11.24,0
2026-07-18 09:51:23,MC_01,64.75,38.14,3.17,224.69,12.76,0
2026-07-18 09:51:23,MC_02,60.77,41.28,3.09,226.12,14.0,0
2026-07-18 09:51:23,MC_03,60.21,42.22,3.17,216.88,11.52,0
2026-07-18 09:51:23,MC_04,60.08,39.08,1.75,221.23,10.62,0
2026-07-18 09:51:23,MC_05,61.63,45.44,2.52,221.06,13.77,0
2026-07-18 09:56:23,MC_01,52.28,42.26,2.26,215.91,12.21,0
2026-07-18 09:56:23,MC_02,57.46,34.64,1.66,226.58,10.57,0
2026-07-18 09:56:23,MC_03,58.37,45.28,1.69,227.46,11.62,0
2026-07-18 09:56:23,MC_04,56.39,41.76,2.18,210.44,11.67,0
2026-07-18 09:56:23,MC_05,53.22,38.05,2.59,218.94,12.38,0
2026-07-18 10:01:23,MC_01,59.68,26.68,2.62,218.5,10.52,0
2026-07-18 10:01:23,MC_02,61.58,36.22,2.58,213.32,11.01,0
2026-07-18 10:01:23,MC_03,50.6,32.81,2.58,224.31,9.57,0
2026-07-18 10:01:23,MC_04,62.25,41.32,2.75,209.33,15.15,0
2026-07-18 10:01:23,MC_05,58.72,46.05,3.6,220.63,13.5,0
2026-07-18 10:06:23,MC_01,60.22,35.85,3.24,216.89,14.3,0
2026-07-18 10:06:23,MC_02,69.14,48.93,2.41,215.96,9.2,0
2026-07-18 10:06:23,MC_03,71.22,38.24,3.07,216.29,14.31,0
2026-07-18 10:06:23,MC_04,58.96,37.87,2.8,219.74,12.94,0
2026-07-18 10:06:23,MC_05,58.54,48.18,2.61,210.08,11.22,0
2026-07-18 10:11:23,MC_01,65.14,36.31,3.71,219.84,13.87,0
2026-07-18 10:11:23,MC_02,54.22,27.0,3.56,221.07,10.61,0
2026-07-18 10:11:23,MC_03,63.1,44.84,2.36,215.6,13.24,0
2026-07-18 10:11:23,MC_04,64.01,38.25,2.05,222.09,10.99,0
2026-07-18 10:11:23,MC_05,58.0,47.56,2.3,216.01,13.76,0
2026-07-18 10:16:23,MC_01,54.74,37.23,2.79,224.69,13.83,0
2026-07-18 10:16:23,MC_02,57.67,37.58,3.1,217.25,12.42,0
2026-07-18 10:16:23,MC_03,60.78,35.72,2.98,222.8,9.02,0
2026-07-18 10:16:23,MC_04,65.49,34.22,2.32,221.81,12.08,0
2026-07-18 10:16:23,MC_05,63.81,33.93,3.33,222.63,14.04,0
2026-07-18 10:21:23,MC_01,53.58,37.75,3.29,226.93,11.07,0
2026-07-18 10:21:23,MC_02,45.91,39.15,2.36,218.75,12.79,0
2026-07-18 10:21:23,MC_03,62.23,32.8,2.33,231.52,12.56,0
2026-07-18 10:21:23,MC_04,61.84,30.47,2.38,219.81,13.92,0
2026-07-18 10:21:23,MC_05,62.15,36.78,1.89,215.83,12.81,0
2026-07-18 10:26:23,MC_01,66.29,41.89,2.55,223.48,8.37,0
2026-07-18 10:26:23,MC_02,65.81,39.41,2.52,212.47,13.53,0
2026-07-18 10:26:23,MC_03,63.14,36.91,2.61,216.53,12.65,0
2026-07-18 10:26:23,MC_04,68.98,41.76,2.58,229.93,8.5,0
2026-07-18 10:26:23,MC_05,55.92,43.5,2.07,224.99,11.4,0
2026-07-18 10:31:23,MC_01,59.38,38.04,3.03,217.39,11.94,0
2026-07-18 10:31:23,MC_02,62.53,40.84,2.29,218.25,12.04,0
2026-07-18 10:31:23,MC_03,60.1,33.93,2.83,220.91,13.5,0
2026-07-18 10:31:23,MC_04,60.0,39.2,2.87,209.65,12.06,0
2026-07-18 10:31:23,MC_05,62.57,37.35,2.54,216.86,10.91,0
2026-07-18 10:36:23,MC_01,81.59,52.04,7.49,228.84,27.28,1
2026-07-18 10:36:23,MC_02,62.73,45.0,3.13,214.89,12.46,0
2026-07-18 10:36:23,MC_03,65.61,32.87,2.84,216.04,13.0,0
2026-07-18 10:36:23,MC_04,59.45,45.26,2.76,221.61,10.6,0
2026-07-18 10:36:23,MC_05,61.98,47.91,1.8,223.65,13.28,0
2026-07-18 10:41:23,MC_01,68.63,42.9,2.51,222.11,11.6,0
2026-07-18 10:41:23,MC_02,66.1,41.78,3.09,219.93,10.83,0
2026-07-18 10:41:23,MC_03,58.4,38.26,2.28,211.42,12.45,0
2026-07-18 10:41:23,MC_04,63.37,43.24,2.65,211.19,12.42,0
2026-07-18 10:41:23,MC_05,62.84,39.48,3.48,224.24,12.51,0
2026-07-18 10:46:23,MC_01,62.28,31.32,2.04,217.3,12.68,0
2026-07-18 10:46:23,MC_02,51.74,37.92,2.18,220.58,12.68,0
2026-07-18 10:46:23,MC_03,56.77,38.44,2.47,226.58,10.48,0
2026-07-18 10:46:23,MC_04,68.75,35.06,2.98,217.62,10.63,0
2026-07-18 10:46:23,MC_05,66.58,38.89,2.21,219.12,7.16,0
2026-07-18 10:51:23,MC_01,65.91,45.45,2.02,220.96,8.71,0
2026-07-18 10:51:23,MC_02,58.24,38.67,2.49,226.41,11.63,0
2026-07-18 10:51:23,MC_03,58.86,33.45,3.18,225.08,8.68,0
2026-07-18 10:51:23,MC_04,59.35,39.94,2.58,220.98,11.3,0
2026-07-18 10:51:23,MC_05,66.49,36.83,2.26,219.97,9.99,0
2026-07-18 10:56:23,MC_01,68.83,36.17,2.86,223.98,13.41,0
2026-07-18 10:56:23,MC_02,69.52,37.77,2.41,215.77,11.86,0
2026-07-18 10:56:23,MC_03,63.32,42.44,3.32,222.45,12.0,0
2026-07-18 10:56:23,MC_04,54.54,43.47,2.42,224.45,11.36,0
2026-07-18 10:56:23,MC_05,66.0,41.54,2.04,218.17,10.08,0
2026-07-18 11:01:23,MC_01,60.92,34.15,2.65,201.9,13.21,0
2026-07-18 11:01:23,MC_02,87.46,53.13,10.12,214.97,22.18,1
2026-07-18 11:01:23,MC_03,66.19,45.25,2.06,219.23,11.78,0
2026-07-18 11:01:23,MC_04,59.84,37.01,2.08,226.18,11.31,0
2026-07-18 11:01:23,MC_05,58.35,46.22,2.96,225.74,13.23,0
2026-07-18 11:06:23,MC_01,64.73,36.04,2.39,223.42,12.2,0
2026-07-18 11:06:23,MC_02,62.5,35.01,2.55,223.7,11.68,0
2026-07-18 11:06:23,MC_03,62.76,42.23,3.37,215.02,13.83,0
2026-07-18 11:06:23,MC_04,69.18,40.06,2.3,164.03,28.89,1
2026-07-18 11:06:23,MC_05,55.77,40.88,2.85,216.93,11.89,0
2026-07-18 11:11:23,MC_01,58.18,34.93,1.51,216.65,8.28,0
2026-07-18 11:11:23,MC_02,54.34,40.09,3.09,216.36,13.02,0
2026-07-18 11:11:23,MC_03,55.96,41.11,2.58,221.04,11.42,0
2026-07-18 11:11:23,MC_04,61.6,43.39,1.88,215.61,12.36,0
2026-07-18 11:11:23,MC_05,61.63,35.45,2.24,209.75,10.62,0
2026-07-18 11:16:23,MC_01,53.29,40.05,3.68,223.8,8.63,0
2026-07-18 11:16:23,MC_02,51.22,38.87,2.61,213.54,11.67,0
2026-07-18 11:16:23,MC_03,61.1,42.8,2.58,221.65,11.94,0
2026-07-18 11:16:23,MC_04,53.39,45.99,1.77,224.76,9.81,0
2026-07-18 11:16:23,MC_05,63.84,43.89,3.08,214.79,12.25,0
2026-07-18 11:21:23,MC_01,60.22,43.26,2.2,221.65,10.64,0
2026-07-18 11:21:23,MC_02,54.78,42.67,1.87,230.79,9.31,0
2026-07-18 11:21:23,MC_03,56.76,39.3,2.84,224.14,11.67,0
2026-07-18 11:21:23,MC_04,61.66,41.58,1.36,220.4,11.75,0
2026-07-18 11:21:23,MC_05,62.4,38.91,2.82,222.81,10.04,0
2026-07-18 11:26:23,MC_01,61.55,40.11,2.66,224.57,10.29,0
2026-07-18 11:26:23,MC_02,62.37,32.12,2.93,218.08,11.87,0
2026-07-18 11:26:23,MC_03,57.22,39.84,2.63,223.77,13.95,0
2026-07-18 11:26:23,MC_04,66.53,34.11,2.29,217.55,12.02,0
2026-07-18 11:26:23,MC_05,53.68,36.81,3.17,217.25,10.46,0
2026-07-18 11:31:23,MC_01,73.58,32.31,2.6,222.43,12.04,0
2026-07-18 11:31:23,MC_02,58.19,44.98,2.73,211.55,10.7,0
2026-07-18 11:31:23,MC_03,64.74,38.48,2.37,215.1,13.14,0
2026-07-18 11:31:23,MC_04,66.16,37.82,1.8,224.02,11.86,0
2026-07-18 11:31:23,MC_05,52.08,33.01,2.55,222.17,14.09,0
2026-07-18 11:36:23,MC_01,64.43,41.96,2.33,224.56,13.31,0
2026-07-18 11:36:23,MC_02,59.96,35.2,1.61,224.21,12.72,0
2026-07-18 11:36:23,MC_03,63.1,43.52,2.05,210.62,12.77,0
2026-07-18 11:36:23,MC_04,85.95,41.41,1.76,171.49,30.12,1
2026-07-18 11:36:23,MC_05,52.29,42.17,2.49,218.3,11.89,0
2026-07-18 11:41:23,MC_01,60.14,38.78,2.4,217.98,13.28,0
2026-07-18 11:41:23,MC_02,60.97,49.03,2.58,217.25,16.01,0
2026-07-18 11:41:23,MC_03,62.96,42.49,2.77,214.49,12.55,0
2026-07-18 11:41:23,MC_04,53.38,39.3,2.14,221.79,12.5,0
2026-07-18 11:41:23,MC_05,56.97,38.96,2.96,225.34,10.28,0
2026-07-18 11:46:23,MC_01,52.35,37.09,3.02,226.07,10.61,0
2026-07-18 11:46:23,MC_02,62.08,45.69,3.0,215.45,11.72,0
2026-07-18 11:46:23,MC_03,60.17,41.63,1.03,213.44,8.72,0
2026-07-18 11:46:23,MC_04,61.42,36.16,2.84,223.58,10.12,0
2026-07-18 11:46:23,MC_05,52.67,46.8,2.78,216.35,13.33,0
2026-07-18 11:51:23,MC_01,49.28,40.41,2.19,220.48,8.55,0
2026-07-18 11:51:23,MC_02,60.85,42.09,2.36,222.81,10.53,0
2026-07-18 11:51:23,MC_03,44.53,38.21,2.49,219.02,14.19,0
2026-07-18 11:51:23,MC_04,54.38,37.52,1.54,227.55,11.63,0
2026-07-18 11:51:23,MC_05,63.18,41.39,3.82,222.27,11.3,0
2026-07-18 11:56:23,MC_01,57.19,40.16,2.89,216.93,10.79,0
2026-07-18 11:56:23,MC_02,49.66,35.39,1.73,221.93,11.46,0
2026-07-18 11:56:23,MC_03,58.9,43.1,3.26,217.72,13.11,0
2026-07-18 11:56:23,MC_04,52.14,33.42,2.3,215.56,11.22,0
2026-07-18 11:56:23,MC_05,58.9,42.88,2.3,215.88,11.47,0
2026-07-18 12:01:23,MC_01,56.15,36.26,1.69,220.35,11.15,0
2026-07-18 12:01:23,MC_02,64.83,47.25,2.03,218.82,10.18,0
2026-07-18 12:01:23,MC_03,79.81,40.53,1.65,187.39,30.39,1
2026-07-18 12:01:23,MC_04,65.75,36.8,3.36,226.68,10.83,0
2026-07-18 12:01:23,MC_05,62.09,39.18,3.21,221.28,11.06,0
2026-07-18 12:06:23,MC_01,54.25,28.28,3.49,215.82,13.45,0
2026-07-18 12:06:23,MC_02,55.4,40.67,2.72,213.8,13.44,0
2026-07-18 12:06:23,MC_03,59.01,42.96,2.45,229.72,11.93,0
2026-07-18 12:06:23,MC_04,53.87,34.66,2.22,214.93,11.58,0
2026-07-18 12:06:23,MC_05,64.13,37.98,3.77,227.54,11.63,0
2026-07-18 12:11:23,MC_01,58.93,37.6,2.87,215.35,14.49,0
2026-07-18 12:11:23,MC_02,59.67,42.95,2.76,220.78,13.32,0
2026-07-18 12:11:23,MC_03,58.62,38.87,2.4,217.53,12.16,0
2026-07-18 12:11:23,MC_04,59.97,36.05,2.82,220.36,10.97,0
2026-07-18 12:11:23,MC_05,63.91,38.88,3.26,215.25,11.13,0
2026-07-18 12:16:23,MC_01,60.64,45.43,2.14,221.88,10.25,0
2026-07-18 12:16:23,MC_02,63.09,42.68,1.59,221.05,11.24,0
2026-07-18 12:16:23,MC_03,62.49,44.79,3.06,215.03,14.69,0
2026-07-18 12:16:23,MC_04,47.09,40.86,1.86,221.86,11.61,0
2026-07-18 12:16:23,MC_05,54.91,40.31,2.99,229.79,11.74,0
2026-07-18 12:21:23,MC_01,61.49,44.74,2.28,216.08,14.92,0
2026-07-18 12:21:23,MC_02,75.39,37.9,3.44,184.7,27.97,1
2026-07-18 12:21:23,MC_03,54.67,39.73,2.64,218.7,12.58,0
2026-07-18 12:21:23,MC_04,98.41,52.59,9.12,221.79,25.99,1
2026-07-18 12:21:23,MC_05,44.44,40.86,3.08,218.44,11.08,0
2026-07-18 12:26:23,MC_01,59.17,46.39,2.17,222.85,10.27,0
2026-07-18 12:26:23,MC_02,68.17,43.56,1.47,217.9,12.36,0
2026-07-18 12:26:23,MC_03,60.3,36.79,2.47,210.33,12.9,0
2026-07-18 12:26:23,MC_04,60.97,34.24,2.47,211.0,9.52,0
2026-07-18 12:26:23,MC_05,57.73,39.93,3.55,218.67,7.05,0
2026-07-18 12:31:23,MC_01,76.92,39.85,3.05,225.04,10.1,0
2026-07-18 12:31:23,MC_02,51.03,43.91,2.44,223.08,12.46,0
2026-07-18 12:31:23,MC_03,61.78,40.42,2.64,220.23,9.94,0
2026-07-18 12:31:23,MC_04,58.03,44.57,2.01,215.0,10.19,0
2026-07-18 12:31:23,MC_05,61.17,38.58,2.94,218.45,8.4,0
2026-07-18 12:36:23,MC_01,90.51,53.31,8.72,212.78,18.89,1
2026-07-18 12:36:23,MC_02,61.22,43.45,2.51,214.88,10.92,0
2026-07-18 12:36:23,MC_03,59.98,36.91,2.82,218.07,13.34,0
2026-07-18 12:36:23,MC_04,72.64,38.56,2.9,216.27,11.83,0
2026-07-18 12:36:23,MC_05,60.15,38.77,2.79,210.35,12.65,0
2026-07-18 12:41:23,MC_01,65.71,37.89,1.24,219.81,12.03,0
2026-07-18 12:41:23,MC_02,63.62,36.57,1.92,220.99,12.72,0
2026-07-18 12:41:23,MC_03,62.33,40.17,2.05,217.59,8.36,0
2026-07-18 12:41:23,MC_04,61.18,40.11,2.59,222.52,12.58,0
2026-07-18 12:41:23,MC_05,85.62,58.41,10.32,216.32,25.63,1
2026-07-18 12:46:23,MC_01,56.71,36.68,3.18,230.22,12.91,0
2026-07-18 12:46:23,MC_02,58.85,37.34,1.69,217.78,11.64,0
2026-07-18 12:46:23,MC_03,58.93,43.12,2.95,221.86,10.25,0
2026-07-18 12:46:23,MC_04,62.37,46.2,2.41,220.91,10.7,0
2026-07-18 12:46:23,MC_05,64.61,35.79,2.16,210.84,10.96,0
2026-07-18 12:51:23,MC_01,60.8,45.94,2.65,217.11,10.95,0
2026-07-18 12:51:23,MC_02,58.84,41.69,2.34,218.59,13.05,0
2026-07-18 12:51:23,MC_03,59.14,40.37,2.77,220.56,12.61,0
2026-07-18 12:51:23,MC_04,58.82,36.78,2.89,224.08,12.98,0
2026-07-18 12:51:23,MC_05,57.46,44.48,2.68,220.28,11.62,0
2026-07-18 12:56:23,MC_01,66.34,39.73,1.87,228.08,7.96,0
2026-07-18 12:56:23,MC_02,55.12,41.11,2.39,224.94,17.27,0
2026-07-18 12:56:23,MC_03,61.69,40.86,2.31,223.89,9.86,0
2026-07-18 12:56:23,MC_04,61.05,45.3,2.68,222.55,11.54,0
2026-07-18 12:56:23,MC_05,59.03,44.73,2.45,214.1,10.09,0
2026-07-18 13:01:23,MC_01,56.67,42.93,2.55,223.03,11.57,0
2026-07-18 13:01:23,MC_02,60.92,37.9,1.59,222.71,10.84,0
2026-07-18 13:01:23,MC_03,58.85,48.39,2.68,216.78,11.32,0
2026-07-18 13:01:23,MC_04,52.81,35.48,1.86,221.35,12.67,0
2026-07-18 13:01:23,MC_05,56.17,35.41,1.92,214.01,12.54,0
2026-07-18 13:06:23,MC_01,70.07,40.81,2.36,221.66,11.14,0
2026-07-18 13:06:23,MC_02,61.63,45.13,2.69,218.74,13.25,0
2026-07-18 13:06:23,MC_03,65.0,38.29,2.91,220.37,9.89,0
2026-07-18 13:06:23,MC_04,62.03,45.96,3.28,217.6,10.96,0
2026-07-18 13:06:23,MC_05,69.49,33.15,2.2,214.53,14.72,0
2026-07-18 13:11:23,MC_01,59.47,35.21,2.99,223.15,10.1,0
2026-07-18 13:11:23,MC_02,59.87,46.72,2.13,211.89,12.07,0
2026-07-18 13:11:23,MC_03,52.7,40.5,2.5,216.21,14.82,0
2026-07-18 13:11:23,MC_04,59.98,47.04,1.9,211.21,14.59,0
2026-07-18 13:11:23,MC_05,59.33,38.76,2.93,212.78,12.72,0
2026-07-18 13:16:23,MC_01,65.16,39.99,3.14,222.91,14.63,0
2026-07-18 13:16:23,MC_02,55.94,39.71,3.19,214.99,15.17,0
2026-07-18 13:16:23,MC_03,65.53,39.28,2.32,213.84,13.64,0
2026-07-18 13:16:23,MC_04,57.98,39.3,2.44,218.93,12.8,0
2026-07-18 13:16:23,MC_05,56.89,39.89,1.85,225.36,13.99,0
2026-07-18 13:21:23,MC_01,59.82,33.75,1.82,223.75,11.73,0
2026-07-18 13:21:23,MC_02,53.2,43.5,1.73,220.76,12.58,0
2026-07-18 13:21:23,MC_03,58.28,33.13,2.4,226.84,11.48,0
2026-07-18 13:21:23,MC_04,54.77,42.51,2.63,219.99,12.72,0
2026-07-18 13:21:23,MC_05,63.64,36.13,3.31,226.15,10.28,0
2026-07-18 13:26:23,MC_01,67.38,40.53,2.41,218.59,8.33,0
2026-07-18 13:26:23,MC_02,64.64,37.17,2.98,228.37,11.13,0
2026-07-18 13:26:23,MC_03,56.82,44.03,2.27,226.59,10.96,0
2026-07-18 13:26:23,MC_04,61.65,43.93,2.76,225.35,9.82,0
2026-07-18 13:26:23,MC_05,79.74,66.43,9.69,216.18,21.36,1
2026-07-18 13:31:23,MC_01,64.56,37.32,1.79,222.91,9.64,0
2026-07-18 13:31:23,MC_02,60.76,38.43,3.05,217.43,13.5,0
2026-07-18 13:31:23,MC_03,61.46,51.0,2.53,220.31,13.18,0
2026-07-18 13:31:23,MC_04,60.21,33.17,3.07,209.99,11.37,0
2026-07-18 13:31:23,MC_05,56.53,43.52,2.07,213.89,12.41,0
2026-07-18 13:36:23,MC_01,59.09,41.86,2.32,218.54,12.71,0
2026-07-18 13:36:23,MC_02,63.27,42.26,2.94,220.2,10.63,0
2026-07-18 13:36:23,MC_03,57.69,38.06,2.9,218.36,12.17,0
2026-07-18 13:36:23,MC_04,53.79,37.71,3.13,220.71,10.28,0
2026-07-18 13:36:23,MC_05,55.91,42.81,3.0,220.09,15.71,0
2026-07-18 13:41:23,MC_01,55.92,36.1,2.67,217.56,14.51,0
2026-07-18 13:41:23,MC_02,67.33,37.31,3.13,217.18,13.68,0
2026-07-18 13:41:23,MC_03,62.37,40.21,2.15,219.53,12.28,0
2026-07-18 13:41:23,MC_04,65.16,40.18,2.83,215.46,10.03,0
2026-07-18 13:41:23,MC_05,66.42,39.38,1.73,217.6,12.57,0
2026-07-18 13:46:23,MC_01,57.34,39.19,2.03,218.51,14.12,0
2026-07-18 13:46:23,MC_02,65.46,41.0,2.96,217.25,9.35,0
2026-07-18 13:46:23,MC_03,62.92,34.73,2.8,220.7,13.17,0
2026-07-18 13:46:23,MC_04,63.35,38.32,2.46,217.44,11.68,0
2026-07-18 13:46:23,MC_05,55.16,36.73,3.14,220.57,12.36,0
2026-07-18 13:51:23,MC_01,60.72,43.16,2.16,228.35,13.1,0
2026-07-18 13:51:23,MC_02,55.46,35.03,2.76,218.39,13.06,0
2026-07-18 13:51:23,MC_03,80.28,48.88,2.53,175.66,25.2,1
2026-07-18 13:51:23,MC_04,60.1,41.37,3.04,212.26,13.25,0
2026-07-18 13:51:23,MC_05,55.4,36.08,1.95,223.34,11.06,0
2026-07-18 13:56:23,MC_01,61.35,40.3,2.62,225.31,14.24,0
2026-07-18 13:56:23,MC_02,48.91,43.4,3.05,206.64,11.49,0
2026-07-18 13:56:23,MC_03,55.51,38.63,2.23,219.78,13.48,0
2026-07-18 13:56:23,MC_04,59.01,38.99,2.46,216.86,12.54,0
2026-07-18 13:56:23,MC_05,66.47,43.84,2.28,226.26,11.91,0
2026-07-18 14:01:23,MC_01,63.92,42.77,3.28,223.35,11.85,0
2026-07-18 14:01:23,MC_02,62.41,37.8,1.64,216.29,11.97,0
2026-07-18 14:01:23,MC_03,64.6,45.37,2.24,217.18,10.92,0
2026-07-18 14:01:23,MC_04,57.21,44.57,3.31,211.56,10.78,0
2026-07-18 14:01:23,MC_05,50.68,39.89,2.26,221.79,12.99,0
2026-07-18 14:06:23,MC_01,62.76,33.42,2.49,211.52,14.61,0
2026-07-18 14:06:23,MC_02,57.28,40.83,2.87,226.5,12.09,0
2026-07-18 14:06:23,MC_03,58.33,40.48,2.9,216.95,11.96,0
2026-07-18 14:06:23,MC_04,57.54,45.58,2.17,221.51,12.08,0
2026-07-18 14:06:23,MC_05,56.99,47.16,2.87,213.95,9.89,0
2026-07-18 14:11:23,MC_01,63.08,40.54,3.16,222.55,11.95,0
2026-07-18 14:11:23,MC_02,70.31,37.27,1.93,218.7,9.75,0
2026-07-18 14:11:23,MC_03,64.91,38.63,3.97,226.37,11.96,0
2026-07-18 14:11:23,MC_04,65.71,38.56,1.89,222.66,11.99,0
2026-07-18 14:11:23,MC_05,60.34,39.89,2.05,227.94,12.37,0
2026-07-18 14:16:23,MC_01,58.67,43.67,2.5,213.58,14.49,0
2026-07-18 14:16:23,MC_02,59.75,41.5,2.42,203.06,12.37,0
2026-07-18 14:16:23,MC_03,64.61,43.5,2.73,214.93,12.42,0
2026-07-18 14:16:23,MC_04,64.46,38.56,2.36,216.67,11.32,0
2026-07-18 14:16:23,MC_05,59.25,43.7,3.25,213.59,14.22,0
2026-07-18 14:21:23,MC_01,58.35,41.14,1.67,219.57,12.79,0
2026-07-18 14:21:23,MC_02,56.28,48.83,2.14,216.56,11.7,0
2026-07-18 14:21:23,MC_03,63.85,38.12,2.31,214.95,11.63,0
2026-07-18 14:21:23,MC_04,55.09,37.83,1.27,211.33,12.51,0
2026-07-18 14:21:23,MC_05,64.62,37.94,1.51,222.7,9.82,0
2026-07-18 14:26:23,MC_01,55.96,43.54,2.65,215.35,9.44,0
2026-07-18 14:26:23,MC_02,67.52,30.03,2.56,224.58,11.37,0
2026-07-18 14:26:23,MC_03,52.02,38.05,2.65,226.4,11.4,0
2026-07-18 14:26:23,MC_04,61.69,39.53,2.68,222.69,12.96,0
2026-07-18 14:26:23,MC_05,60.02,32.12,2.2,208.04,14.55,0
2026-07-18 14:31:23,MC_01,62.09,38.7,3.21,222.66,12.19,0
2026-07-18 14:31:23,MC_02,61.98,38.47,1.88,224.8,11.89,0
2026-07-18 14:31:23,MC_03,60.2,46.8,2.63,214.09,9.31,0
2026-07-18 14:31:23,MC_04,66.32,37.12,3.15,222.36,13.65,0
2026-07-18 14:31:23,MC_05,61.23,36.65,3.39,218.04,13.21,0
2026-07-18 14:36:23,MC_01,65.42,37.29,2.84,222.67,13.95,0
2026-07-18 14:36:23,MC_02,67.22,35.9,2.8,232.11,12.47,0
2026-07-18 14:36:23,MC_03,68.0,38.7,3.59,181.65,25.38,1
2026-07-18 14:36:23,MC_04,50.46,39.19,1.77,219.19,12.05,0
2026-07-18 14:36:23,MC_05,65.59,40.39,3.01,217.84,10.0,0
2026-07-18 14:41:23,MC_01,62.39,45.91,2.22,223.15,9.71,0
2026-07-18 14:41:23,MC_02,60.9,39.18,2.86,205.33,14.0,0
2026-07-18 14:41:23,MC_03,57.94,33.11,2.77,219.59,12.05,0
2026-07-18 14:41:23,MC_04,65.44,40.62,2.15,219.06,12.62,0
2026-07-18 14:41:23,MC_05,65.08,34.13,2.5,228.05,11.64,0
2026-07-18 14:46:23,MC_01,64.66,36.76,2.1,220.1,9.7,0
2026-07-18 14:46:23,MC_02,68.92,41.61,2.81,225.82,10.55,0
2026-07-18 14:46:23,MC_03,59.17,49.7,2.46,225.58,13.45,0
2026-07-18 14:46:23,MC_04,60.73,41.32,2.12,214.42,11.29,0
2026-07-18 14:46:23,MC_05,81.09,57.06,8.53,226.98,19.04,1
2026-07-18 14:51:23,MC_01,65.55,41.99,2.86,222.85,13.82,0
2026-07-18 14:51:23,MC_02,64.28,37.86,2.2,221.78,15.43,0
2026-07-18 14:51:23,MC_03,59.25,41.45,2.95,217.9,13.2,0
2026-07-18 14:51:23,MC_04,60.07,49.26,2.34,222.61,12.01,0
2026-07-18 14:51:23,MC_05,58.68,42.1,2.1,218.7,11.56,0
2026-07-18 14:56:23,MC_01,62.75,38.52,2.66,220.99,12.19,0
2026-07-18 14:56:23,MC_02,69.85,42.21,3.46,219.65,11.93,0
2026-07-18 14:56:23,MC_03,57.47,38.13,1.55,227.33,11.43,0
2026-07-18 14:56:23,MC_04,63.22,40.3,2.71,214.95,13.77,0
2026-07-18 14:56:23,MC_05,58.17,43.7,1.77,216.23,12.56,0
2026-07-18 15:01:23,MC_01,61.04,47.31,2.77,217.84,11.41,0
2026-07-18 15:01:23,MC_02,90.05,53.16,7.41,217.84,19.83,1
2026-07-18 15:01:23,MC_03,56.14,43.15,2.82,228.44,12.55,0
2026-07-18 15:01:23,MC_04,62.6,34.05,2.6,212.89,15.68,0
2026-07-18 15:01:23,MC_05,60.31,42.2,2.27,224.41,10.18,0
2026-07-18 15:06:23,MC_01,47.28,45.91,3.41,212.99,13.94,0
2026-07-18 15:06:23,MC_02,58.05,37.68,2.87,213.86,11.85,0
2026-07-18 15:06:23,MC_03,56.57,41.89,2.39,217.32,11.68,0
2026-07-18 15:06:23,MC_04,84.96,38.33,1.98,177.27,22.36,1
2026-07-18 15:06:23,MC_05,52.92,45.64,3.02,219.41,11.03,0
2026-07-18 15:11:23,MC_01,91.57,46.65,5.71,220.4,19.8,1
2026-07-18 15:11:23,MC_02,60.37,45.32,2.33,224.13,9.85,0
2026-07-18 15:11:23,MC_03,67.19,40.28,2.64,221.39,13.66,0
2026-07-18 15:11:23,MC_04,56.95,47.93,2.1,215.59,12.82,0
2026-07-18 15:11:23,MC_05,61.14,35.64,3.31,224.47,14.04,0
2026-07-18 15:16:23,MC_01,57.36,41.67,2.6,225.64,13.74,0
2026-07-18 15:16:23,MC_02,68.9,42.22,2.2,222.03,9.73,0
2026-07-18 15:16:23,MC_03,65.28,40.98,3.02,220.53,12.95,0
2026-07-18 15:16:23,MC_04,60.43,39.24,1.66,216.16,12.37,0
2026-07-18 15:16:23,MC_05,58.75,36.55,2.25,218.47,12.01,0
2026-07-18 15:21:23,MC_01,54.85,34.41,3.8,214.35,11.22,0
2026-07-18 15:21:23,MC_02,62.59,38.23,2.62,220.31,11.53,0
2026-07-18 15:21:23,MC_03,59.89,39.94,3.03,224.81,14.38,0
2026-07-18 15:21:23,MC_04,51.22,36.46,2.63,225.26,10.76,0
2026-07-18 15:21:23,MC_05,54.64,39.43,2.65,216.02,10.68,0
2026-07-18 15:26:23,MC_01,59.32,36.55,2.83,215.82,9.58,0
2026-07-18 15:26:23,MC_02,63.28,39.99,2.29,218.05,12.16,0
2026-07-18 15:26:23,MC_03,54.66,34.6,2.08,222.05,12.01,0
2026-07-18 15:26:23,MC_04,67.88,36.65,2.63,217.56,12.05,0
2026-07-18 15:26:23,MC_05,62.29,44.76,3.38,219.35,12.06,0
2026-07-18 15:31:23,MC_01,56.91,37.52,2.98,214.94,13.63,0
2026-07-18 15:31:23,MC_02,61.67,37.48,3.23,218.77,11.38,0
2026-07-18 15:31:23,MC_03,54.85,37.74,2.19,224.23,10.67,0
2026-07-18 15:31:23,MC_04,51.22,45.45,2.51,222.51,12.8,0
2026-07-18 15:31:23,MC_05,65.22,40.58,3.2,223.1,11.07,0
2026-07-18 15:36:23,MC_01,57.51,38.38,2.1,221.6,11.85,0
2026-07-18 15:36:23,MC_02,64.57,40.11,1.8,217.5,13.07,0
2026-07-18 15:36:23,MC_03,54.14,40.2,2.17,222.48,10.26,0
2026-07-18 15:36:23,MC_04,64.92,34.44,2.6,226.05,12.89,0
2026-07-18 15:36:23,MC_05,54.99,37.4,2.27,216.98,14.29,0
2026-07-18 15:41:23,MC_01,50.39,42.62,1.85,215.19,8.99,0
2026-07-18 15:41:23,MC_02,57.25,35.21,3.01,226.16,12.16,0
2026-07-18 15:41:23,MC_03,70.17,43.29,2.84,215.98,12.94,0
2026-07-18 15:41:23,MC_04,78.52,40.51,2.09,168.86,25.67,1
2026-07-18 15:41:23,MC_05,61.61,41.31,2.69,214.89,12.37,0
2026-07-18 15:46:23,MC_01,68.85,32.63,2.63,221.08,12.17,0
2026-07-18 15:46:23,MC_02,65.88,36.47,3.22,221.06,11.89,0
2026-07-18 15:46:23,MC_03,52.84,37.13,3.0,221.44,9.86,0
2026-07-18 15:46:23,MC_04,59.77,44.18,1.8,214.38,12.49,0
2026-07-18 15:46:23,MC_05,51.51,39.57,1.81,220.95,11.39,0
2026-07-18 15:51:23,MC_01,62.87,38.87,2.95,218.55,11.22,0
2026-07-18 15:51:23,MC_02,61.5,45.69,3.09,224.28,13.44,0
2026-07-18 15:51:23,MC_03,52.07,41.99,3.19,215.99,11.41,0
2026-07-18 15:51:23,MC_04,59.7,40.23,2.76,209.95,12.11,0
2026-07-18 15:51:23,MC_05,58.09,33.17,2.78,221.56,12.25,0
2026-07-18 15:56:23,MC_01,63.05,41.28,2.13,223.61,13.34,0
2026-07-18 15:56:23,MC_02,87.05,66.79,7.04,223.06,24.14,1
2026-07-18 15:56:23,MC_03,59.14,35.36,3.22,217.87,10.35,0
2026-07-18 15:56:23,MC_04,58.06,38.7,2.4,219.26,10.83,0
2026-07-18 15:56:23,MC_05,60.72,35.56,2.33,217.24,12.08,0
2026-07-18 16:01:23,MC_01,59.56,47.11,2.94,222.87,14.94,0
2026-07-18 16:01:23,MC_02,62.45,33.63,2.73,211.43,11.3,0
2026-07-18 16:01:23,MC_03,58.26,44.13,2.14,222.73,10.55,0
2026-07-18 16:01:23,MC_04,59.05,34.75,2.75,225.62,11.88,0
2026-07-18 16:01:23,MC_05,57.71,40.62,2.53,221.21,8.21,0
2026-07-18 16:06:23,MC_01,54.65,40.74,2.82,221.29,10.05,0
2026-07-18 16:06:23,MC_02,67.24,45.09,1.87,221.66,11.11,0
2026-07-18 16:06:23,MC_03,60.69,43.01,2.65,218.3,12.27,0
2026-07-18 16:06:23,MC_04,66.8,39.82,2.06,211.9,12.77,0
2026-07-18 16:06:23,MC_05,88.39,50.33,6.94,217.89,25.27,1
2026-07-18 16:11:23,MC_01,69.65,44.1,2.73,217.85,12.1,0
2026-07-18 16:11:23,MC_02,77.91,43.68,2.95,185.32,30.02,1
2026-07-18 16:11:23,MC_03,60.41,41.58,2.49,211.98,12.05,0
2026-07-18 16:11:23,MC_04,71.91,35.22,2.81,169.26,29.77,1
2026-07-18 16:11:23,MC_05,55.13,38.18,1.97,223.29,11.46,0
2026-07-18 16:16:23,MC_01,48.92,31.94,2.87,227.61,11.72,0
2026-07-18 16:16:23,MC_02,62.6,44.13,1.9,216.47,12.15,0
2026-07-18 16:16:23,MC_03,61.55,36.47,2.99,213.89,11.26,0
2026-07-18 16:16:23,MC_04,58.54,43.01,3.13,216.89,12.59,0
2026-07-18 16:16:23,MC_05,61.23,41.42,2.73,225.44,11.5,0
2026-07-18 16:21:23,MC_01,56.66,36.34,1.0,217.98,16.15,0
2026-07-18 16:21:23,MC_02,66.35,37.92,3.2,231.12,12.13,0
2026-07-18 16:21:23,MC_03,59.92,41.13,2.52,222.39,9.0,0
2026-07-18 16:21:23,MC_04,57.6,36.86,1.72,211.06,12.67,0
2026-07-18 16:21:23,MC_05,87.95,50.4,10.3,221.88,19.88,1
2026-07-18 16:26:23,MC_01,54.12,39.52,2.75,209.12,12.59,0
2026-07-18 16:26:23,MC_02,59.25,29.74,2.28,228.95,12.02,0
2026-07-18 16:26:23,MC_03,58.46,42.64,2.39,222.12,14.51,0
2026-07-18 16:26:23,MC_04,56.72,46.7,2.1,221.77,13.1,0
2026-07-18 16:26:23,MC_05,57.45,37.16,3.33,213.08,14.91,0
2026-07-18 16:31:23,MC_01,57.99,37.97,2.43,219.76,13.88,0
2026-07-18 16:31:23,MC_02,69.84,37.82,2.41,214.85,10.23,0
2026-07-18 16:31:23,MC_03,55.83,43.27,1.91,214.52,10.8,0
2026-07-18 16:31:23,MC_04,68.27,44.84,2.35,210.75,11.52,0
2026-07-18 16:31:23,MC_05,68.99,36.59,2.52,216.5,9.69,0
2026-07-18 16:36:23,MC_01,64.43,41.71,2.16,214.97,12.06,0
2026-07-18 16:36:23,MC_02,63.98,40.12,2.63,220.06,10.46,0
2026-07-18 16:36:23,MC_03,60.12,46.54,2.91,215.38,11.89,0
2026-07-18 16:36:23,MC_04,65.21,42.61,3.74,225.96,12.31,0
2026-07-18 16:36:23,MC_05,63.39,45.22,3.0,218.79,12.41,0
2026-07-18 16:41:23,MC_01,66.2,43.39,1.77,221.22,11.75,0
2026-07-18 16:41:23,MC_02,65.57,35.53,2.11,225.57,11.11,0
2026-07-18 16:41:23,MC_03,57.26,47.16,2.65,220.8,11.45,0
2026-07-18 16:41:23,MC_04,67.95,36.82,2.46,215.11,13.54,0
2026-07-18 16:41:23,MC_05,50.96,39.44,2.81,221.71,10.92,0
2026-07-18 16:46:23,MC_01,79.5,42.61,2.73,167.99,29.3,1
2026-07-18 16:46:23,MC_02,63.57,47.67,2.66,225.17,12.25,0
2026-07-18 16:46:23,MC_03,64.2,44.65,3.03,212.44,11.38,0
2026-07-18 16:46:23,MC_04,59.75,42.03,1.95,223.93,12.56,0
2026-07-18 16:46:23,MC_05,60.43,39.28,2.62,218.63,11.51,0
2026-07-18 16:51:23,MC_01,52.17,43.13,1.89,209.98,13.52,0
2026-07-18 16:51:23,MC_02,66.3,35.12,2.15,229.57,11.36,0
2026-07-18 16:51:23,MC_03,66.61,37.5,2.49,218.9,12.81,0
2026-07-18 16:51:23,MC_04,66.08,40.57,2.93,223.06,14.57,0
2026-07-18 16:51:23,MC_05,66.88,41.21,2.77,219.64,13.39,0
2026-07-18 16:56:23,MC_01,55.67,37.49,2.97,220.23,10.61,0
2026-07-18 16:56:23,MC_02,68.47,43.43,2.59,229.18,11.44,0
2026-07-18 16:56:23,MC_03,54.53,45.58,2.94,228.22,11.23,0
2026-07-18 16:56:23,MC_04,59.07,33.73,2.58,223.96,10.98,0
2026-07-18 16:56:23,MC_05,55.43,35.7,3.67,213.5,11.14,0
2026-07-18 17:01:23,MC_01,97.46,53.48,7.22,215.72,20.98,1
2026-07-18 17:01:23,MC_02,61.91,38.27,2.97,221.28,13.29,0
2026-07-18 17:01:23,MC_03,63.27,34.6,2.93,219.44,16.61,0
2026-07-18 17:01:23,MC_04,49.11,33.53,2.24,221.39,13.56,0
2026-07-18 17:01:23,MC_05,55.17,44.52,2.7,216.73,11.68,0
2026-07-18 17:06:23,MC_01,56.45,35.89,2.74,223.14,11.72,0
2026-07-18 17:06:23,MC_02,58.49,42.64,2.43,220.42,8.22,0
2026-07-18 17:06:23,MC_03,60.08,32.69,1.89,213.32,10.44,0
2026-07-18 17:06:23,MC_04,63.32,40.89,1.55,220.42,12.48,0
2026-07-18 17:06:23,MC_05,58.36,43.06,1.71,218.78,14.26,0
2026-07-18 17:11:23,MC_01,62.68,46.62,3.46,219.35,10.55,0
2026-07-18 17:11:23,MC_02,58.65,38.12,1.79,220.62,10.2,0
2026-07-18 17:11:23,MC_03,63.09,44.89,2.31,219.32,11.75,0
2026-07-18 17:11:23,MC_04,60.9,44.93,2.09,218.45,13.35,0
2026-07-18 17:11:23,MC_05,61.13,41.99,2.14,217.11,10.86,0
2026-07-18 17:16:23,MC_01,55.67,38.94,2.05,212.72,13.31,0
2026-07-18 17:16:23,MC_02,57.4,40.75,1.75,216.29,13.13,0
2026-07-18 17:16:23,MC_03,72.94,41.65,2.19,224.25,10.7,0
2026-07-18 17:16:23,MC_04,66.1,37.29,2.32,224.73,10.46,0
2026-07-18 17:16:23,MC_05,60.34,41.53,2.0,217.28,12.74,0
2026-07-18 17:21:23,MC_01,61.08,41.74,3.12,221.6,14.31,0
2026-07-18 17:21:23,MC_02,64.56,37.91,3.15,221.32,11.41,0
2026-07-18 17:21:23,MC_03,62.28,47.29,3.04,222.62,10.46,0
2026-07-18 17:21:23,MC_04,59.1,42.55,2.58,220.6,13.08,0
2026-07-18 17:21:23,MC_05,55.71,46.78,1.48,227.28,11.93,0
2026-07-18 17:26:23,MC_01,65.01,42.22,2.9,218.36,13.55,0
2026-07-18 17:26:23,MC_02,54.58,39.98,2.92,224.98,12.69,0
2026-07-18 17:26:23,MC_03,58.03,47.01,2.46,212.3,10.21,0
2026-07-18 17:26:23,MC_04,60.22,40.56,3.48,214.81,12.06,0
2026-07-18 17:26:23,MC_05,54.7,38.03,3.34,214.32,12.88,0
2026-07-18 17:31:23,MC_01,96.1,47.97,10.55,229.62,21.2,1
2026-07-18 17:31:23,MC_02,72.12,38.82,2.95,215.67,8.58,0
2026-07-18 17:31:23,MC_03,51.41,38.11,2.31,221.29,12.35,0
2026-07-18 17:31:23,MC_04,62.0,43.61,1.62,223.91,13.72,0
2026-07-18 17:31:23,MC_05,57.2,40.21,2.49,224.17,12.78,0
2026-07-18 17:36:23,MC_01,58.24,34.94,2.38,222.77,10.4,0
2026-07-18 17:36:23,MC_02,76.94,58.06,8.8,213.71,18.85,1
2026-07-18 17:36:23,MC_03,58.96,33.74,2.61,214.79,10.78,0
2026-07-18 17:36:23,MC_04,60.26,36.73,2.59,224.7,12.93,0
2026-07-18 17:36:23,MC_05,73.72,37.14,2.63,227.74,14.23,0
2026-07-18 17:41:23,MC_01,67.42,51.56,2.85,218.16,10.49,0
2026-07-18 17:41:23,MC_02,71.09,39.19,2.66,222.72,10.65,0
2026-07-18 17:41:23,MC_03,56.93,33.39,3.02,218.29,12.7,0
2026-07-18 17:41:23,MC_04,67.11,40.78,2.53,226.23,12.47,0
2026-07-18 17:41:23,MC_05,66.15,34.65,3.27,221.82,12.42,0
2026-07-18 17:46:23,MC_01,65.03,38.49,1.76,215.01,12.85,0
2026-07-18 17:46:23,MC_02,65.95,45.33,2.56,221.29,10.21,0
2026-07-18 17:46:23,MC_03,64.98,46.75,2.2,219.37,12.49,0
2026-07-18 17:46:23,MC_04,62.46,38.7,3.15,212.45,13.68,0
2026-07-18 17:46:23,MC_05,63.31,31.68,2.1,225.24,11.92,0
2026-07-18 17:51:23,MC_01,63.54,37.13,2.02,219.46,11.0,0
2026-07-18 17:51:23,MC_02,52.29,45.07,2.97,226.1,13.08,0
2026-07-18 17:51:23,MC_03,60.75,42.39,3.23,223.43,13.86,0
2026-07-18 17:51:23,MC_04,54.84,38.69,2.71,225.8,11.78,0
2026-07-18 17:51:23,MC_05,59.59,42.75,1.94,228.04,10.68,0
2026-07-18 17:56:23,MC_01,50.41,42.35,2.88,220.21,11.77,0
2026-07-18 17:56:23,MC_02,60.98,45.25,2.67,223.12,14.38,0
2026-07-18 17:56:23,MC_03,61.64,39.51,2.09,230.11,12.79,0
2026-07-18 17:56:23,MC_04,66.27,35.85,3.43,206.22,14.13,0
2026-07-18 17:56:23,MC_05,62.43,47.56,2.85,215.48,9.42,0
2026-07-18 18:01:23,MC_01,60.89,40.0,1.74,219.72,11.14,0
2026-07-18 18:01:23,MC_02,60.05,42.9,3.25,224.54,10.92,0
2026-07-18 18:01:23,MC_03,53.34,41.59,3.43,220.16,9.61,0
2026-07-18 18:01:23,MC_04,60.15,35.15,2.93,222.62,11.74,0
2026-07-18 18:01:23,MC_05,60.04,36.91,1.81,225.69,11.42,0
2026-07-18 18:06:23,MC_01,60.84,35.3,1.66,217.06,12.59,0
2026-07-18 18:06:23,MC_02,70.64,32.62,2.12,229.48,11.93,0
2026-07-18 18:06:23,MC_03,56.47,38.61,2.6,216.71,10.47,0
2026-07-18 18:06:23,MC_04,60.05,41.42,2.93,225.64,11.39,0
2026-07-18 18:06:23,MC_05,62.5,38.08,1.99,222.51,9.44,0
2026-07-18 18:11:23,MC_01,53.32,36.49,3.05,223.44,11.17,0
2026-07-18 18:11:23,MC_02,63.65,34.46,2.4,219.51,10.15,0
2026-07-18 18:11:23,MC_03,61.84,41.12,2.72,221.39,13.09,0
2026-07-18 18:11:23,MC_04,59.1,37.66,3.17,209.78,13.32,0
2026-07-18 18:11:23,MC_05,61.31,34.04,2.09,215.75,11.67,0
2026-07-18 18:16:23,MC_01,55.98,31.91,2.77,224.29,12.81,0
2026-07-18 18:16:23,MC_02,56.26,38.32,1.9,219.43,9.75,0
2026-07-18 18:16:23,MC_03,59.0,35.01,2.6,216.6,12.44,0
2026-07-18 18:16:23,MC_04,47.36,36.66,2.35,222.3,9.52,0
2026-07-18 18:16:23,MC_05,55.09,41.51,2.72,221.69,12.29,0
2026-07-18 18:21:23,MC_01,60.28,42.66,1.38,227.72,8.69,0
2026-07-18 18:21:23,MC_02,54.6,28.02,2.49,223.96,13.49,0
2026-07-18 18:21:23,MC_03,56.92,38.43,1.98,215.55,12.65,0
2026-07-18 18:21:23,MC_04,60.66,42.82,2.94,211.29,10.72,0
2026-07-18 18:21:23,MC_05,58.84,39.91,2.16,224.56,14.97,0
2026-07-18 18:26:23,MC_01,60.93,32.54,2.51,224.9,11.04,0
2026-07-18 18:26:23,MC_02,59.7,36.37,3.55,217.61,10.27,0
2026-07-18 18:26:23,MC_03,59.53,41.94,2.06,227.44,12.84,0
2026-07-18 18:26:23,MC_04,65.24,41.46,2.91,215.63,11.26,0
2026-07-18 18:26:23,MC_05,66.73,41.0,2.28,216.51,12.43,0
2026-07-18 18:31:23,MC_01,65.7,41.81,2.34,222.57,11.46,0
2026-07-18 18:31:23,MC_02,62.06,43.19,1.73,226.14,11.04,0
2026-07-18 18:31:23,MC_03,61.82,36.0,1.87,219.06,10.19,0
2026-07-18 18:31:23,MC_04,54.69,41.71,3.25,219.26,12.2,0
2026-07-18 18:31:23,MC_05,65.96,44.28,2.93,226.46,12.42,0
2026-07-18 18:36:23,MC_01,57.09,44.38,3.07,225.53,12.07,0
2026-07-18 18:36:23,MC_02,56.42,40.77,2.97,225.12,11.36,0
2026-07-18 18:36:23,MC_03,91.08,56.76,6.9,214.25,27.8,1
2026-07-18 18:36:23,MC_04,57.36,44.45,2.57,220.97,11.76,0
2026-07-18 18:36:23,MC_05,56.39,46.79,2.09,221.61,12.1,0
2026-07-18 18:41:23,MC_01,63.95,42.14,1.97,214.14,10.15,0
2026-07-18 18:41:23,MC_02,58.78,48.4,2.48,220.8,12.89,0
2026-07-18 18:41:23,MC_03,58.54,40.91,1.65,215.55,9.48,0
2026-07-18 18:41:23,MC_04,63.63,41.42,2.98,216.77,10.31,0
2026-07-18 18:41:23,MC_05,70.58,42.03,1.84,215.14,9.77,0
2026-07-18 18:46:23,MC_01,59.35,35.71,1.91,220.47,12.73,0
2026-07-18 18:46:23,MC_02,54.08,41.89,2.97,208.35,14.36,0
2026-07-18 18:46:23,MC_03,63.51,43.82,1.99,223.94,13.35,0
2026-07-18 18:46:23,MC_04,67.58,43.12,2.43,184.72,25.21,1
2026-07-18 18:46:23,MC_05,60.84,36.78,2.9,213.26,12.15,0
2026-07-18 18:51:23,MC_01,57.79,41.02,2.71,218.98,13.02,0
2026-07-18 18:51:23,MC_02,59.45,43.71,2.16,217.57,11.0,0
2026-07-18 18:51:23,MC_03,62.86,35.48,2.2,221.86,10.64,0
2026-07-18 18:51:23,MC_04,56.37,43.82,3.13,216.33,10.67,0
2026-07-18 18:51:23,MC_05,60.61,39.18,2.68,226.98,13.23,0
2026-07-18 18:56:23,MC_01,62.45,46.89,0.99,223.45,11.76,0
2026-07-18 18:56:23,MC_02,68.55,43.1,2.31,215.28,12.22,0
2026-07-18 18:56:23,MC_03,64.37,51.29,3.04,225.75,9.81,0
2026-07-18 18:56:23,MC_04,56.46,40.3,2.0,228.0,14.12,0
2026-07-18 18:56:23,MC_05,57.33,50.36,2.57,222.88,14.1,0
2026-07-18 19:01:23,MC_01,59.29,42.06,2.09,220.76,10.34,0
2026-07-18 19:01:23,MC_02,51.1,43.7,2.46,228.73,11.15,0
2026-07-18 19:01:23,MC_03,54.09,43.27,2.18,222.3,14.47,0
2026-07-18 19:01:23,MC_04,54.5,36.56,3.18,218.56,11.42,0
2026-07-18 19:01:23,MC_05,70.56,42.09,2.96,226.77,11.02,0
2026-07-18 19:06:23,MC_01,66.25,38.91,2.19,224.11,12.4,0
2026-07-18 19:06:23,MC_02,58.62,38.69,2.52,222.32,12.58,0
2026-07-18 19:06:23,MC_03,58.18,37.38,1.77,224.92,12.02,0
2026-07-18 19:06:23,MC_04,57.61,34.5,2.53,221.54,11.61,0
2026-07-18 19:06:23,MC_05,67.37,43.16,2.73,203.32,13.93,0
2026-07-18 19:11:23,MC_01,59.15,41.63,2.82,224.46,13.22,0
2026-07-18 19:11:23,MC_02,61.26,37.0,2.95,224.19,13.09,0
2026-07-18 19:11:23,MC_03,54.19,44.31,2.37,228.42,9.72,0
2026-07-18 19:11:23,MC_04,68.82,40.78,2.15,219.64,10.89,0
2026-07-18 19:11:23,MC_05,55.49,36.93,1.81,217.48,13.97,0
2026-07-18 19:16:23,MC_01,55.77,38.52,3.61,219.19,12.5,0
2026-07-18 19:16:23,MC_02,61.17,39.36,3.51,219.5,11.34,0
2026-07-18 19:16:23,MC_03,86.52,45.73,7.9,218.98,21.3,1
2026-07-18 19:16:23,MC_04,56.55,37.21,2.45,223.52,12.24,0
2026-07-18 19:16:23,MC_05,56.21,44.73,2.25,217.74,9.08,0
2026-07-18 19:21:23,MC_01,63.06,44.44,2.56,206.9,12.1,0
2026-07-18 19:21:23,MC_02,61.01,43.58,2.48,216.14,11.85,0
2026-07-18 19:21:23,MC_03,59.52,36.04,2.78,216.31,11.53,0
2026-07-18 19:21:23,MC_04,57.68,40.13,3.04,220.48,11.0,0
2026-07-18 19:21:23,MC_05,62.8,46.02,1.69,221.32,12.28,0
2026-07-18 19:26:23,MC_01,59.67,36.0,2.61,223.25,11.93,0
2026-07-18 19:26:23,MC_02,62.3,33.67,3.62,218.86,11.27,0
2026-07-18 19:26:23,MC_03,58.67,40.16,2.56,221.12,11.95,0
2026-07-18 19:26:23,MC_04,57.56,40.65,2.23,221.46,11.8,0
2026-07-18 19:26:23,MC_05,59.29,42.83,3.49,224.32,9.78,0
2026-07-18 19:31:23,MC_01,56.19,41.56,2.75,217.58,13.78,0
2026-07-18 19:31:23,MC_02,67.27,44.39,2.93,222.51,12.02,0
2026-07-18 19:31:23,MC_03,60.88,45.23,2.16,220.09,13.34,0
2026-07-18 19:31:23,MC_04,60.82,38.3,1.99,216.26,10.37,0
2026-07-18 19:31:23,MC_05,70.88,57.77,8.49,218.61,24.66,1
2026-07-18 19:36:23,MC_01,61.92,42.32,2.06,220.7,10.2,0
2026-07-18 19:36:23,MC_02,55.98,40.66,2.58,225.88,9.59,0
2026-07-18 19:36:23,MC_03,59.62,43.02,2.75,216.48,13.33,0
2026-07-18 19:36:23,MC_04,53.62,39.87,2.84,205.12,13.98,0
2026-07-18 19:36:23,MC_05,60.66,44.37,2.8,225.5,9.95,0
2026-07-18 19:41:23,MC_01,68.59,42.56,3.92,217.66,10.91,0
2026-07-18 19:41:23,MC_02,59.29,40.5,2.55,220.2,11.02,0
2026-07-18 19:41:23,MC_03,59.96,43.77,3.38,215.8,11.41,0
2026-07-18 19:41:23,MC_04,55.87,40.96,3.05,207.37,12.74,0
2026-07-18 19:41:23,MC_05,55.52,44.79,2.96,222.84,13.19,0
2026-07-18 19:46:23,MC_01,56.27,36.93,3.22,218.38,12.75,0
2026-07-18 19:46:23,MC_02,60.34,44.22,2.98,218.36,11.22,0
2026-07-18 19:46:23,MC_03,58.83,40.31,2.29,223.53,12.23,0
2026-07-18 19:46:23,MC_04,50.01,36.67,2.9,226.62,13.03,0
2026-07-18 19:46:23,MC_05,62.77,41.15,3.4,219.51,14.01,0
2026-07-18 19:51:23,MC_01,64.37,42.94,1.49,224.65,11.81,0
2026-07-18 19:51:23,MC_02,57.78,40.13,1.85,212.63,12.73,0
2026-07-18 19:51:23,MC_03,65.75,39.65,2.47,215.41,9.66,0
2026-07-18 19:51:23,MC_04,69.27,40.62,2.45,218.63,11.39,0
2026-07-18 19:51:23,MC_05,61.91,43.27,2.7,219.4,11.76,0
2026-07-18 19:56:23,MC_01,64.68,39.86,2.67,217.66,13.23,0
2026-07-18 19:56:23,MC_02,63.06,35.47,1.71,220.32,9.46,0
2026-07-18 19:56:23,MC_03,53.51,43.03,2.4,226.43,10.19,0
2026-07-18 19:56:23,MC_04,54.15,44.13,2.76,211.95,11.94,0
2026-07-18 19:56:23,MC_05,61.93,37.64,1.76,221.39,15.32,0
2026-07-18 20:01:23,MC_01,58.07,46.28,2.12,221.08,13.16,0
2026-07-18 20:01:23,MC_02,59.96,47.57,2.65,217.42,11.72,0
2026-07-18 20:01:23,MC_03,57.03,35.42,1.59,221.82,12.98,0
2026-07-18 20:01:23,MC_04,87.71,52.19,9.08,217.32,24.16,1
2026-07-18 20:01:23,MC_05,49.5,31.6,2.74,222.26,10.99,0
2026-07-18 20:06:23,MC_01,66.51,44.68,3.02,219.74,12.78,0
2026-07-18 20:06:23,MC_02,59.34,35.28,2.81,220.31,12.17,0
2026-07-18 20:06:23,MC_03,59.84,38.56,2.35,218.01,11.94,0
2026-07-18 20:06:23,MC_04,65.77,43.02,2.46,214.82,12.87,0
2026-07-18 20:06:23,MC_05,58.43,41.65,3.8,217.47,12.93,0
2026-07-18 20:11:23,MC_01,47.87,42.78,2.54,221.56,12.08,0
2026-07-18 20:11:23,MC_02,65.8,39.61,3.59,223.49,13.52,0
2026-07-18 20:11:23,MC_03,51.55,37.69,3.04,219.67,10.31,0
2026-07-18 20:11:23,MC_04,56.58,37.23,2.48,215.83,14.13,0
2026-07-18 20:11:23,MC_05,67.68,39.82,2.75,221.53,12.63,0
2026-07-18 20:16:23,MC_01,58.28,41.45,2.41,218.55,9.81,0
2026-07-18 20:16:23,MC_02,69.24,41.92,2.14,214.93,12.4,0
2026-07-18 20:16:23,MC_03,56.28,38.69,2.87,210.05,13.94,0
2026-07-18 20:16:23,MC_04,64.44,39.17,1.98,212.39,13.04,0
2026-07-18 20:16:23,MC_05,63.8,38.35,3.16,220.18,13.99,0
2026-07-18 20:21:23,MC_01,57.43,38.4,3.08,221.47,10.86,0
2026-07-18 20:21:23,MC_02,60.06,39.68,2.4,216.17,10.84,0
2026-07-18 20:21:23,MC_03,64.72,38.86,1.96,217.13,13.54,0
2026-07-18 20:21:23,MC_04,52.0,43.12,1.99,217.02,8.91,0
2026-07-18 20:21:23,MC_05,63.17,38.03,2.03,223.88,10.2,0
2026-07-18 20:26:23,MC_01,59.16,32.33,1.76,215.7,12.92,0
2026-07-18 20:26:23,MC_02,67.5,38.77,1.76,224.83,9.69,0
2026-07-18 20:26:23,MC_03,55.48,42.29,3.31,217.79,10.76,0
2026-07-18 20:26:23,MC_04,67.14,53.51,2.14,222.96,11.77,0
2026-07-18 20:26:23,MC_05,62.21,38.09,3.1,222.54,12.49,0
2026-07-18 20:31:23,MC_01,62.55,42.43,3.08,223.77,11.92,0
2026-07-18 20:31:23,MC_02,61.77,39.79,2.44,211.51,13.16,0
2026-07-18 20:31:23,MC_03,64.42,39.3,2.24,224.74,10.41,0
2026-07-18 20:31:23,MC_04,54.53,43.72,1.64,219.51,10.3,0
2026-07-18 20:31:23,MC_05,64.28,45.33,2.75,217.21,10.88,0
2026-07-18 20:36:23,MC_01,57.94,37.0,1.81,221.9,12.69,0
2026-07-18 20:36:23,MC_02,50.55,43.26,2.96,225.71,14.21,0
2026-07-18 20:36:23,MC_03,67.43,38.69,2.9,221.3,10.54,0
2026-07-18 20:36:23,MC_04,69.29,36.95,2.0,216.69,14.24,0
2026-07-18 20:36:23,MC_05,52.16,39.32,2.3,220.4,10.32,0
2026-07-18 20:41:23,MC_01,53.9,36.77,2.59,213.53,9.74,0
2026-07-18 20:41:23,MC_02,61.47,39.76,2.36,220.26,13.49,0
2026-07-18 20:41:23,MC_03,58.11,39.03,2.47,219.88,13.01,0
2026-07-18 20:41:23,MC_04,51.19,43.45,2.17,219.79,12.19,0
2026-07-18 20:41:23,MC_05,61.58,46.26,2.85,224.99,11.81,0
2026-07-18 20:46:23,MC_01,67.37,49.83,2.52,222.65,10.4,0
2026-07-18 20:46:23,MC_02,58.07,33.88,2.68,218.59,9.68,0
2026-07-18 20:46:23,MC_03,59.66,32.72,2.65,213.66,13.33,0
2026-07-18 20:46:23,MC_04,60.07,40.26,3.14,215.92,10.36,0
2026-07-18 20:46:23,MC_05,62.78,33.68,3.08,214.99,11.02,0
2026-07-18 20:51:23,MC_01,59.29,43.3,1.84,217.0,14.13,0
2026-07-18 20:51:23,MC_02,65.21,47.87,1.9,210.39,11.2,0
2026-07-18 20:51:23,MC_03,64.88,40.84,2.2,217.31,10.88,0
2026-07-18 20:51:23,MC_04,64.15,43.85,2.36,213.2,14.57,0
2026-07-18 20:51:23,MC_05,58.94,38.88,2.35,218.63,11.12,0
2026-07-18 20:56:23,MC_01,59.48,39.91,2.15,219.57,12.81,0
2026-07-18 20:56:23,MC_02,48.72,42.31,1.89,217.71,7.76,0
2026-07-18 20:56:23,MC_03,62.83,40.36,1.51,220.31,12.97,0
2026-07-18 20:56:23,MC_04,60.21,39.7,2.88,226.28,11.38,0
2026-07-18 20:56:23,MC_05,61.16,41.84,2.42,222.6,12.0,0
2026-07-18 21:01:23,MC_01,60.86,37.69,2.93,215.78,12.4,0
2026-07-18 21:01:23,MC_02,58.7,41.07,2.47,215.91,13.64,0
2026-07-18 21:01:23,MC_03,51.51,38.84,3.26,218.62,12.14,0
2026-07-18 21:01:23,MC_04,68.01,42.42,1.81,217.57,12.19,0
2026-07-18 21:01:23,MC_05,63.78,42.43,3.16,223.62,11.66,0
2026-07-18 21:06:23,MC_01,51.84,37.28,2.17,223.09,12.12,0
2026-07-18 21:06:23,MC_02,94.74,61.15,9.89,221.61,25.15,1
2026-07-18 21:06:23,MC_03,69.7,41.06,2.27,218.31,11.14,0
2026-07-18 21:06:23,MC_04,62.78,45.3,2.9,220.91,9.74,0
2026-07-18 21:06:23,MC_05,58.69,34.06,2.75,221.62,10.25,0
2026-07-18 21:11:23,MC_01,55.61,40.68,2.41,222.53,10.72,0
2026-07-18 21:11:23,MC_02,60.45,40.32,2.67,230.96,15.84,0
2026-07-18 21:11:23,MC_03,62.98,40.75,3.03,221.42,12.09,0
2026-07-18 21:11:23,MC_04,65.64,36.73,2.45,220.49,11.66,0
2026-07-18 21:11:23,MC_05,68.61,42.32,2.07,219.26,11.89,0
2026-07-18 21:16:23,MC_01,62.57,38.15,2.69,231.77,11.12,0
2026-07-18 21:16:23,MC_02,60.41,36.88,3.02,220.74,10.6,0
2026-07-18 21:16:23,MC_03,64.2,35.41,2.68,223.87,11.36,0
2026-07-18 21:16:23,MC_04,66.14,44.5,2.29,213.58,11.35,0
2026-07-18 21:16:23,MC_05,57.66,36.99,3.05,220.7,12.65,0
2026-07-18 21:21:23,MC_01,52.81,38.08,2.79,208.29,14.39,0
2026-07-18 21:21:23,MC_02,60.85,42.02,2.54,224.09,11.65,0
2026-07-18 21:21:23,MC_03,56.74,40.97,1.56,223.51,14.93,0
2026-07-18 21:21:23,MC_04,53.78,40.13,2.58,218.05,11.36,0
2026-07-18 21:21:23,MC_05,54.09,39.74,3.28,217.9,10.14,0
2026-07-18 21:26:23,MC_01,59.24,40.56,2.14,216.88,12.23,0
2026-07-18 21:26:23,MC_02,63.35,32.28,2.01,211.0,11.27,0
2026-07-18 21:26:23,MC_03,62.14,44.35,2.03,214.01,16.06,0
2026-07-18 21:26:23,MC_04,60.37,41.09,1.76,220.79,12.11,0
2026-07-18 21:26:23,MC_05,55.48,39.5,3.54,211.3,11.22,0
2026-07-18 21:31:23,MC_01,55.86,41.26,2.63,216.6,8.66,0
2026-07-18 21:31:23,MC_02,67.39,41.1,2.6,218.39,12.22,0
2026-07-18 21:31:23,MC_03,55.02,37.58,2.82,226.02,14.38,0
2026-07-18 21:31:23,MC_04,65.28,45.62,3.19,216.64,13.38,0
2026-07-18 21:31:23,MC_05,57.43,47.91,2.89,228.99,11.3,0
2026-07-18 21:36:23,MC_01,62.03,36.12,2.92,224.5,15.6,0
2026-07-18 21:36:23,MC_02,57.65,42.17,2.31,220.58,12.26,0
2026-07-18 21:36:23,MC_03,58.24,38.48,3.04,220.88,12.52,0
2026-07-18 21:36:23,MC_04,62.65,38.41,3.54,208.55,13.18,0
2026-07-18 21:36:23,MC_05,75.03,42.2,2.93,183.62,26.84,1
2026-07-18 21:41:23,MC_01,59.58,39.43,2.75,222.59,11.9,0
2026-07-18 21:41:23,MC_02,61.73,43.73,2.19,227.2,12.25,0
2026-07-18 21:41:23,MC_03,63.29,40.38,2.59,219.53,12.94,0
2026-07-18 21:41:23,MC_04,64.13,37.12,2.2,222.03,12.99,0
2026-07-18 21:41:23,MC_05,53.99,39.26,1.61,221.3,11.89,0
2026-07-18 21:46:23,MC_01,55.43,34.03,2.2,218.68,11.55,0
2026-07-18 21:46:23,MC_02,64.74,37.43,1.98,217.93,13.84,0
2026-07-18 21:46:23,MC_03,49.36,44.79,2.99,212.66,13.79,0
2026-07-18 21:46:23,MC_04,63.51,46.74,2.61,216.68,10.49,0
2026-07-18 21:46:23,MC_05,67.3,46.79,2.28,220.11,14.04,0
2026-07-18 21:51:23,MC_01,56.2,36.63,2.98,218.16,11.39,0
2026-07-18 21:51:23,MC_02,63.06,38.7,2.32,216.33,13.06,0
2026-07-18 21:51:23,MC_03,54.9,42.78,2.66,223.65,12.52,0
2026-07-18 21:51:23,MC_04,61.43,34.72,3.02,219.64,9.59,0
2026-07-18 21:51:23,MC_05,65.54,37.94,1.98,223.3,11.94,0
2026-07-18 21:56:23,MC_01,62.6,38.39,1.71,214.53,12.65,0
2026-07-18 21:56:23,MC_02,54.15,44.07,2.28,226.54,12.76,0
2026-07-18 21:56:23,MC_03,60.96,42.66,3.11,219.75,9.18,0
2026-07-18 21:56:23,MC_04,66.0,38.92,3.78,216.99,11.43,0
2026-07-18 21:56:23,MC_05,63.72,37.76,1.92,216.61,9.73,0
2026-07-18 22:01:23,MC_01,58.53,42.77,2.5,217.04,11.78,0
2026-07-18 22:01:23,MC_02,56.96,35.85,3.04,220.36,11.12,0
2026-07-18 22:01:23,MC_03,64.09,40.96,2.2,222.84,12.02,0
2026-07-18 22:01:23,MC_04,68.73,40.78,1.98,236.48,9.83,0
2026-07-18 22:01:23,MC_05,50.12,31.7,3.87,230.62,12.22,0
2026-07-18 22:06:23,MC_01,62.17,45.84,3.16,213.84,12.49,0
2026-07-18 22:06:23,MC_02,56.6,39.55,2.24,225.32,11.96,0
2026-07-18 22:06:23,MC_03,56.54,39.9,2.43,219.08,13.02,0
2026-07-18 22:06:23,MC_04,53.2,39.97,3.12,219.38,11.25,0
2026-07-18 22:06:23,MC_05,56.21,41.94,2.88,221.26,10.79,0
2026-07-18 22:11:23,MC_01,57.92,38.36,3.05,230.11,10.69,0
2026-07-18 22:11:23,MC_02,59.15,40.21,2.68,219.61,12.94,0
2026-07-18 22:11:23,MC_03,55.2,45.73,2.76,205.74,9.73,0
2026-07-18 22:11:23,MC_04,63.61,44.24,2.86,215.85,13.87,0
2026-07-18 22:11:23,MC_05,56.04,37.51,2.26,210.52,12.62,0
2026-07-18 22:16:23,MC_01,62.6,33.64,2.84,221.63,10.96,0
2026-07-18 22:16:23,MC_02,65.53,42.11,2.68,217.69,13.16,0
2026-07-18 22:16:23,MC_03,66.02,43.27,3.2,218.78,14.11,0
2026-07-18 22:16:23,MC_04,83.5,51.39,7.29,219.2,21.33,1
2026-07-18 22:16:23,MC_05,66.81,43.42,2.72,217.03,12.06,0
2026-07-18 22:21:23,MC_01,74.65,47.38,2.53,220.8,10.53,0
2026-07-18 22:21:23,MC_02,55.99,43.62,3.28,221.66,12.15,0
2026-07-18 22:21:23,MC_03,54.28,38.33,2.98,225.15,11.3,0
2026-07-18 22:21:23,MC_04,57.96,37.2,1.9,216.83,9.58,0
2026-07-18 22:21:23,MC_05,62.8,36.18,1.9,220.27,12.1,0
2026-07-18 22:26:23,MC_01,59.26,41.7,3.49,226.34,14.55,0
2026-07-18 22:26:23,MC_02,57.84,33.35,3.25,218.53,10.42,0
2026-07-18 22:26:23,MC_03,57.93,39.11,3.37,216.67,14.49,0
2026-07-18 22:26:23,MC_04,64.24,41.59,2.87,220.07,13.93,0
2026-07-18 22:26:23,MC_05,62.83,43.14,2.36,220.63,11.08,0
2026-07-18 22:31:23,MC_01,52.31,42.68,1.25,216.67,10.85,0
2026-07-18 22:31:23,MC_02,58.59,34.91,3.07,216.89,11.86,0
2026-07-18 22:31:23,MC_03,60.19,38.29,2.67,222.33,10.85,0
2026-07-18 22:31:23,MC_04,62.13,43.73,2.59,215.32,10.79,0
2026-07-18 22:31:23,MC_05,73.93,43.93,1.91,216.16,15.42,0
2026-07-18 22:36:23,MC_01,58.93,46.26,2.75,216.13,10.51,0
2026-07-18 22:36:23,MC_02,64.16,42.19,2.37,217.28,11.76,0
2026-07-18 22:36:23,MC_03,57.25,39.48,2.51,215.51,12.95,0
2026-07-18 22:36:23,MC_04,58.24,40.97,2.54,222.11,13.35,0
2026-07-18 22:36:23,MC_05,66.52,38.92,2.0,228.48,14.98,0
2026-07-18 22:41:23,MC_01,63.25,43.43,2.63,221.83,9.6,0
2026-07-18 22:41:23,MC_02,59.63,39.76,3.47,224.58,12.43,0
2026-07-18 22:41:23,MC_03,59.85,41.33,2.52,217.98,12.05,0
2026-07-18 22:41:23,MC_04,50.19,46.27,2.67,216.4,9.84,0
2026-07-18 22:41:23,MC_05,63.22,41.56,2.74,220.17,12.58,0
2026-07-18 22:46:23,MC_01,59.4,37.46,2.02,208.07,11.73,0
2026-07-18 22:46:23,MC_02,67.6,42.92,2.61,216.33,13.5,0
2026-07-18 22:46:23,MC_03,59.4,37.0,2.08,212.59,10.59,0
2026-07-18 22:46:23,MC_04,60.52,37.15,0.57,225.37,9.47,0
2026-07-18 22:46:23,MC_05,62.95,43.99,2.25,216.49,14.25,0
2026-07-18 22:51:23,MC_01,52.62,40.76,2.43,218.28,12.53,0
2026-07-18 22:51:23,MC_02,60.95,41.67,2.55,216.7,12.01,0
2026-07-18 22:51:23,MC_03,58.32,39.52,2.52,224.58,11.25,0
2026-07-18 22:51:23,MC_04,60.98,40.29,3.0,220.93,12.34,0
2026-07-18 22:51:23,MC_05,56.47,47.88,2.18,211.66,13.29,0
2026-07-18 22:56:23,MC_01,59.43,47.49,2.68,222.75,12.24,0
2026-07-18 22:56:23,MC_02,58.75,34.17,2.93,222.48,12.16,0
2026-07-18 22:56:23,MC_03,62.35,39.47,2.2,225.95,9.88,0
2026-07-18 22:56:23,MC_04,51.11,39.1,2.42,221.96,10.52,0
2026-07-18 22:56:23,MC_05,60.16,36.49,2.96,211.52,12.72,0
2026-07-18 23:01:23,MC_01,60.26,44.65,2.15,216.99,11.26,0
2026-07-18 23:01:23,MC_02,65.83,45.17,1.8,225.03,13.23,0
2026-07-18 23:01:23,MC_03,59.78,44.58,2.85,231.22,13.44,0
2026-07-18 23:01:23,MC_04,60.77,34.26,2.39,224.63,11.99,0
2026-07-18 23:01:23,MC_05,71.45,40.35,2.74,178.08,26.98,1
2026-07-18 23:06:23,MC_01,56.15,37.93,2.57,220.2,9.07,0
2026-07-18 23:06:23,MC_02,60.32,44.3,1.7,216.64,11.93,0
2026-07-18 23:06:23,MC_03,55.34,36.97,2.66,219.43,10.28,0
2026-07-18 23:06:23,MC_04,67.07,46.58,2.22,216.86,12.06,0
2026-07-18 23:06:23,MC_05,57.29,40.22,2.82,220.8,12.46,0
2026-07-18 23:11:23,MC_01,55.49,47.04,2.05,228.27,12.51,0
2026-07-18 23:11:23,MC_02,56.99,46.87,1.84,219.3,14.07,0
2026-07-18 23:11:23,MC_03,67.39,39.28,1.3,218.17,15.02,0
2026-07-18 23:11:23,MC_04,61.49,43.38,2.57,222.93,10.47,0
2026-07-18 23:11:23,MC_05,65.5,37.81,2.49,227.2,15.79,0
2026-07-18 23:16:23,MC_01,55.65,39.94,2.35,226.26,10.24,0
2026-07-18 23:16:23,MC_02,56.83,40.79,2.65,216.06,10.82,0
2026-07-18 23:16:23,MC_03,65.63,39.45,2.66,221.91,13.89,0
2026-07-18 23:16:23,MC_04,63.59,42.94,3.22,219.94,11.15,0
2026-07-18 23:16:23,MC_05,58.21,49.15,2.51,215.23,12.48,0
2026-07-18 23:21:23,MC_01,55.78,39.25,2.18,213.25,9.69,0
2026-07-18 23:21:23,MC_02,61.16,39.72,2.59,214.47,13.29,0
2026-07-18 23:21:23,MC_03,63.4,49.7,1.99,215.54,14.52,0
2026-07-18 23:21:23,MC_04,63.26,39.07,2.39,212.53,13.46,0
2026-07-18 23:21:23,MC_05,57.84,48.57,2.45,221.58,10.68,0
2026-07-18 23:26:23,MC_01,64.34,38.66,1.48,223.47,10.52,0
2026-07-18 23:26:23,MC_02,57.63,39.62,2.87,216.47,10.07,0
2026-07-18 23:26:23,MC_03,62.32,37.49,1.95,223.57,14.88,0
2026-07-18 23:26:23,MC_04,63.58,36.67,2.68,214.57,11.82,0
2026-07-18 23:26:23,MC_05,65.38,41.67,2.13,220.71,13.17,0
2026-07-18 23:31:23,MC_01,57.65,38.86,2.11,220.12,11.52,0
2026-07-18 23:31:23,MC_02,52.63,39.46,2.53,217.33,11.87,0
2026-07-18 23:31:23,MC_03,59.89,42.87,3.23,218.59,13.16,0
2026-07-18 23:31:23,MC_04,67.68,38.14,3.1,217.5,13.05,0
2026-07-18 23:31:23,MC_05,56.67,37.17,3.04,214.12,12.49,0
2026-07-18 23:36:23,MC_01,63.63,32.3,2.8,219.09,9.74,0
2026-07-18 23:36:23,MC_02,63.16,43.21,2.98,213.22,12.37,0
2026-07-18 23:36:23,MC_03,65.49,37.55,2.56,221.99,13.13,0
2026-07-18 23:36:23,MC_04,58.56,44.05,2.71,211.81,14.75,0
2026-07-18 23:36:23,MC_05,55.21,38.62,2.7,216.51,9.17,0
2026-07-18 23:41:23,MC_01,67.69,35.23,2.79,219.48,12.05,0
2026-07-18 23:41:23,MC_02,64.86,44.36,3.01,213.9,11.08,0
2026-07-18 23:41:23,MC_03,58.74,40.33,3.13,218.31,14.21,0
2026-07-18 23:41:23,MC_04,51.97,40.47,2.88,219.19,11.29,0
2026-07-18 23:41:23,MC_05,59.89,38.19,3.28,218.24,10.63,0
2026-07-18 23:46:23,MC_01,56.45,37.23,3.71,214.25,9.76,0
2026-07-18 23:46:23,MC_02,63.3,37.78,2.07,228.37,9.58,0
2026-07-18 23:46:23,MC_03,61.8,42.76,2.91,218.48,10.13,0
2026-07-18 23:46:23,MC_04,67.65,41.47,2.26,221.97,13.73,0
2026-07-18 23:46:23,MC_05,60.41,38.3,2.9,214.95,13.02,0
2026-07-18 23:51:23,MC_01,48.3,34.32,2.27,229.33,10.87,0
2026-07-18 23:51:23,MC_02,59.37,43.44,2.18,225.89,14.0,0
2026-07-18 23:51:23,MC_03,62.8,33.5,3.04,215.75,11.58,0
2026-07-18 23:51:23,MC_04,66.59,36.21,2.82,211.3,14.13,0
2026-07-18 23:51:23,MC_05,56.28,37.38,3.02,218.52,10.14,0
2026-07-18 23:56:23,MC_01,62.81,40.74,2.06,225.73,13.74,0
2026-07-18 23:56:23,MC_02,71.26,41.29,3.03,226.54,10.3,0
2026-07-18 23:56:23,MC_03,61.43,40.49,2.6,211.94,12.52,0
2026-07-18 23:56:23,MC_04,58.75,45.59,3.08,215.72,13.97,0
2026-07-18 23:56:23,MC_05,62.68,35.41,1.89,210.86,12.03,0
2026-07-19 00:01:23,MC_01,63.28,45.97,1.93,223.05,11.54,0
2026-07-19 00:01:23,MC_02,57.42,39.66,2.54,225.8,14.07,0
2026-07-19 00:01:23,MC_03,57.01,38.92,2.9,219.1,13.07,0
2026-07-19 00:01:23,MC_04,64.51,35.35,2.42,217.46,13.17,0
2026-07-19 00:01:23,MC_05,67.63,46.21,2.94,215.33,14.1,0
2026-07-19 00:06:23,MC_01,62.13,39.12,1.53,215.1,11.9,0
2026-07-19 00:06:23,MC_02,63.76,42.08,1.78,233.17,10.18,0
2026-07-19 00:06:23,MC_03,57.71,45.82,2.41,215.39,12.92,0
2026-07-19 00:06:23,MC_04,66.45,30.77,2.3,211.77,12.02,0
2026-07-19 00:06:23,MC_05,71.22,40.92,2.39,205.88,10.34,0
2026-07-19 00:11:23,MC_01,61.72,43.07,2.05,220.2,11.26,0
2026-07-19 00:11:23,MC_02,55.31,36.51,2.77,207.18,9.22,0
2026-07-19 00:11:23,MC_03,67.34,39.74,2.22,223.29,12.12,0
2026-07-19 00:11:23,MC_04,59.1,37.25,2.26,215.11,10.19,0
2026-07-19 00:11:23,MC_05,64.99,38.58,2.77,219.99,9.31,0
2026-07-19 00:16:23,MC_01,60.14,49.29,2.91,224.1,13.39,0
2026-07-19 00:16:23,MC_02,48.33,42.82,3.64,223.8,11.61,0
2026-07-19 00:16:23,MC_03,54.42,38.4,1.97,219.24,12.31,0
2026-07-19 00:16:23,MC_04,57.1,37.57,2.51,220.62,11.36,0
2026-07-19 00:16:23,MC_05,56.64,39.92,3.22,212.72,13.7,0
2026-07-19 00:21:23,MC_01,65.25,34.71,2.68,214.77,13.76,0
2026-07-19 00:21:23,MC_02,52.0,42.85,2.55,222.48,11.18,0
2026-07-19 00:21:23,MC_03,54.54,45.86,2.75,217.56,9.52,0
2026-07-19 00:21:23,MC_04,66.12,37.36,2.37,218.95,13.15,0
2026-07-19 00:21:23,MC_05,59.08,41.03,2.93,221.55,14.63,0
2026-07-19 00:26:23,MC_01,55.04,38.42,2.69,225.89,11.41,0
2026-07-19 00:26:23,MC_02,48.52,39.85,1.88,226.36,13.92,0
2026-07-19 00:26:23,MC_03,55.82,42.13,2.77,237.04,11.54,0
2026-07-19 00:26:23,MC_04,61.43,35.65,2.67,223.52,11.49,0
2026-07-19 00:26:23,MC_05,63.98,46.21,2.11,222.19,11.1,0
2026-07-19 00:31:23,MC_01,69.65,39.78,1.75,221.11,10.77,0
2026-07-19 00:31:23,MC_02,65.27,42.03,2.6,218.5,10.44,0
2026-07-19 00:31:23,MC_03,68.95,38.19,2.95,217.68,13.02,0
2026-07-19 00:31:23,MC_04,60.27,42.11,3.2,214.83,10.75,0
2026-07-19 00:31:23,MC_05,57.23,45.53,3.21,207.86,13.15,0
2026-07-19 00:36:23,MC_01,59.02,38.61,2.24,218.39,11.48,0
2026-07-19 00:36:23,MC_02,62.14,39.95,2.77,223.9,12.87,0
2026-07-19 00:36:23,MC_03,56.66,46.14,3.27,224.45,13.87,0
2026-07-19 00:36:23,MC_04,53.73,44.03,2.12,218.13,12.34,0
2026-07-19 00:36:23,MC_05,59.81,39.07,2.91,217.84,10.71,0
2026-07-19 00:41:23,MC_01,60.92,39.16,2.5,227.65,12.86,0
2026-07-19 00:41:23,MC_02,53.89,40.87,2.95,220.16,12.0,0
2026-07-19 00:41:23,MC_03,59.16,41.03,2.63,216.15,11.63,0
2026-07-19 00:41:23,MC_04,56.11,36.19,2.34,227.49,13.06,0
2026-07-19 00:41:23,MC_05,63.61,48.91,2.33,214.08,12.48,0
2026-07-19 00:46:23,MC_01,59.78,41.28,2.76,228.18,11.56,0
2026-07-19 00:46:23,MC_02,53.59,35.51,2.09,213.75,13.75,0
2026-07-19 00:46:23,MC_03,60.24,39.16,2.98,217.59,11.75,0
2026-07-19 00:46:23,MC_04,56.46,45.6,2.45,222.99,11.13,0
2026-07-19 00:46:23,MC_05,64.24,40.02,2.56,218.5,14.08,0
2026-07-19 00:51:23,MC_01,55.75,44.12,1.99,210.84,12.65,0
2026-07-19 00:51:23,MC_02,59.3,39.83,1.78,214.01,9.34,0
2026-07-19 00:51:23,MC_03,59.31,37.37,2.41,220.87,14.85,0
2026-07-19 00:51:23,MC_04,62.9,40.1,2.94,221.95,10.43,0
2026-07-19 00:51:23,MC_05,57.96,37.53,1.43,216.16,12.38,0
2026-07-19 00:56:23,MC_01,64.38,39.69,2.06,217.63,12.75,0
2026-07-19 00:56:23,MC_02,52.21,36.43,2.3,217.09,10.54,0
2026-07-19 00:56:23,MC_03,67.79,33.58,2.66,217.83,12.03,0
2026-07-19 00:56:23,MC_04,57.14,37.01,2.21,209.45,13.93,0
2026-07-19 00:56:23,MC_05,66.63,42.33,1.83,221.39,13.3,0
2026-07-19 01:01:23,MC_01,61.94,39.8,3.21,216.45,11.75,0
2026-07-19 01:01:23,MC_02,63.13,41.27,2.78,222.67,12.79,0
2026-07-19 01:01:23,MC_03,60.69,46.04,2.49,223.0,12.17,0
2026-07-19 01:01:23,MC_04,70.17,37.12,1.94,219.97,13.77,0
2026-07-19 01:01:23,MC_05,63.66,33.87,2.92,222.72,11.78,0
2026-07-19 01:06:23,MC_01,63.64,34.25,2.37,224.62,10.0,0
2026-07-19 01:06:23,MC_02,54.05,38.74,2.58,217.14,11.1,0
2026-07-19 01:06:23,MC_03,65.54,38.42,2.36,231.09,12.03,0
2026-07-19 01:06:23,MC_04,59.48,37.41,2.89,216.07,11.42,0
2026-07-19 01:06:23,MC_05,63.29,38.77,2.16,222.25,12.05,0
2026-07-19 01:11:23,MC_01,58.16,38.5,2.8,216.49,16.06,0
2026-07-19 01:11:23,MC_02,66.93,31.88,2.33,221.47,11.76,0
2026-07-19 01:11:23,MC_03,56.64,39.03,2.25,217.49,10.8,0
2026-07-19 01:11:23,MC_04,68.27,41.09,1.83,223.69,14.02,0
2026-07-19 01:11:23,MC_05,60.0,39.99,2.76,211.79,12.96,0
2026-07-19 01:16:23,MC_01,57.57,40.78,2.57,216.54,12.69,0
2026-07-19 01:16:23,MC_02,63.6,40.75,2.09,216.05,14.49,0
2026-07-19 01:16:23,MC_03,60.44,48.78,2.03,217.81,12.66,0
2026-07-19 01:16:23,MC_04,50.43,37.71,1.93,213.09,11.98,0
2026-07-19 01:16:23,MC_05,49.44,46.48,1.97,215.16,13.58,0
2026-07-19 01:21:23,MC_01,65.64,45.39,3.08,221.1,11.31,0
2026-07-19 01:21:23,MC_02,80.41,38.47,2.63,188.15,21.9,1
2026-07-19 01:21:23,MC_03,60.35,40.84,2.18,213.91,8.92,0
2026-07-19 01:21:23,MC_04,66.34,45.06,1.87,211.32,12.58,0
2026-07-19 01:21:23,MC_05,61.8,38.4,2.1,218.33,8.34,0
2026-07-19 01:26:23,MC_01,57.04,37.18,2.78,219.21,12.96,0
2026-07-19 01:26:23,MC_02,62.78,38.76,2.92,210.98,13.1,0
2026-07-19 01:26:23,MC_03,56.8,44.65,3.02,230.19,13.9,0
2026-07-19 01:26:23,MC_04,58.2,48.12,3.05,219.06,13.32,0
2026-07-19 01:26:23,MC_05,53.84,33.25,2.89,224.54,12.69,0
2026-07-19 01:31:23,MC_01,54.19,36.12,2.38,225.38,13.59,0
2026-07-19 01:31:23,MC_02,51.76,29.87,2.78,218.77,11.83,0
2026-07-19 01:31:23,MC_03,57.85,42.29,3.03,221.48,13.03,0
2026-07-19 01:31:23,MC_04,59.27,36.99,2.22,226.89,15.01,0
2026-07-19 01:31:23,MC_05,52.9,35.24,2.57,205.96,11.12,0
2026-07-19 01:36:23,MC_01,67.04,38.27,2.78,224.68,11.2,0
2026-07-19 01:36:23,MC_02,53.34,39.12,2.35,213.7,12.97,0
2026-07-19 01:36:23,MC_03,62.42,42.78,2.12,210.08,12.7,0
2026-07-19 01:36:23,MC_04,53.71,38.9,3.29,217.47,10.37,0
2026-07-19 01:36:23,MC_05,63.26,42.65,3.56,207.0,10.15,0
2026-07-19 01:41:23,MC_01,64.95,40.42,3.2,224.15,14.55,0
2026-07-19 01:41:23,MC_02,65.8,36.53,2.38,220.31,11.87,0
2026-07-19 01:41:23,MC_03,55.34,36.52,2.83,212.98,11.7,0
2026-07-19 01:41:23,MC_04,66.64,39.86,1.99,215.71,11.71,0
2026-07-19 01:41:23,MC_05,61.36,43.79,2.55,226.76,14.41,0
2026-07-19 01:46:23,MC_01,63.98,44.9,2.0,214.25,12.78,0
2026-07-19 01:46:23,MC_02,53.29,38.84,2.89,227.07,11.62,0
2026-07-19 01:46:23,MC_03,56.75,39.31,2.5,219.86,12.13,0
2026-07-19 01:46:23,MC_04,56.26,33.52,2.67,224.47,13.19,0
2026-07-19 01:46:23,MC_05,58.69,42.56,2.61,228.72,11.96,0
2026-07-19 01:51:23,MC_01,58.72,38.4,1.72,223.31,11.84,0
2026-07-19 01:51:23,MC_02,62.55,30.65,2.74,220.83,10.9,0
2026-07-19 01:51:23,MC_03,55.27,38.79,3.24,216.39,12.1,0
2026-07-19 01:51:23,MC_04,46.88,34.07,2.58,226.14,9.96,0
2026-07-19 01:51:23,MC_05,64.77,35.13,2.72,216.73,12.33,0
2026-07-19 01:56:23,MC_01,60.34,40.17,2.43,218.22,12.12,0
2026-07-19 01:56:23,MC_02,58.25,35.78,2.48,217.04,13.16,0
2026-07-19 01:56:23,MC_03,63.36,42.55,2.41,216.36,10.36,0
2026-07-19 01:56:23,MC_04,58.96,43.06,1.02,226.64,11.76,0
2026-07-19 01:56:23,MC_05,60.71,35.76,3.24,221.98,12.93,0
2026-07-19 02:01:23,MC_01,58.35,34.77,2.97,221.56,14.04,0
2026-07-19 02:01:23,MC_02,59.03,47.65,2.5,216.24,13.22,0
2026-07-19 02:01:23,MC_03,58.73,42.4,2.37,227.82,10.95,0
2026-07-19 02:01:23,MC_04,62.4,38.35,2.87,224.59,12.84,0
2026-07-19 02:01:23,MC_05,59.46,40.56,2.95,224.65,7.96,0
2026-07-19 02:06:23,MC_01,58.64,39.73,2.86,214.61,12.39,0
2026-07-19 02:06:23,MC_02,72.57,44.76,2.5,215.86,11.74,0
2026-07-19 02:06:23,MC_03,60.42,38.1,2.78,213.54,11.38,0
2026-07-19 02:06:23,MC_04,56.23,38.24,3.23,225.81,12.31,0
2026-07-19 02:06:23,MC_05,48.82,38.75,2.24,221.88,12.58,0
2026-07-19 02:11:23,MC_01,58.44,48.12,2.61,219.14,10.59,0
2026-07-19 02:11:23,MC_02,62.53,38.96,2.68,228.36,13.61,0
2026-07-19 02:11:23,MC_03,61.48,43.19,1.96,219.96,11.6,0
2026-07-19 02:11:23,MC_04,60.52,40.59,2.06,224.59,10.1,0
2026-07-19 02:11:23,MC_05,66.95,39.37,2.25,220.42,11.87,0
2026-07-19 02:16:23,MC_01,56.74,35.32,2.84,219.74,11.54,0
2026-07-19 02:16:23,MC_02,69.68,37.49,2.81,220.81,7.84,0
2026-07-19 02:16:23,MC_03,68.96,39.89,1.93,229.13,10.64,0
2026-07-19 02:16:23,MC_04,57.38,37.08,2.54,226.85,14.68,0
2026-07-19 02:16:23,MC_05,58.01,36.07,3.71,226.81,12.28,0
2026-07-19 02:21:23,MC_01,60.41,41.3,3.26,215.27,14.51,0
2026-07-19 02:21:23,MC_02,58.87,41.35,2.48,217.34,11.59,0
2026-07-19 02:21:23,MC_03,53.81,37.1,1.96,227.55,13.89,0
2026-07-19 02:21:23,MC_04,62.96,33.65,3.57,216.58,11.61,0
2026-07-19 02:21:23,MC_05,69.63,43.16,3.11,213.88,12.27,0
2026-07-19 02:26:23,MC_01,62.61,44.3,2.56,215.23,9.22,0
2026-07-19 02:26:23,MC_02,54.92,40.68,3.06,213.65,11.28,0
2026-07-19 02:26:23,MC_03,55.7,40.64,2.08,217.79,11.05,0
2026-07-19 02:26:23,MC_04,62.87,41.96,2.5,220.29,11.88,0
2026-07-19 02:26:23,MC_05,53.51,34.61,2.69,216.94,12.34,0
2026-07-19 02:31:23,MC_01,60.46,32.76,3.27,213.2,11.23,0
2026-07-19 02:31:23,MC_02,66.69,42.85,2.85,216.83,11.21,0
2026-07-19 02:31:23,MC_03,57.82,39.17,1.55,219.09,14.68,0
2026-07-19 02:31:23,MC_04,55.52,42.45,3.1,225.9,10.13,0
2026-07-19 02:31:23,MC_05,62.55,41.91,2.26,221.1,13.85,0
2026-07-19 02:36:23,MC_01,61.64,44.84,2.66,220.6,11.17,0
2026-07-19 02:36:23,MC_02,66.32,45.77,2.32,217.5,11.77,0
2026-07-19 02:36:23,MC_03,60.19,42.15,1.78,211.56,12.36,0
2026-07-19 02:36:23,MC_04,69.57,35.67,1.9,216.68,10.95,0
2026-07-19 02:36:23,MC_05,62.63,43.57,1.62,214.64,9.57,0
2026-07-19 02:41:23,MC_01,61.04,40.74,3.46,224.57,14.16,0
2026-07-19 02:41:23,MC_02,61.44,42.37,2.85,217.64,12.73,0
2026-07-19 02:41:23,MC_03,54.42,40.1,1.91,217.88,13.35,0
2026-07-19 02:41:23,MC_04,54.85,37.98,2.54,221.23,11.25,0
2026-07-19 02:41:23,MC_05,65.7,39.67,2.24,216.59,12.46,0
2026-07-19 02:46:23,MC_01,58.11,37.27,2.6,212.94,12.45,0
2026-07-19 02:46:23,MC_02,69.61,40.07,1.72,218.59,12.09,0
2026-07-19 02:46:23,MC_03,62.24,35.62,2.17,217.21,10.3,0
2026-07-19 02:46:23,MC_04,68.24,43.02,3.15,224.87,13.25,0
2026-07-19 02:46:23,MC_05,58.31,40.56,2.29,218.9,12.1,0
2026-07-19 02:51:23,MC_01,59.19,40.22,2.72,223.34,9.72,0
2026-07-19 02:51:23,MC_02,54.61,38.3,2.37,218.68,12.84,0
2026-07-19 02:51:23,MC_03,61.23,41.59,2.61,222.58,11.14,0
2026-07-19 02:51:23,MC_04,55.29,39.26,2.84,227.98,11.18,0
2026-07-19 02:51:23,MC_05,67.97,35.85,2.49,215.11,9.83,0
2026-07-19 02:56:23,MC_01,58.54,36.25,2.15,230.03,12.64,0
2026-07-19 02:56:23,MC_02,59.5,38.24,2.62,220.84,11.15,0
2026-07-19 02:56:23,MC_03,60.65,38.66,1.87,208.24,10.59,0
2026-07-19 02:56:23,MC_04,63.88,31.5,2.0,213.23,11.7,0
2026-07-19 02:56:23,MC_05,72.11,38.98,3.18,230.37,11.84,0
2026-07-19 03:01:23,MC_01,58.45,40.33,3.52,213.53,12.09,0
2026-07-19 03:01:23,MC_02,50.93,38.29,2.66,222.56,12.88,0
2026-07-19 03:01:23,MC_03,60.23,35.81,1.57,217.27,11.8,0
2026-07-19 03:01:23,MC_04,66.27,41.54,2.36,224.05,14.97,0
2026-07-19 03:01:23,MC_05,61.68,46.32,2.43,223.4,10.3,0
2026-07-19 03:06:23,MC_01,58.45,39.49,1.71,230.03,13.89,0
2026-07-19 03:06:23,MC_02,61.98,45.54,2.24,223.66,13.62,0
2026-07-19 03:06:23,MC_03,66.08,35.92,2.57,209.92,8.93,0
2026-07-19 03:06:23,MC_04,60.61,41.45,2.57,224.99,11.05,0
2026-07-19 03:06:23,MC_05,60.93,45.11,2.28,225.09,12.17,0
2026-07-19 03:11:23,MC_01,68.17,35.83,1.96,215.47,12.2,0
2026-07-19 03:11:23,MC_02,67.71,41.0,0.89,223.98,13.68,0
2026-07-19 03:11:23,MC_03,60.37,36.86,2.72,218.84,13.4,0
2026-07-19 03:11:23,MC_04,59.43,32.54,3.16,217.71,12.51,0
2026-07-19 03:11:23,MC_05,56.86,39.47,2.51,229.44,14.35,0
2026-07-19 03:16:23,MC_01,63.1,45.8,2.41,221.5,11.55,0
2026-07-19 03:16:23,MC_02,62.66,40.07,2.5,212.47,10.53,0
2026-07-19 03:16:23,MC_03,61.68,37.88,2.39,219.48,10.98,0
2026-07-19 03:16:23,MC_04,88.65,58.01,6.29,223.09,15.84,1
2026-07-19 03:16:23,MC_05,59.88,39.09,1.96,217.39,12.35,0
2026-07-19 03:21:23,MC_01,60.48,37.97,1.97,211.39,12.5,0
2026-07-19 03:21:23,MC_02,57.42,41.35,1.91,216.48,13.57,0
2026-07-19 03:21:23,MC_03,59.12,38.33,2.88,219.16,13.84,0
2026-07-19 03:21:23,MC_04,57.94,43.86,2.62,220.52,10.79,0
2026-07-19 03:21:23,MC_05,55.23,43.86,3.04,225.19,13.19,0
2026-07-19 03:26:23,MC_01,62.23,41.72,2.57,222.81,11.94,0
2026-07-19 03:26:23,MC_02,62.8,43.67,1.87,225.48,11.91,0
2026-07-19 03:26:23,MC_03,67.29,45.08,1.98,220.0,9.2,0
2026-07-19 03:26:23,MC_04,64.23,40.28,2.72,216.49,11.97,0
2026-07-19 03:26:23,MC_05,57.05,39.77,1.81,220.98,13.06,0
2026-07-19 03:31:23,MC_01,57.02,36.96,1.61,221.34,14.72,0
2026-07-19 03:31:23,MC_02,61.83,43.2,3.08,213.83,14.33,0
2026-07-19 03:31:23,MC_03,61.07,47.01,2.58,222.88,10.58,0
2026-07-19 03:31:23,MC_04,64.92,38.28,2.46,225.43,11.47,0
2026-07-19 03:31:23,MC_05,60.65,48.6,2.56,219.62,12.21,0
2026-07-19 03:36:23,MC_01,58.35,38.37,1.74,219.22,12.54,0
2026-07-19 03:36:23,MC_02,59.18,41.7,2.91,219.04,15.88,0
2026-07-19 03:36:23,MC_03,65.2,40.46,2.91,224.11,9.22,0
2026-07-19 03:36:23,MC_04,67.49,40.49,1.36,221.84,9.08,0
2026-07-19 03:36:23,MC_05,62.25,41.04,2.17,226.37,12.95,0
2026-07-19 03:41:23,MC_01,55.47,41.5,2.29,220.84,13.39,0
2026-07-19 03:41:23,MC_02,57.79,41.58,2.85,222.01,12.02,0
2026-07-19 03:41:23,MC_03,64.27,39.23,2.42,219.35,13.42,0
2026-07-19 03:41:23,MC_04,57.37,40.09,3.24,208.72,12.31,0
2026-07-19 03:41:23,MC_05,58.6,37.7,2.97,226.39,11.85,0
2026-07-19 03:46:23,MC_01,59.61,44.13,2.3,216.71,14.45,0
2026-07-19 03:46:23,MC_02,59.47,40.34,2.45,218.54,13.85,0
2026-07-19 03:46:23,MC_03,62.64,40.55,3.21,221.76,15.63,0
2026-07-19 03:46:23,MC_04,57.0,38.48,2.33,226.18,12.31,0
2026-07-19 03:46:23,MC_05,47.71,38.24,3.08,213.28,10.16,0
2026-07-19 03:51:23,MC_01,51.7,38.45,1.66,211.97,11.66,0
2026-07-19 03:51:23,MC_02,61.57,40.44,2.77,214.8,14.98,0
2026-07-19 03:51:23,MC_03,62.57,40.47,2.92,218.45,10.16,0
2026-07-19 03:51:23,MC_04,52.37,39.33,3.4,217.54,12.04,0
2026-07-19 03:51:23,MC_05,100.19,68.56,6.97,224.94,23.4,1
2026-07-19 03:56:23,MC_01,56.3,47.26,2.2,225.29,12.53,0
2026-07-19 03:56:23,MC_02,71.68,41.43,3.0,218.94,11.19,0
2026-07-19 03:56:23,MC_03,60.14,35.99,2.85,218.1,12.04,0
2026-07-19 03:56:23,MC_04,65.73,35.61,2.79,223.78,13.48,0
2026-07-19 03:56:23,MC_05,52.94,39.6,2.74,223.9,10.46,0
2026-07-19 04:01:23,MC_01,69.17,42.0,2.76,211.69,13.19,0
2026-07-19 04:01:23,MC_02,62.53,36.05,2.16,217.48,10.32,0
2026-07-19 04:01:23,MC_03,66.45,45.31,2.4,218.04,9.28,0
2026-07-19 04:01:23,MC_04,63.48,39.53,2.72,228.62,12.3,0
2026-07-19 04:01:23,MC_05,60.98,40.72,1.79,212.77,10.79,0
2026-07-19 04:06:23,MC_01,65.06,37.81,2.43,228.51,11.77,0
2026-07-19 04:06:23,MC_02,68.78,37.99,1.91,217.5,12.19,0
2026-07-19 04:06:23,MC_03,63.44,36.2,2.34,223.42,10.11,0
2026-07-19 04:06:23,MC_04,56.96,37.63,2.97,222.64,13.36,0
2026-07-19 04:06:23,MC_05,66.69,38.78,1.91,214.1,9.24,0
2026-07-19 04:11:23,MC_01,63.94,40.07,2.25,219.42,10.44,0
2026-07-19 04:11:23,MC_02,65.13,43.27,2.79,211.38,13.28,0
2026-07-19 04:11:23,MC_03,60.94,42.35,2.72,219.75,11.36,0
2026-07-19 04:11:23,MC_04,62.06,42.35,2.04,217.61,12.07,0
2026-07-19 04:11:23,MC_05,58.02,36.27,1.97,221.26,15.46,0
2026-07-19 04:16:23,MC_01,62.7,37.5,2.09,218.06,12.55,0
2026-07-19 04:16:23,MC_02,62.62,32.18,1.97,219.21,12.22,0
2026-07-19 04:16:23,MC_03,64.31,40.95,2.37,220.43,13.69,0
2026-07-19 04:16:23,MC_04,59.58,39.88,2.48,226.49,10.34,0
2026-07-19 04:16:23,MC_05,89.83,60.7,9.32,212.98,19.71,1
2026-07-19 04:21:23,MC_01,60.08,45.2,1.95,218.13,12.45,0
2026-07-19 04:21:23,MC_02,66.28,45.19,2.34,220.9,13.13,0
2026-07-19 04:21:23,MC_03,67.82,41.48,3.79,219.55,12.44,0
2026-07-19 04:21:23,MC_04,56.91,44.18,2.72,217.36,12.38,0
2026-07-19 04:21:23,MC_05,84.3,57.34,8.89,214.13,24.41,1
2026-07-19 04:26:23,MC_01,55.76,46.35,2.21,218.89,11.84,0
2026-07-19 04:26:23,MC_02,62.37,44.93,2.59,219.14,13.77,0
2026-07-19 04:26:23,MC_03,62.44,39.17,2.33,224.47,11.87,0
2026-07-19 04:26:23,MC_04,56.09,41.54,3.17,215.22,12.67,0
2026-07-19 04:26:23,MC_05,55.85,44.09,3.01,218.23,15.31,0
2026-07-19 04:31:23,MC_01,63.25,43.94,2.0,220.97,12.57,0
2026-07-19 04:31:23,MC_02,58.0,38.31,2.47,215.9,9.32,0
2026-07-19 04:31:23,MC_03,60.24,36.05,2.41,225.48,12.0,0
2026-07-19 04:31:23,MC_04,60.15,42.5,1.87,215.3,10.43,0
2026-07-19 04:31:23,MC_05,59.99,36.38,3.0,224.17,11.74,0
2026-07-19 04:36:23,MC_01,57.61,34.4,2.02,224.3,12.45,0
2026-07-19 04:36:23,MC_02,58.19,38.37,2.34,216.7,12.41,0
2026-07-19 04:36:23,MC_03,60.15,47.59,3.08,222.79,13.14,0
2026-07-19 04:36:23,MC_04,57.07,41.57,2.81,215.03,11.57,0
2026-07-19 04:36:23,MC_05,65.5,32.71,1.87,219.12,12.53,0
2026-07-19 04:41:23,MC_01,65.77,40.27,2.97,217.04,10.79,0
2026-07-19 04:41:23,MC_02,64.24,36.8,3.28,215.38,13.4,0
2026-07-19 04:41:23,MC_03,61.47,31.6,1.77,220.43,10.91,0
2026-07-19 04:41:23,MC_04,85.41,47.24,7.94,214.68,25.7,1
2026-07-19 04:41:23,MC_05,68.7,35.86,2.52,223.12,13.02,0
2026-07-19 04:46:23,MC_01,63.88,33.63,2.04,220.68,12.72,0
2026-07-19 04:46:23,MC_02,55.48,37.81,3.63,227.5,11.75,0
2026-07-19 04:46:23,MC_03,66.42,34.48,2.68,225.1,11.51,0
2026-07-19 04:46:23,MC_04,61.52,38.07,2.91,213.68,10.48,0
2026-07-19 04:46:23,MC_05,66.53,39.43,2.68,217.61,10.31,0
2026-07-19 04:51:23,MC_01,58.1,32.84,2.65,220.91,11.0,0
2026-07-19 04:51:23,MC_02,50.22,43.67,2.48,216.88,13.1,0
2026-07-19 04:51:23,MC_03,59.56,46.19,3.29,213.41,11.34,0
2026-07-19 04:51:23,MC_04,96.45,49.75,7.66,224.88,26.07,1
2026-07-19 04:51:23,MC_05,59.22,33.59,2.74,212.41,10.6,0
2026-07-19 04:56:23,MC_01,66.09,41.1,2.23,216.14,11.46,0
2026-07-19 04:56:23,MC_02,60.24,36.27,3.28,223.03,13.04,0
2026-07-19 04:56:23,MC_03,57.56,40.61,3.3,218.98,11.24,0
2026-07-19 04:56:23,MC_04,63.17,34.94,2.96,213.5,12.96,0
2026-07-19 04:56:23,MC_05,56.76,41.91,2.95,220.77,10.2,0
2026-07-19 05:01:23,MC_01,50.52,44.51,2.56,214.32,14.18,0
2026-07-19 05:01:23,MC_02,56.49,31.93,1.82,217.76,13.35,0
2026-07-19 05:01:23,MC_03,49.95,45.08,2.61,219.4,13.7,0
2026-07-19 05:01:23,MC_04,98.35,53.64,7.05,213.17,23.28,1
2026-07-19 05:01:23,MC_05,58.48,31.54,2.71,214.09,11.43,0
2026-07-19 05:06:23,MC_01,58.73,32.62,1.63,222.73,11.09,0
2026-07-19 05:06:23,MC_02,58.04,40.29,1.62,217.96,11.83,0
2026-07-19 05:06:23,MC_03,68.82,36.32,2.89,219.99,10.3,0
2026-07-19 05:06:23,MC_04,63.88,37.92,2.67,214.81,11.74,0
2026-07-19 05:06:23,MC_05,84.03,67.27,10.28,216.62,17.41,1
2026-07-19 05:11:23,MC_01,57.94,34.71,2.76,226.59,15.85,0
2026-07-19 05:11:23,MC_02,61.93,32.48,2.59,231.75,13.91,0
2026-07-19 05:11:23,MC_03,61.8,30.31,2.88,217.1,10.95,0
2026-07-19 05:11:23,MC_04,58.38,40.06,2.22,220.5,9.77,0
2026-07-19 05:11:23,MC_05,56.79,40.57,1.7,215.89,12.85,0
2026-07-19 05:16:23,MC_01,52.93,38.02,2.11,221.01,9.83,0
2026-07-19 05:16:23,MC_02,59.33,40.38,2.19,226.37,9.76,0
2026-07-19 05:16:23,MC_03,54.31,41.95,1.92,214.0,12.19,0
2026-07-19 05:16:23,MC_04,54.73,39.47,2.15,215.69,8.85,0
2026-07-19 05:16:23,MC_05,60.7,37.95,2.4,219.25,12.29,0
2026-07-19 05:21:23,MC_01,50.76,39.09,2.92,222.38,10.54,0
2026-07-19 05:21:23,MC_02,55.96,37.04,2.63,221.32,15.55,0
2026-07-19 05:21:23,MC_03,52.7,38.9,2.44,208.95,10.93,0
2026-07-19 05:21:23,MC_04,61.49,33.77,2.84,224.57,13.43,0
2026-07-19 05:21:23,MC_05,56.66,34.38,2.29,215.48,13.38,0
2026-07-19 05:26:23,MC_01,91.49,54.16,8.61,225.03,25.53,1
2026-07-19 05:26:23,MC_02,69.09,37.04,1.67,220.56,14.21,0
2026-07-19 05:26:23,MC_03,63.32,42.13,2.57,218.52,10.89,0
2026-07-19 05:26:23,MC_04,60.02,44.18,2.38,218.96,12.28,0
2026-07-19 05:26:23,MC_05,73.13,38.8,2.47,213.44,14.82,0
2026-07-19 05:31:23,MC_01,52.51,37.43,2.71,219.2,12.67,0
2026-07-19 05:31:23,MC_02,70.51,37.39,2.12,217.86,11.42,0
2026-07-19 05:31:23,MC_03,62.18,40.53,2.6,232.68,10.92,0
2026-07-19 05:31:23,MC_04,59.82,36.4,2.14,214.07,9.97,0
2026-07-19 05:31:23,MC_05,60.61,42.84,2.11,209.86,12.17,0
2026-07-19 05:36:23,MC_01,95.56,48.87,6.78,216.3,16.69,1
2026-07-19 05:36:23,MC_02,60.88,40.08,3.44,210.82,10.44,0
2026-07-19 05:36:23,MC_03,54.59,42.75,2.2,218.33,9.42,0
2026-07-19 05:36:23,MC_04,63.21,33.3,2.27,225.43,11.33,0
2026-07-19 05:36:23,MC_05,49.42,43.48,1.63,227.56,10.84,0
2026-07-19 05:41:23,MC_01,64.73,39.28,2.74,220.38,11.86,0
2026-07-19 05:41:23,MC_02,55.27,41.65,2.69,225.77,14.08,0
2026-07-19 05:41:23,MC_03,68.82,39.74,1.97,218.08,10.04,0
2026-07-19 05:41:23,MC_04,76.12,33.52,3.01,163.15,21.86,1
2026-07-19 05:41:23,MC_05,60.11,36.06,2.96,225.35,11.61,0
2026-07-19 05:46:23,MC_01,67.88,44.74,3.31,224.97,10.85,0
2026-07-19 05:46:23,MC_02,72.38,35.29,2.91,219.54,13.42,0
2026-07-19 05:46:23,MC_03,53.7,36.64,2.87,214.4,12.43,0
2026-07-19 05:46:23,MC_04,56.31,41.34,2.49,220.19,11.65,0
2026-07-19 05:46:23,MC_05,58.51,39.91,3.22,222.65,11.8,0
2026-07-19 05:51:23,MC_01,55.4,36.81,1.56,219.94,15.1,0
2026-07-19 05:51:23,MC_02,60.98,38.85,2.39,213.02,12.3,0
2026-07-19 05:51:23,MC_03,65.74,36.89,3.92,222.02,11.97,0
2026-07-19 05:51:23,MC_04,69.69,38.27,2.41,221.13,11.68,0
2026-07-19 05:51:23,MC_05,62.42,41.85,1.86,221.01,12.35,0
2026-07-19 05:56:23,MC_01,54.38,50.08,2.48,215.72,12.93,0
2026-07-19 05:56:23,MC_02,68.91,34.68,2.36,215.45,13.11,0
2026-07-19 05:56:23,MC_03,67.08,37.47,2.92,222.05,13.76,0
2026-07-19 05:56:23,MC_04,61.97,38.92,2.65,226.35,15.2,0
2026-07-19 05:56:23,MC_05,57.56,43.48,2.25,214.85,13.83,0
2026-07-19 06:01:23,MC_01,63.76,41.64,2.78,225.44,13.39,0
2026-07-19 06:01:23,MC_02,57.98,41.69,3.25,220.23,11.26,0
2026-07-19 06:01:23,MC_03,58.8,41.45,2.36,225.87,12.23,0
2026-07-19 06:01:23,MC_04,67.14,45.33,2.33,221.33,10.83,0
2026-07-19 06:01:23,MC_05,62.57,34.56,1.51,214.34,12.75,0
2026-07-19 06:06:23,MC_01,63.37,40.83,2.15,226.84,10.94,0
2026-07-19 06:06:23,MC_02,67.88,40.73,2.58,216.23,15.25,0
2026-07-19 06:06:23,MC_03,64.95,37.36,2.84,219.67,12.09,0
2026-07-19 06:06:23,MC_04,60.09,45.74,2.09,211.73,10.81,0
2026-07-19 06:06:23,MC_05,60.76,54.75,2.59,220.76,10.07,0
2026-07-19 06:11:23,MC_01,66.86,44.85,2.5,213.93,11.58,0
2026-07-19 06:11:23,MC_02,67.11,38.48,2.35,223.69,8.69,0
2026-07-19 06:11:23,MC_03,57.32,43.02,1.85,220.9,12.72,0
2026-07-19 06:11:23,MC_04,62.9,42.88,2.06,226.83,10.22,0
2026-07-19 06:11:23,MC_05,51.41,37.72,2.44,226.93,14.73,0
2026-07-19 06:16:23,MC_01,59.35,43.09,2.85,216.96,10.24,0
2026-07-19 06:16:23,MC_02,57.78,41.89,1.5,224.77,15.57,0
2026-07-19 06:16:23,MC_03,60.57,40.9,2.14,214.38,11.47,0
2026-07-19 06:16:23,MC_04,53.27,38.24,1.83,223.36,6.84,0
2026-07-19 06:16:23,MC_05,54.16,40.74,2.44,216.86,13.64,0
2026-07-19 06:21:23,MC_01,63.28,32.28,2.36,217.41,11.54,0
2026-07-19 06:21:23,MC_02,57.56,41.84,2.33,223.16,13.12,0
2026-07-19 06:21:23,MC_03,48.26,40.11,2.65,212.59,12.33,0
2026-07-19 06:21:23,MC_04,64.57,44.09,3.17,225.81,14.05,0
2026-07-19 06:21:23,MC_05,47.63,35.74,3.11,216.98,12.6,0
2026-07-19 06:26:23,MC_01,61.2,41.41,2.67,215.71,13.44,0
2026-07-19 06:26:23,MC_02,49.22,36.38,2.43,221.09,9.2,0
2026-07-19 06:26:23,MC_03,65.21,42.81,2.13,214.64,11.37,0
2026-07-19 06:26:23,MC_04,60.45,45.52,1.92,222.69,12.77,0
2026-07-19 06:26:23,MC_05,64.79,34.47,2.22,224.21,14.78,0
2026-07-19 06:31:23,MC_01,52.13,36.93,2.97,226.58,8.88,0
2026-07-19 06:31:23,MC_02,53.97,39.11,2.3,222.57,9.11,0
2026-07-19 06:31:23,MC_03,67.02,46.66,2.7,216.72,12.26,0
2026-07-19 06:31:23,MC_04,72.64,30.25,2.79,223.24,12.56,0
2026-07-19 06:31:23,MC_05,62.85,38.68,2.36,213.2,13.1,0
2026-07-19 06:36:23,MC_01,79.54,33.1,2.69,173.25,26.87,1
2026-07-19 06:36:23,MC_02,71.03,40.95,2.41,229.06,11.41,0
2026-07-19 06:36:23,MC_03,59.54,37.01,1.37,215.32,10.58,0
2026-07-19 06:36:23,MC_04,70.79,35.77,3.2,221.1,13.21,0
2026-07-19 06:36:23,MC_05,63.73,38.95,1.93,222.3,14.57,0
2026-07-19 06:41:23,MC_01,53.77,40.29,2.34,216.97,13.03,0
2026-07-19 06:41:23,MC_02,68.18,32.72,2.78,228.05,13.22,0
2026-07-19 06:41:23,MC_03,56.95,40.46,2.33,223.32,13.45,0
2026-07-19 06:41:23,MC_04,65.24,43.18,1.52,221.05,12.08,0
2026-07-19 06:41:23,MC_05,62.16,37.7,3.06,222.37,12.23,0
2026-07-19 06:46:23,MC_01,56.51,36.98,2.47,223.15,12.83,0
2026-07-19 06:46:23,MC_02,62.44,40.37,3.01,226.19,13.11,0
2026-07-19 06:46:23,MC_03,57.06,35.77,2.23,229.77,12.42,0
2026-07-19 06:46:23,MC_04,58.71,39.7,2.45,216.13,10.28,0
2026-07-19 06:46:23,MC_05,62.51,38.27,2.32,216.14,13.69,0
2026-07-19 06:51:23,MC_01,55.49,43.81,2.69,223.79,10.68,0
2026-07-19 06:51:23,MC_02,50.61,48.44,2.29,231.38,13.24,0
2026-07-19 06:51:23,MC_03,64.32,30.3,2.82,225.86,12.6,0
2026-07-19 06:51:23,MC_04,59.69,35.3,2.16,217.92,12.17,0
2026-07-19 06:51:23,MC_05,63.8,41.48,2.23,222.53,11.32,0
2026-07-19 06:56:23,MC_01,60.32,35.31,2.43,213.18,11.58,0
2026-07-19 06:56:23,MC_02,73.83,39.27,3.09,178.81,26.66,1
2026-07-19 06:56:23,MC_03,65.95,46.63,2.31,219.45,12.61,0
2026-07-19 06:56:23,MC_04,55.58,38.36,2.77,218.52,11.3,0
2026-07-19 06:56:23,MC_05,55.34,39.54,2.84,213.19,12.06,0
2026-07-19 07:01:23,MC_01,61.1,40.79,3.03,221.01,15.7,0
2026-07-19 07:01:23,MC_02,61.16,39.16,2.2,214.06,12.72,0
2026-07-19 07:01:23,MC_03,57.17,38.55,2.92,222.42,11.78,0
2026-07-19 07:01:23,MC_04,62.8,37.33,2.17,220.76,12.23,0
2026-07-19 07:01:23,MC_05,57.54,34.88,2.94,221.66,13.45,0
2026-07-19 07:06:23,MC_01,62.29,40.17,2.9,224.32,12.49,0
2026-07-19 07:06:23,MC_02,58.07,40.09,1.57,219.85,12.98,0
2026-07-19 07:06:23,MC_03,59.7,33.59,2.83,216.33,11.64,0
2026-07-19 07:06:23,MC_04,54.14,45.53,3.7,212.24,11.12,0
2026-07-19 07:06:23,MC_05,63.06,40.7,2.14,220.41,13.42,0
2026-07-19 07:11:23,MC_01,59.61,35.85,3.08,226.95,12.55,0
2026-07-19 07:11:23,MC_02,55.09,37.63,3.03,216.58,10.57,0
2026-07-19 07:11:23,MC_03,76.9,42.04,2.07,187.09,23.6,1
2026-07-19 07:11:23,MC_04,61.8,37.76,2.45,225.4,10.21,0
2026-07-19 07:11:23,MC_05,59.81,37.26,1.62,214.72,14.46,0
2026-07-19 07:16:23,MC_01,61.23,39.79,2.29,222.63,12.15,0
2026-07-19 07:16:23,MC_02,47.71,41.66,1.8,219.52,10.21,0
2026-07-19 07:16:23,MC_03,60.01,33.83,2.99,220.66,11.32,0
2026-07-19 07:16:23,MC_04,63.59,36.03,2.18,224.72,14.23,0
2026-07-19 07:16:23,MC_05,59.82,40.13,2.38,221.68,11.28,0
2026-07-19 07:21:23,MC_01,66.18,46.2,2.04,215.43,12.62,0
2026-07-19 07:21:23,MC_02,54.06,42.95,3.49,220.85,11.08,0
2026-07-19 07:21:23,MC_03,60.26,39.4,2.43,219.88,10.6,0
2026-07-19 07:21:23,MC_04,61.41,39.52,1.37,223.84,8.92,0
2026-07-19 07:21:23,MC_05,57.98,42.08,3.6,220.58,9.03,0
2026-07-19 07:26:23,MC_01,64.77,42.23,1.39,220.03,11.39,0
2026-07-19 07:26:23,MC_02,51.86,45.05,2.72,212.26,12.08,0
2026-07-19 07:26:23,MC_03,65.17,33.95,2.1,215.29,14.07,0
2026-07-19 07:26:23,MC_04,62.23,42.64,2.83,218.64,12.38,0
2026-07-19 07:26:23,MC_05,56.75,44.33,2.9,222.6,10.13,0
2026-07-19 07:31:23,MC_01,66.32,43.23,2.78,211.58,11.87,0
2026-07-19 07:31:23,MC_02,57.21,38.9,2.73,217.84,12.18,0
2026-07-19 07:31:23,MC_03,63.28,35.08,3.12,224.87,11.6,0
2026-07-19 07:31:23,MC_04,74.99,42.98,2.53,216.12,10.4,0
2026-07-19 07:31:23,MC_05,59.49,36.32,2.13,219.37,12.58,0
2026-07-19 07:36:23,MC_01,72.3,66.77,7.79,218.2,20.03,1
2026-07-19 07:36:23,MC_02,51.54,42.29,3.11,213.65,11.73,0
2026-07-19 07:36:23,MC_03,61.38,34.92,2.35,221.0,12.83,0
2026-07-19 07:36:23,MC_04,55.04,33.83,1.49,212.18,13.74,0
2026-07-19 07:36:23,MC_05,63.55,39.83,2.37,212.07,12.97,0
2026-07-19 07:41:23,MC_01,54.24,41.41,2.67,223.66,14.12,0
2026-07-19 07:41:23,MC_02,54.71,36.29,2.29,227.2,13.66,0
2026-07-19 07:41:23,MC_03,59.63,31.38,2.7,221.85,10.6,0
2026-07-19 07:41:23,MC_04,64.15,40.96,1.77,218.19,12.22,0
2026-07-19 07:41:23,MC_05,61.5,44.13,3.08,218.81,12.84,0
2026-07-19 07:46:23,MC_01,68.04,33.38,2.18,221.03,8.83,0
2026-07-19 07:46:23,MC_02,59.69,35.32,2.45,228.4,11.4,0
2026-07-19 07:46:23,MC_03,48.94,44.86,2.77,220.47,12.85,0
2026-07-19 07:46:23,MC_04,63.76,38.17,3.25,229.1,13.37,0
2026-07-19 07:46:23,MC_05,62.03,41.55,2.49,223.5,12.13,0
2026-07-19 07:51:23,MC_01,53.34,35.9,2.04,229.7,12.95,0
2026-07-19 07:51:23,MC_02,63.63,31.85,2.47,224.49,11.7,0
2026-07-19 07:51:23,MC_03,54.1,37.55,1.92,220.73,11.18,0
2026-07-19 07:51:23,MC_04,63.17,39.85,2.7,222.68,12.97,0
2026-07-19 07:51:23,MC_05,61.49,37.33,2.93,216.52,11.56,0
2026-07-19 07:56:23,MC_01,55.69,39.07,2.09,220.11,12.24,0
2026-07-19 07:56:23,MC_02,61.66,40.47,2.16,220.69,12.36,0
2026-07-19 07:56:23,MC_03,59.98,38.48,2.86,215.52,9.68,0
2026-07-19 07:56:23,MC_04,57.41,44.18,2.06,218.22,12.63,0
2026-07-19 07:56:23,MC_05,57.1,37.73,1.92,218.71,13.6,0
2026-07-19 08:01:23,MC_01,60.69,46.64,3.65,220.91,10.51,0
2026-07-19 08:01:23,MC_02,66.56,31.67,2.86,208.42,13.49,0
2026-07-19 08:01:23,MC_03,69.05,46.91,1.87,210.68,11.04,0
2026-07-19 08:01:23,MC_04,64.4,44.82,2.83,222.64,15.54,0
2026-07-19 08:01:23,MC_05,57.61,36.89,1.91,222.16,11.73,0
2026-07-19 08:06:23,MC_01,64.12,38.46,2.42,219.66,9.45,0
2026-07-19 08:06:23,MC_02,55.06,47.64,2.5,216.87,11.01,0
2026-07-19 08:06:23,MC_03,66.85,43.53,2.78,217.19,13.26,0
2026-07-19 08:06:23,MC_04,66.12,37.55,2.41,221.55,11.2,0
2026-07-19 08:06:23,MC_05,63.78,44.9,2.51,214.72,12.12,0
2026-07-19 08:11:23,MC_01,68.27,47.16,2.56,219.0,12.03,0
2026-07-19 08:11:23,MC_02,64.47,45.53,3.07,215.2,13.33,0
2026-07-19 08:11:23,MC_03,63.0,38.77,1.9,229.44,9.99,0
2026-07-19 08:11:23,MC_04,68.41,40.09,2.97,222.24,11.0,0
2026-07-19 08:11:23,MC_05,63.21,40.57,2.64,214.87,10.08,0
2026-07-19 08:16:23,MC_01,60.35,42.29,2.81,220.78,12.02,0
2026-07-19 08:16:23,MC_02,61.97,36.69,2.12,221.39,15.06,0
2026-07-19 08:16:23,MC_03,58.01,42.26,2.98,225.16,12.51,0
2026-07-19 08:16:23,MC_04,62.12,38.26,3.2,222.29,10.88,0
2026-07-19 08:16:23,MC_05,55.67,47.84,2.25,223.76,12.57,0
2026-07-19 08:21:23,MC_01,64.99,43.34,2.4,216.68,15.63,0
2026-07-19 08:21:23,MC_02,59.79,40.77,3.3,222.7,10.04,0
2026-07-19 08:21:23,MC_03,56.7,40.04,3.01,212.4,12.74,0
2026-07-19 08:21:23,MC_04,63.66,44.2,2.09,224.73,11.91,0
2026-07-19 08:21:23,MC_05,63.25,35.58,2.94,224.35,11.55,0
2026-07-19 08:26:23,MC_01,60.01,40.79,2.6,218.31,10.13,0
2026-07-19 08:26:23,MC_02,56.25,45.1,2.01,222.81,9.75,0
2026-07-19 08:26:23,MC_03,52.82,35.32,2.97,221.86,8.81,0
2026-07-19 08:26:23,MC_04,51.46,36.72,2.48,220.39,9.55,0
2026-07-19 08:26:23,MC_05,52.93,43.05,2.29,223.71,13.64,0
2026-07-19 08:31:23,MC_01,58.48,39.33,2.47,209.59,10.85,0
2026-07-19 08:31:23,MC_02,53.19,37.03,2.07,219.01,11.26,0
2026-07-19 08:31:23,MC_03,52.16,35.88,2.34,217.76,9.88,0
2026-07-19 08:31:23,MC_04,63.38,39.35,1.96,224.27,15.1,0
2026-07-19 08:31:23,MC_05,56.78,44.9,2.07,217.34,14.15,0
2026-07-19 08:36:23,MC_01,59.4,32.79,3.67,218.92,12.23,0
2026-07-19 08:36:23,MC_02,63.53,33.77,2.59,224.39,13.8,0
2026-07-19 08:36:23,MC_03,63.23,35.08,2.34,213.74,10.89,0
2026-07-19 08:36:23,MC_04,62.66,35.95,3.42,224.95,13.78,0
2026-07-19 08:36:23,MC_05,56.55,40.87,1.62,225.31,11.03,0
2026-07-19 08:41:23,MC_01,57.23,36.81,2.44,224.01,11.78,0
2026-07-19 08:41:23,MC_02,63.01,43.18,2.4,219.44,12.21,0
2026-07-19 08:41:23,MC_03,65.69,41.02,2.13,219.79,10.32,0
2026-07-19 08:41:23,MC_04,63.77,39.87,2.52,175.8,28.55,1
2026-07-19 08:41:23,MC_05,63.85,38.17,2.41,218.79,13.75,0
2026-07-19 08:46:23,MC_01,58.71,35.06,1.71,221.81,10.86,0
2026-07-19 08:46:23,MC_02,57.31,34.68,2.72,223.24,12.51,0
2026-07-19 08:46:23,MC_03,54.57,33.25,2.38,227.58,11.73,0
2026-07-19 08:46:23,MC_04,52.56,37.57,2.18,230.7,14.5,0
2026-07-19 08:46:23,MC_05,63.65,35.47,3.04,224.64,11.77,0
2026-07-19 08:51:23,MC_01,65.7,38.21,1.87,224.89,11.87,0
2026-07-19 08:51:23,MC_02,63.01,39.43,3.28,223.34,10.95,0
2026-07-19 08:51:23,MC_03,56.31,40.95,2.54,221.4,10.74,0
2026-07-19 08:51:23,MC_04,59.65,44.7,1.79,222.42,11.08,0
2026-07-19 08:51:23,MC_05,62.02,40.26,3.16,221.74,10.94,0
2026-07-19 08:56:23,MC_01,60.49,38.32,2.16,221.0,12.08,0
2026-07-19 08:56:23,MC_02,65.32,38.34,1.51,218.18,9.56,0
2026-07-19 08:56:23,MC_03,62.08,38.55,3.27,214.64,12.02,0
2026-07-19 08:56:23,MC_04,63.89,44.38,2.93,213.95,12.54,0
2026-07-19 08:56:23,MC_05,64.24,36.79,2.89,219.65,11.52,0
2026-07-19 09:01:23,MC_01,57.16,40.97,1.93,220.89,11.34,0
2026-07-19 09:01:23,MC_02,53.75,34.69,1.91,218.97,12.18,0
2026-07-19 09:01:23,MC_03,56.21,44.23,2.28,222.25,11.75,0
2026-07-19 09:01:23,MC_04,61.88,39.97,2.91,215.91,9.35,0
2026-07-19 09:01:23,MC_05,59.23,40.37,1.97,220.33,10.47,0
2026-07-19 09:06:23,MC_01,55.62,42.21,2.79,212.06,11.99,0
2026-07-19 09:06:23,MC_02,60.08,39.0,2.76,220.41,11.18,0
2026-07-19 09:06:23,MC_03,64.63,31.12,2.47,211.18,10.63,0
2026-07-19 09:06:23,MC_04,52.88,49.53,1.82,228.25,11.74,0
2026-07-19 09:06:23,MC_05,57.38,35.42,2.24,224.23,12.43,0
2026-07-19 09:11:23,MC_01,69.04,40.71,2.61,221.61,11.79,0
2026-07-19 09:11:23,MC_02,64.24,43.78,2.71,222.51,10.48,0
2026-07-19 09:11:23,MC_03,67.12,32.24,2.22,220.12,10.68,0
2026-07-19 09:11:23,MC_04,55.89,31.87,2.41,222.32,13.17,0
2026-07-19 09:11:23,MC_05,61.6,47.05,2.51,226.56,11.03,0
2026-07-19 09:16:23,MC_01,60.29,39.52,2.68,218.43,12.88,0
2026-07-19 09:16:23,MC_02,55.32,39.89,2.83,229.31,12.45,0
2026-07-19 09:16:23,MC_03,65.04,42.42,2.48,219.18,10.34,0
2026-07-19 09:16:23,MC_04,55.05,35.97,2.15,214.01,12.02,0
2026-07-19 09:16:23,MC_05,65.44,41.17,2.47,225.01,11.32,0
2026-07-19 09:21:23,MC_01,60.45,38.43,2.22,210.75,11.15,0
2026-07-19 09:21:23,MC_02,63.58,45.2,2.49,213.31,9.52,0
2026-07-19 09:21:23,MC_03,66.09,38.51,1.89,208.7,11.41,0
2026-07-19 09:21:23,MC_04,62.02,37.8,3.12,213.04,11.04,0
2026-07-19 09:21:23,MC_05,60.9,37.41,2.52,217.31,10.71,0
2026-07-19 09:26:23,MC_01,54.6,41.26,2.58,222.2,11.62,0
2026-07-19 09:26:23,MC_02,57.59,36.74,1.79,214.39,11.45,0
2026-07-19 09:26:23,MC_03,51.98,40.9,2.27,231.36,9.53,0
2026-07-19 09:26:23,MC_04,63.93,40.44,1.56,220.48,12.5,0
2026-07-19 09:26:23,MC_05,49.04,42.69,1.92,223.45,13.63,0
2026-07-19 09:31:23,MC_01,77.93,50.73,7.44,222.86,17.7,1
2026-07-19 09:31:23,MC_02,62.82,43.02,2.87,221.94,12.54,0
2026-07-19 09:31:23,MC_03,48.03,48.44,2.04,223.48,11.49,0
2026-07-19 09:31:23,MC_04,66.99,36.15,2.14,217.51,12.83,0
2026-07-19 09:31:23,MC_05,60.63,43.73,2.97,227.57,12.52,0
2026-07-19 09:36:23,MC_01,61.7,42.07,1.8,211.58,12.92,0
2026-07-19 09:36:23,MC_02,61.77,36.35,2.79,222.99,12.89,0
2026-07-19 09:36:23,MC_03,61.68,44.64,2.71,222.44,12.13,0
2026-07-19 09:36:23,MC_04,56.86,42.37,2.39,221.57,13.25,0
2026-07-19 09:36:23,MC_05,52.74,35.66,2.17,216.35,11.76,0
2026-07-19 09:41:23,MC_01,57.1,43.48,2.48,221.72,10.53,0
2026-07-19 09:41:23,MC_02,53.4,42.09,3.3,218.81,11.66,0
2026-07-19 09:41:23,MC_03,55.98,42.94,2.38,215.89,12.13,0
2026-07-19 09:41:23,MC_04,64.13,39.68,1.95,213.62,12.01,0
2026-07-19 09:41:23,MC_05,59.47,45.13,3.37,222.46,11.45,0
2026-07-19 09:46:23,MC_01,67.81,44.89,2.11,209.66,10.54,0
2026-07-19 09:46:23,MC_02,64.81,34.06,1.77,223.81,9.85,0
2026-07-19 09:46:23,MC_03,58.65,42.31,1.47,229.16,11.5,0
2026-07-19 09:46:23,MC_04,53.2,35.82,3.2,212.22,12.74,0
2026-07-19 09:46:23,MC_05,56.97,42.23,2.5,230.35,10.84,0
2026-07-19 09:51:23,MC_01,64.33,41.31,2.99,217.48,9.92,0
2026-07-19 09:51:23,MC_02,74.42,39.74,2.84,180.15,29.7,1
2026-07-19 09:51:23,MC_03,58.63,35.38,2.05,219.08,14.02,0
2026-07-19 09:51:23,MC_04,58.75,46.05,2.78,223.98,13.44,0
2026-07-19 09:51:23,MC_05,67.44,40.72,2.79,224.35,12.96,0
2026-07-19 09:56:23,MC_01,59.36,39.86,2.89,223.88,13.75,0
2026-07-19 09:56:23,MC_02,57.77,37.68,2.89,217.13,11.97,0
2026-07-19 09:56:23,MC_03,66.9,38.82,2.44,224.34,11.95,0
2026-07-19 09:56:23,MC_04,60.91,37.69,2.74,224.86,10.49,0
2026-07-19 09:56:23,MC_05,59.0,42.53,2.22,212.54,13.55,0
2026-07-19 10:01:23,MC_01,54.4,41.08,2.43,220.81,14.48,0
2026-07-19 10:01:23,MC_02,75.19,39.38,3.02,224.79,14.11,0
2026-07-19 10:01:23,MC_03,64.64,40.47,2.38,217.62,13.51,0
2026-07-19 10:01:23,MC_04,68.02,38.51,1.77,220.74,10.75,0
2026-07-19 10:01:23,MC_05,54.86,37.41,1.84,218.02,10.93,0
2026-07-19 10:06:23,MC_01,61.88,42.37,2.63,218.82,11.61,0
2026-07-19 10:06:23,MC_02,63.52,32.96,2.46,218.38,12.9,0
2026-07-19 10:06:23,MC_03,52.87,32.38,1.96,219.54,12.77,0
2026-07-19 10:06:23,MC_04,60.91,42.24,1.96,212.06,12.13,0
2026-07-19 10:06:23,MC_05,53.85,40.76,2.22,216.51,12.93,0
2026-07-19 10:11:23,MC_01,61.06,35.14,1.53,229.41,10.17,0
2026-07-19 10:11:23,MC_02,62.64,37.6,1.79,212.8,12.57,0
2026-07-19 10:11:23,MC_03,57.22,42.79,2.16,221.37,12.06,0
2026-07-19 10:11:23,MC_04,57.95,39.94,3.38,223.02,13.64,0
2026-07-19 10:11:23,MC_05,63.2,34.0,2.77,217.43,9.68,0
2026-07-19 10:16:23,MC_01,60.65,39.56,2.33,232.33,10.23,0
2026-07-19 10:16:23,MC_02,55.73,39.81,1.8,217.02,11.93,0
2026-07-19 10:16:23,MC_03,52.24,34.19,1.96,230.88,9.03,0
2026-07-19 10:16:23,MC_04,58.25,42.42,2.78,216.6,9.96,0
2026-07-19 10:16:23,MC_05,63.11,42.21,2.36,222.21,11.33,0
2026-07-19 10:21:23,MC_01,62.6,41.24,2.75,216.2,14.37,0
2026-07-19 10:21:23,MC_02,58.29,39.52,1.84,219.03,12.8,0
2026-07-19 10:21:23,MC_03,63.81,46.25,2.76,221.38,11.33,0
2026-07-19 10:21:23,MC_04,56.69,43.88,2.98,214.61,13.08,0
2026-07-19 10:21:23,MC_05,62.7,35.8,1.29,219.2,12.39,0
2026-07-19 10:26:23,MC_01,59.42,40.59,2.71,217.79,13.39,0
2026-07-19 10:26:23,MC_02,56.88,33.74,2.25,221.41,11.33,0
2026-07-19 10:26:23,MC_03,79.2,36.09,2.6,169.02,19.77,1
2026-07-19 10:26:23,MC_04,70.12,30.02,2.74,213.53,10.13,0
2026-07-19 10:26:23,MC_05,60.69,42.76,1.96,214.46,10.06,0
2026-07-19 10:31:23,MC_01,66.44,35.38,2.77,227.72,12.1,0
2026-07-19 10:31:23,MC_02,51.05,39.83,3.29,220.26,12.77,0
2026-07-19 10:31:23,MC_03,65.62,40.55,2.64,225.01,14.45,0
2026-07-19 10:31:23,MC_04,54.22,47.97,2.37,221.36,12.53,0
2026-07-19 10:31:23,MC_05,61.17,40.99,3.18,211.0,11.02,0
2026-07-19 10:36:23,MC_01,63.19,44.35,3.3,221.39,14.23,0
2026-07-19 10:36:23,MC_02,52.28,35.99,2.5,220.13,12.34,0
2026-07-19 10:36:23,MC_03,69.18,47.31,2.32,217.46,13.83,0
2026-07-19 10:36:23,MC_04,59.7,39.31,2.45,219.99,11.55,0
2026-07-19 10:36:23,MC_05,62.78,43.61,1.86,222.52,12.83,0
2026-07-19 10:41:23,MC_01,58.83,37.97,2.5,217.27,13.71,0
2026-07-19 10:41:23,MC_02,49.49,35.74,2.21,226.7,13.73,0
2026-07-19 10:41:23,MC_03,65.19,44.53,2.21,223.36,10.57,0
2026-07-19 10:41:23,MC_04,58.05,38.58,1.67,222.25,10.68,0
2026-07-19 10:41:23,MC_05,56.56,43.01,3.05,224.59,11.63,0
2026-07-19 10:46:23,MC_01,57.86,36.35,1.62,223.86,13.02,0
2026-07-19 10:46:23,MC_02,59.11,42.52,3.14,221.49,12.29,0
2026-07-19 10:46:23,MC_03,56.61,37.08,1.92,215.27,12.49,0
2026-07-19 10:46:23,MC_04,66.54,34.26,2.72,222.74,11.56,0
2026-07-19 10:46:23,MC_05,63.11,35.73,3.44,227.19,8.66,0
2026-07-19 10:51:23,MC_01,67.16,44.04,1.96,222.88,10.95,0
2026-07-19 10:51:23,MC_02,62.69,34.65,2.62,222.32,11.76,0
2026-07-19 10:51:23,MC_03,54.52,42.94,1.42,224.76,11.89,0
2026-07-19 10:51:23,MC_04,62.61,38.44,3.05,211.42,13.95,0
2026-07-19 10:51:23,MC_05,67.16,48.92,2.59,213.23,13.28,0
2026-07-19 10:56:23,MC_01,59.8,34.76,2.6,215.4,9.05,0
2026-07-19 10:56:23,MC_02,62.51,45.02,3.21,212.44,11.66,0
2026-07-19 10:56:23,MC_03,56.95,40.64,2.93,231.06,9.65,0
2026-07-19 10:56:23,MC_04,61.33,44.19,2.31,221.03,10.87,0
2026-07-19 10:56:23,MC_05,65.32,45.64,1.86,227.82,13.4,0
2026-07-19 11:01:23,MC_01,59.22,43.36,2.25,226.81,12.15,0
2026-07-19 11:01:23,MC_02,64.44,43.54,2.65,222.81,10.86,0
2026-07-19 11:01:23,MC_03,82.3,56.27,6.06,217.54,22.29,1
2026-07-19 11:01:23,MC_04,51.24,42.71,1.88,218.27,12.89,0
2026-07-19 11:01:23,MC_05,59.51,38.55,3.38,220.29,10.47,0
2026-07-19 11:06:23,MC_01,67.38,34.02,0.75,223.85,13.37,0
2026-07-19 11:06:23,MC_02,76.01,38.89,2.23,185.01,28.65,1
2026-07-19 11:06:23,MC_03,61.58,42.51,2.8,217.71,13.03,0
2026-07-19 11:06:23,MC_04,60.49,42.39,2.26,223.48,10.11,0
2026-07-19 11:06:23,MC_05,58.33,42.61,1.96,213.16,9.38,0
2026-07-19 11:11:23,MC_01,55.12,38.13,2.92,219.0,13.07,0
2026-07-19 11:11:23,MC_02,54.67,41.77,2.41,228.87,10.99,0
2026-07-19 11:11:23,MC_03,59.12,42.01,2.47,219.3,11.0,0
2026-07-19 11:11:23,MC_04,58.65,45.08,2.97,217.71,11.06,0
2026-07-19 11:11:23,MC_05,65.68,30.48,2.27,214.68,13.87,0
2026-07-19 11:16:23,MC_01,65.37,40.04,2.82,212.01,11.52,0
2026-07-19 11:16:23,MC_02,61.28,32.13,2.75,217.83,10.82,0
2026-07-19 11:16:23,MC_03,63.72,36.75,2.83,218.72,13.69,0
2026-07-19 11:16:23,MC_04,58.79,36.7,2.11,218.38,12.41,0
2026-07-19 11:16:23,MC_05,64.54,33.19,2.08,230.24,10.29,0
2026-07-19 11:21:23,MC_01,59.65,43.74,2.9,226.67,11.63,0
2026-07-19 11:21:23,MC_02,60.71,39.0,1.94,220.85,11.75,0
2026-07-19 11:21:23,MC_03,60.74,37.2,2.67,217.38,12.3,0
2026-07-19 11:21:23,MC_04,66.94,35.88,2.14,224.06,11.92,0
2026-07-19 11:21:23,MC_05,55.33,42.4,2.1,217.96,10.16,0
2026-07-19 11:26:23,MC_01,55.32,44.37,3.05,218.23,13.0,0
2026-07-19 11:26:23,MC_02,60.97,39.49,1.56,221.63,10.93,0
2026-07-19 11:26:23,MC_03,65.26,36.95,2.66,220.56,9.42,0
2026-07-19 11:26:23,MC_04,65.12,40.07,2.95,222.69,12.86,0
2026-07-19 11:26:23,MC_05,63.08,46.28,2.88,219.66,12.93,0
2026-07-19 11:31:23,MC_01,58.31,45.31,2.5,221.88,13.89,0
2026-07-19 11:31:23,MC_02,59.96,37.77,1.8,224.02,11.62,0
2026-07-19 11:31:23,MC_03,61.33,47.8,2.5,225.34,12.97,0
2026-07-19 11:31:23,MC_04,57.05,37.25,2.24,216.74,11.99,0
2026-07-19 11:31:23,MC_05,58.96,32.5,2.0,218.54,14.51,0
2026-07-19 11:36:23,MC_01,63.17,39.99,1.93,219.61,13.48,0
2026-07-19 11:36:23,MC_02,54.33,35.86,3.4,221.48,11.29,0
2026-07-19 11:36:23,MC_03,59.47,45.4,2.55,223.32,12.12,0
2026-07-19 11:36:23,MC_04,64.57,33.47,2.49,230.25,11.33,0
2026-07-19 11:36:23,MC_05,62.27,38.51,1.71,220.52,12.58,0
2026-07-19 11:41:23,MC_01,63.22,46.3,2.53,214.24,10.68,0
2026-07-19 11:41:23,MC_02,56.19,39.71,3.19,219.43,10.26,0
2026-07-19 11:41:23,MC_03,59.39,41.62,2.17,223.95,13.57,0
2026-07-19 11:41:23,MC_04,58.68,30.57,2.92,217.89,15.31,0
2026-07-19 11:41:23,MC_05,59.54,36.0,3.34,223.28,14.32,0
2026-07-19 11:46:23,MC_01,57.07,33.02,2.87,217.72,10.51,0
2026-07-19 11:46:23,MC_02,60.32,38.07,2.16,223.83,8.28,0
2026-07-19 11:46:23,MC_03,63.15,32.26,2.79,214.13,14.36,0
2026-07-19 11:46:23,MC_04,59.49,39.12,1.65,218.57,11.31,0
2026-07-19 11:46:23,MC_05,56.82,43.14,2.28,223.01,12.01,0
2026-07-19 11:51:23,MC_01,62.98,39.69,3.39,207.79,12.94,0
2026-07-19 11:51:23,MC_02,64.28,40.09,2.44,221.86,13.33,0
2026-07-19 11:51:23,MC_03,64.19,43.88,2.67,212.26,10.47,0
2026-07-19 11:51:23,MC_04,65.42,41.76,2.66,218.91,13.12,0
2026-07-19 11:51:23,MC_05,67.51,35.51,1.76,218.37,11.96,0
2026-07-19 11:56:23,MC_01,57.61,42.86,1.74,220.11,12.35,0
2026-07-19 11:56:23,MC_02,54.56,38.36,2.15,212.13,12.65,0
2026-07-19 11:56:23,MC_03,56.22,35.46,1.9,218.32,10.03,0
2026-07-19 11:56:23,MC_04,63.92,41.4,2.53,214.76,13.24,0
2026-07-19 11:56:23,MC_05,66.85,36.77,2.33,213.71,11.57,0
2026-07-19 12:01:23,MC_01,61.25,30.23,2.52,223.07,11.99,0
2026-07-19 12:01:23,MC_02,65.68,39.6,2.7,214.99,12.88,0
2026-07-19 12:01:23,MC_03,52.85,38.2,2.0,222.99,11.27,0
2026-07-19 12:01:23,MC_04,63.59,36.94,2.64,209.62,11.59,0
2026-07-19 12:01:23,MC_05,58.18,41.45,2.53,215.23,8.61,0
2026-07-19 12:06:23,MC_01,56.15,37.06,2.91,213.65,9.22,0
2026-07-19 12:06:23,MC_02,58.27,37.36,2.38,221.08,10.69,0
2026-07-19 12:06:23,MC_03,65.01,41.05,1.87,210.23,13.6,0
2026-07-19 12:06:23,MC_04,55.44,39.61,2.2,226.71,11.89,0
2026-07-19 12:06:23,MC_05,53.1,38.94,3.06,215.65,9.66,0
2026-07-19 12:11:23,MC_01,63.65,36.08,1.65,215.27,12.33,0
2026-07-19 12:11:23,MC_02,61.93,43.39,2.84,222.16,10.34,0
2026-07-19 12:11:23,MC_03,56.74,41.13,2.77,214.77,14.58,0
2026-07-19 12:11:23,MC_04,59.15,40.7,1.85,220.61,12.65,0
2026-07-19 12:11:23,MC_05,62.44,36.93,1.58,221.46,11.36,0
2026-07-19 12:16:23,MC_01,57.85,36.19,2.46,219.83,13.54,0
2026-07-19 12:16:23,MC_02,62.15,31.07,2.12,231.72,11.54,0
2026-07-19 12:16:23,MC_03,63.35,38.37,2.63,222.63,11.18,0
2026-07-19 12:16:23,MC_04,60.12,41.96,2.22,215.04,11.27,0
2026-07-19 12:16:23,MC_05,65.3,46.03,2.5,220.88,9.01,0
2026-07-19 12:21:23,MC_01,64.34,34.83,2.45,230.8,11.87,0
2026-07-19 12:21:23,MC_02,67.22,36.36,1.7,223.61,12.46,0
2026-07-19 12:21:23,MC_03,58.22,37.53,2.24,221.14,13.06,0
2026-07-19 12:21:23,MC_04,61.43,40.78,2.56,219.13,10.75,0
2026-07-19 12:21:23,MC_05,60.23,42.99,2.44,215.4,10.21,0
2026-07-19 12:26:23,MC_01,55.23,36.49,2.48,219.57,14.12,0
2026-07-19 12:26:23,MC_02,60.87,41.1,2.66,216.86,10.62,0
2026-07-19 12:26:23,MC_03,60.29,37.85,2.59,214.6,9.79,0
2026-07-19 12:26:23,MC_04,51.92,47.8,3.48,224.43,11.45,0
2026-07-19 12:26:23,MC_05,57.58,41.19,1.84,219.05,12.8,0
2026-07-19 12:31:23,MC_01,48.19,35.58,2.76,218.44,11.53,0
2026-07-19 12:31:23,MC_02,65.54,38.77,2.36,215.83,11.67,0
2026-07-19 12:31:23,MC_03,54.3,38.67,2.24,221.16,14.27,0
2026-07-19 12:31:23,MC_04,61.3,36.55,2.85,222.03,11.93,0
2026-07-19 12:31:23,MC_05,61.65,43.98,2.12,226.56,9.6,0
2026-07-19 12:36:23,MC_01,63.31,44.12,1.59,228.13,15.39,0
2026-07-19 12:36:23,MC_02,57.11,43.9,2.34,205.32,12.58,0
2026-07-19 12:36:23,MC_03,64.47,42.06,2.84,228.02,11.68,0
2026-07-19 12:36:23,MC_04,65.63,39.43,3.52,223.24,11.86,0
2026-07-19 12:36:23,MC_05,54.0,41.76,2.83,225.2,12.81,0
2026-07-19 12:41:23,MC_01,60.4,45.3,3.22,214.74,14.64,0
2026-07-19 12:41:23,MC_02,66.15,44.82,2.6,217.72,12.47,0
2026-07-19 12:41:23,MC_03,65.93,31.87,2.56,220.29,14.24,0
2026-07-19 12:41:23,MC_04,64.14,42.68,2.26,219.46,12.86,0
2026-07-19 12:41:23,MC_05,66.57,38.54,1.98,215.47,10.31,0
2026-07-19 12:46:23,MC_01,68.04,42.62,3.04,224.46,11.7,0
2026-07-19 12:46:23,MC_02,70.06,40.49,3.39,214.75,11.35,0
2026-07-19 12:46:23,MC_03,51.99,44.17,2.63,230.08,11.27,0
2026-07-19 12:46:23,MC_04,66.69,40.32,2.45,218.55,10.73,0
2026-07-19 12:46:23,MC_05,61.87,29.96,2.34,225.81,12.33,0
2026-07-19 12:51:23,MC_01,53.49,32.9,3.08,211.73,13.14,0
2026-07-19 12:51:23,MC_02,62.85,43.76,3.2,213.31,12.2,0
2026-07-19 12:51:23,MC_03,61.32,35.32,2.69,230.87,11.69,0
2026-07-19 12:51:23,MC_04,59.53,37.53,2.84,205.24,10.49,0
2026-07-19 12:51:23,MC_05,59.0,36.3,1.96,207.52,11.46,0
2026-07-19 12:56:23,MC_01,62.33,34.28,2.31,213.36,10.85,0
2026-07-19 12:56:23,MC_02,66.43,35.82,2.2,224.25,13.04,0
2026-07-19 12:56:23,MC_03,62.58,37.45,2.79,223.96,12.66,0
2026-07-19 12:56:23,MC_04,59.62,41.62,2.54,212.45,11.12,0
2026-07-19 12:56:23,MC_05,70.4,42.5,2.52,211.6,12.0,0
2026-07-19 13:01:23,MC_01,56.67,38.9,2.62,216.78,13.44,0
2026-07-19 13:01:23,MC_02,58.52,43.23,3.22,222.76,13.73,0
2026-07-19 13:01:23,MC_03,56.09,30.8,2.39,223.26,9.63,0
2026-07-19 13:01:23,MC_04,66.47,33.67,3.33,225.91,11.39,0
2026-07-19 13:01:23,MC_05,64.65,39.16,2.2,216.73,11.65,0
2026-07-19 13:06:23,MC_01,58.01,49.11,1.9,222.3,12.31,0
2026-07-19 13:06:23,MC_02,62.72,34.48,4.19,221.45,13.1,0
2026-07-19 13:06:23,MC_03,54.41,45.83,1.95,219.06,11.78,0
2026-07-19 13:06:23,MC_04,64.3,44.98,2.17,219.82,12.94,0
2026-07-19 13:06:23,MC_05,61.28,46.05,3.25,222.88,13.15,0
2026-07-19 13:11:23,MC_01,59.66,49.06,2.23,222.17,12.57,0
2026-07-19 13:11:23,MC_02,58.13,50.67,2.1,222.04,12.13,0
2026-07-19 13:11:23,MC_03,60.83,38.13,2.01,220.62,10.34,0
2026-07-19 13:11:23,MC_04,57.67,38.97,3.4,227.01,12.12,0
2026-07-19 13:11:23,MC_05,106.39,65.8,8.44,219.01,21.62,1
2026-07-19 13:16:23,MC_01,55.37,46.0,2.09,224.84,11.42,0
2026-07-19 13:16:23,MC_02,59.31,35.62,1.65,219.84,10.57,0
2026-07-19 13:16:23,MC_03,64.64,45.47,1.76,216.38,12.27,0
2026-07-19 13:16:23,MC_04,64.34,40.39,2.65,221.66,9.8,0
2026-07-19 13:16:23,MC_05,59.22,36.3,1.87,218.83,14.95,0
2026-07-19 13:21:23,MC_01,55.9,44.7,3.29,220.23,10.98,0
2026-07-19 13:21:23,MC_02,62.56,37.36,2.73,224.67,11.52,0
2026-07-19 13:21:23,MC_03,59.14,38.8,2.12,216.14,16.0,0
2026-07-19 13:21:23,MC_04,59.02,45.46,3.34,219.08,12.55,0
2026-07-19 13:21:23,MC_05,52.24,40.2,2.29,229.46,11.65,0
2026-07-19 13:26:23,MC_01,69.75,38.09,3.46,222.53,12.84,0
2026-07-19 13:26:23,MC_02,57.44,42.31,3.35,219.28,11.49,0
2026-07-19 13:26:23,MC_03,58.77,46.48,2.93,227.24,12.47,0
2026-07-19 13:26:23,MC_04,65.35,39.01,3.18,221.83,8.39,0
2026-07-19 13:26:23,MC_05,64.42,43.61,2.66,222.72,13.65,0
2026-07-19 13:31:23,MC_01,65.82,47.04,1.95,222.04,10.56,0
2026-07-19 13:31:23,MC_02,54.98,44.58,2.33,219.33,12.32,0
2026-07-19 13:31:23,MC_03,83.26,37.8,3.09,177.42,28.15,1
2026-07-19 13:31:23,MC_04,62.65,40.06,2.49,214.67,8.01,0
2026-07-19 13:31:23,MC_05,57.82,37.79,2.17,218.12,13.51,0
2026-07-19 13:36:23,MC_01,74.71,32.02,2.33,179.75,21.63,1
2026-07-19 13:36:23,MC_02,62.65,52.86,2.67,221.18,8.77,0
2026-07-19 13:36:23,MC_03,83.8,50.41,9.11,219.1,28.79,1
2026-07-19 13:36:23,MC_04,57.13,38.95,2.58,228.03,10.8,0
2026-07-19 13:36:23,MC_05,51.74,45.6,2.06,227.34,13.87,0
2026-07-19 13:41:23,MC_01,50.84,34.59,2.64,218.07,10.82,0
2026-07-19 13:41:23,MC_02,64.04,38.51,2.49,227.7,10.07,0
2026-07-19 13:41:23,MC_03,68.48,49.62,2.6,222.46,11.84,0
2026-07-19 13:41:23,MC_04,59.29,42.64,2.01,218.23,12.05,0
2026-07-19 13:41:23,MC_05,57.62,44.26,2.06,219.17,10.39,0
2026-07-19 13:46:23,MC_01,64.91,38.76,2.22,219.05,11.84,0
2026-07-19 13:46:23,MC_02,62.03,42.16,2.42,219.8,7.34,0
2026-07-19 13:46:23,MC_03,57.74,35.71,2.31,217.02,13.61,0
2026-07-19 13:46:23,MC_04,60.05,35.46,2.19,217.05,10.95,0
2026-07-19 13:46:23,MC_05,61.83,35.78,2.6,221.05,11.72,0
2026-07-19 13:51:23,MC_01,62.87,31.03,2.02,222.57,12.43,0
2026-07-19 13:51:23,MC_02,58.11,38.11,2.19,218.72,12.75,0
2026-07-19 13:51:23,MC_03,57.59,37.76,3.67,213.83,13.17,0
2026-07-19 13:51:23,MC_04,50.97,42.63,3.85,225.29,14.01,0
2026-07-19 13:51:23,MC_05,61.24,48.1,1.95,225.94,12.64,0
2026-07-19 13:56:23,MC_01,55.44,26.94,1.9,218.06,12.12,0
2026-07-19 13:56:23,MC_02,53.45,38.73,2.62,217.12,10.38,0
2026-07-19 13:56:23,MC_03,56.34,44.62,3.18,218.22,12.69,0
2026-07-19 13:56:23,MC_04,71.13,45.08,2.25,213.4,11.56,0
2026-07-19 13:56:23,MC_05,61.37,47.14,2.52,217.62,12.79,0
2026-07-19 14:01:23,MC_01,55.31,33.43,2.36,226.08,13.0,0
2026-07-19 14:01:23,MC_02,65.62,32.38,3.0,226.71,10.4,0
2026-07-19 14:01:23,MC_03,54.58,38.74,2.81,219.73,11.13,0
2026-07-19 14:01:23,MC_04,62.96,38.57,2.23,222.39,9.59,0
2026-07-19 14:01:23,MC_05,56.06,41.02,2.58,232.4,10.86,0
2026-07-19 14:06:23,MC_01,59.94,46.8,1.72,219.18,12.05,0
2026-07-19 14:06:23,MC_02,63.85,47.15,2.9,224.32,11.47,0
2026-07-19 14:06:23,MC_03,65.09,39.07,1.71,213.24,11.35,0
2026-07-19 14:06:23,MC_04,59.21,42.13,1.89,226.49,12.73,0
2026-07-19 14:06:23,MC_05,62.02,43.79,2.66,214.93,12.94,0
2026-07-19 14:11:23,MC_01,56.14,46.65,2.83,225.04,10.86,0
2026-07-19 14:11:23,MC_02,61.49,40.76,2.56,210.31,14.95,0
2026-07-19 14:11:23,MC_03,53.43,45.86,3.19,224.27,12.41,0
2026-07-19 14:11:23,MC_04,71.68,40.9,2.79,220.53,12.86,0
2026-07-19 14:11:23,MC_05,58.1,35.66,1.57,218.44,10.98,0
2026-07-19 14:16:23,MC_01,58.97,37.8,2.76,217.32,11.72,0
2026-07-19 14:16:23,MC_02,61.14,41.04,2.14,217.9,11.58,0
2026-07-19 14:16:23,MC_03,60.53,42.38,2.21,229.61,13.87,0
2026-07-19 14:16:23,MC_04,68.04,42.65,2.54,208.37,11.67,0
2026-07-19 14:16:23,MC_05,61.05,37.19,2.65,220.66,11.62,0
2026-07-19 14:21:23,MC_01,73.58,47.11,1.99,225.93,10.9,0
2026-07-19 14:21:23,MC_02,54.13,34.1,2.32,225.03,12.24,0
2026-07-19 14:21:23,MC_03,58.85,35.79,1.71,213.98,12.11,0
2026-07-19 14:21:23,MC_04,63.29,43.27,2.66,215.71,11.25,0
2026-07-19 14:21:23,MC_05,63.23,35.57,2.69,224.53,12.29,0
2026-07-19 14:26:23,MC_01,55.05,41.95,2.4,217.0,12.6,0
2026-07-19 14:26:23,MC_02,54.47,34.6,2.24,232.36,12.95,0
2026-07-19 14:26:23,MC_03,54.35,46.07,2.06,220.55,15.13,0
2026-07-19 14:26:23,MC_04,59.64,39.65,2.06,227.06,11.26,0
2026-07-19 14:26:23,MC_05,69.53,44.02,2.45,221.44,10.04,0
2026-07-19 14:31:23,MC_01,68.62,38.09,2.67,226.05,12.06,0
2026-07-19 14:31:23,MC_02,65.43,49.99,2.51,226.62,12.77,0
2026-07-19 14:31:23,MC_03,64.29,42.82,3.03,225.0,11.89,0
2026-07-19 14:31:23,MC_04,57.22,41.7,1.77,223.09,13.12,0
2026-07-19 14:31:23,MC_05,64.56,42.99,2.96,223.89,12.16,0
2026-07-19 14:36:23,MC_01,59.93,41.06,3.15,209.84,12.48,0
2026-07-19 14:36:23,MC_02,52.42,41.85,2.55,223.95,8.1,0
2026-07-19 14:36:23,MC_03,65.35,44.31,1.81,227.04,14.69,0
2026-07-19 14:36:23,MC_04,60.99,32.81,2.33,227.02,10.71,0
2026-07-19 14:36:23,MC_05,69.14,40.18,1.77,222.14,11.71,0
2026-07-19 14:41:23,MC_01,59.6,40.82,1.81,225.41,12.42,0
2026-07-19 14:41:23,MC_02,55.76,45.48,3.29,229.0,10.0,0
2026-07-19 14:41:23,MC_03,65.45,39.31,3.13,212.91,10.97,0
2026-07-19 14:41:23,MC_04,56.01,31.88,2.27,224.8,13.67,0
2026-07-19 14:41:23,MC_05,55.35,44.28,1.9,211.94,12.31,0
2026-07-19 14:46:23,MC_01,57.78,46.83,2.7,225.3,10.72,0
2026-07-19 14:46:23,MC_02,57.53,36.39,3.27,219.97,10.82,0
2026-07-19 14:46:23,MC_03,63.39,51.61,1.9,229.33,10.78,0
2026-07-19 14:46:23,MC_04,63.68,34.47,1.75,223.83,9.33,0
2026-07-19 14:46:23,MC_05,54.16,35.33,2.29,209.08,9.9,0
2026-07-19 14:51:23,MC_01,66.7,43.83,3.63,222.97,13.95,0
2026-07-19 14:51:23,MC_02,57.89,39.25,2.71,210.53,12.82,0
2026-07-19 14:51:23,MC_03,64.99,33.79,2.53,222.24,11.2,0
2026-07-19 14:51:23,MC_04,60.19,40.34,2.95,219.09,10.12,0
2026-07-19 14:51:23,MC_05,57.11,38.6,2.1,220.95,12.21,0
2026-07-19 14:56:23,MC_01,60.45,36.41,2.56,226.44,12.44,0
2026-07-19 14:56:23,MC_02,56.81,43.44,1.8,217.21,11.79,0
2026-07-19 14:56:23,MC_03,63.26,42.98,2.93,225.02,10.29,0
2026-07-19 14:56:23,MC_04,59.1,41.49,1.84,218.7,11.49,0
2026-07-19 14:56:23,MC_05,57.88,35.22,1.91,210.18,13.32,0
2026-07-19 15:01:23,MC_01,75.7,36.4,2.66,227.22,11.27,0
2026-07-19 15:01:23,MC_02,90.25,55.66,7.38,223.18,18.42,1
2026-07-19 15:01:23,MC_03,59.66,35.1,3.3,229.64,11.32,0
2026-07-19 15:01:23,MC_04,53.07,44.7,2.11,222.72,12.17,0
2026-07-19 15:01:23,MC_05,64.39,40.35,2.55,215.64,13.72,0
2026-07-19 15:06:23,MC_01,65.22,38.36,2.44,227.07,10.3,0
2026-07-19 15:06:23,MC_02,68.89,40.25,3.13,216.19,10.13,0
2026-07-19 15:06:23,MC_03,58.83,43.03,2.4,209.59,12.83,0
2026-07-19 15:06:23,MC_04,67.77,47.09,2.21,222.89,11.17,0
2026-07-19 15:06:23,MC_05,58.57,40.38,2.64,216.64,13.63,0
2026-07-19 15:11:23,MC_01,62.63,33.83,2.95,217.99,13.48,0
2026-07-19 15:11:23,MC_02,66.44,42.56,2.09,213.75,9.85,0
2026-07-19 15:11:23,MC_03,57.0,39.47,3.04,223.89,12.66,0
2026-07-19 15:11:23,MC_04,63.19,40.88,2.5,223.77,12.54,0
2026-07-19 15:11:23,MC_05,55.6,42.12,2.62,223.06,11.84,0
2026-07-19 15:16:23,MC_01,64.06,38.17,2.31,223.01,11.5,0
2026-07-19 15:16:23,MC_02,60.12,43.28,2.26,224.62,13.34,0
2026-07-19 15:16:23,MC_03,66.27,37.56,2.36,228.34,15.29,0
2026-07-19 15:16:23,MC_04,61.72,40.04,2.33,224.12,15.28,0
2026-07-19 15:16:23,MC_05,68.93,43.33,2.48,216.32,11.97,0
2026-07-19 15:21:23,MC_01,59.24,36.7,3.01,217.25,12.49,0
2026-07-19 15:21:23,MC_02,56.5,41.9,1.86,217.45,12.31,0
2026-07-19 15:21:23,MC_03,60.76,37.43,2.42,220.16,12.29,0
2026-07-19 15:21:23,MC_04,59.67,40.81,2.31,214.74,12.23,0
2026-07-19 15:21:23,MC_05,55.91,43.26,2.33,223.57,11.45,0
2026-07-19 15:26:23,MC_01,61.77,33.73,2.76,221.85,12.64,0
2026-07-19 15:26:23,MC_02,64.83,43.97,2.11,222.66,13.31,0
2026-07-19 15:26:23,MC_03,57.65,33.96,1.96,215.05,9.31,0
2026-07-19 15:26:23,MC_04,61.72,43.25,2.35,216.66,12.35,0
2026-07-19 15:26:23,MC_05,60.01,36.33,2.78,220.25,13.13,0
2026-07-19 15:31:23,MC_01,58.49,49.3,3.27,222.48,12.12,0
2026-07-19 15:31:23,MC_02,62.69,36.99,3.39,221.23,15.02,0
2026-07-19 15:31:23,MC_03,66.92,41.2,2.57,214.0,12.99,0
2026-07-19 15:31:23,MC_04,57.53,41.76,1.73,218.95,13.47,0
2026-07-19 15:31:23,MC_05,56.84,38.39,3.33,211.75,13.15,0
2026-07-19 15:36:23,MC_01,57.61,37.89,1.94,223.77,11.71,0
2026-07-19 15:36:23,MC_02,93.48,46.31,6.38,224.48,16.03,1
2026-07-19 15:36:23,MC_03,54.55,43.05,2.49,219.32,10.63,0
2026-07-19 15:36:23,MC_04,66.9,43.91,2.95,219.7,12.6,0
2026-07-19 15:36:23,MC_05,47.12,37.68,2.01,219.29,10.71,0
2026-07-19 15:41:23,MC_01,64.12,41.1,1.93,216.65,12.48,0
2026-07-19 15:41:23,MC_02,63.29,43.1,3.41,225.62,14.98,0
2026-07-19 15:41:23,MC_03,66.44,38.05,2.09,215.19,11.86,0
2026-07-19 15:41:23,MC_04,52.47,41.69,1.37,230.23,13.87,0
2026-07-19 15:41:23,MC_05,58.79,40.62,2.82,216.0,11.92,0
2026-07-19 15:46:23,MC_01,50.95,45.22,1.77,221.47,13.24,0
2026-07-19 15:46:23,MC_02,66.97,39.94,3.06,221.38,12.54,0
2026-07-19 15:46:23,MC_03,56.9,35.72,2.7,211.04,12.18,0
2026-07-19 15:46:23,MC_04,60.16,36.64,1.75,224.32,12.04,0
2026-07-19 15:46:23,MC_05,63.12,31.23,2.87,229.93,14.01,0
2026-07-19 15:51:23,MC_01,60.61,40.62,2.25,217.9,15.15,0
2026-07-19 15:51:23,MC_02,55.17,48.72,2.35,211.01,8.8,0
2026-07-19 15:51:23,MC_03,91.59,32.36,2.54,171.03,24.69,1
2026-07-19 15:51:23,MC_04,56.76,41.89,2.75,226.35,10.19,0
2026-07-19 15:51:23,MC_05,58.11,35.4,2.8,215.39,12.78,0
2026-07-19 15:56:23,MC_01,69.64,37.12,2.88,214.28,11.65,0
2026-07-19 15:56:23,MC_02,65.56,44.06,3.04,213.66,12.79,0
2026-07-19 15:56:23,MC_03,59.22,41.47,2.61,210.05,10.67,0
2026-07-19 15:56:23,MC_04,62.75,40.78,2.58,214.8,13.68,0
2026-07-19 15:56:23,MC_05,59.91,36.03,2.61,222.12,11.18,0
2026-07-19 16:01:23,MC_01,59.49,39.47,2.76,223.94,12.09,0
2026-07-19 16:01:23,MC_02,65.6,34.38,3.09,218.77,12.25,0
2026-07-19 16:01:23,MC_03,65.7,39.97,2.52,215.66,12.55,0
2026-07-19 16:01:23,MC_04,62.93,50.51,2.45,216.58,13.06,0
2026-07-19 16:01:23,MC_05,62.42,36.59,3.29,222.47,11.58,0
2026-07-19 16:06:23,MC_01,60.55,43.61,2.59,230.61,13.7,0
2026-07-19 16:06:23,MC_02,62.44,36.25,2.43,222.39,10.77,0
2026-07-19 16:06:23,MC_03,66.47,37.75,2.87,215.98,9.3,0
2026-07-19 16:06:23,MC_04,65.44,38.22,1.97,216.23,14.58,0
2026-07-19 16:06:23,MC_05,56.71,35.07,2.13,213.49,13.43,0
2026-07-19 16:11:23,MC_01,56.46,36.56,3.27,225.29,12.58,0
2026-07-19 16:11:23,MC_02,54.43,46.98,2.46,217.85,13.71,0
2026-07-19 16:11:23,MC_03,60.2,36.87,1.0,215.59,11.21,0
2026-07-19 16:11:23,MC_04,54.22,41.91,1.88,224.55,10.09,0
2026-07-19 16:11:23,MC_05,55.72,47.03,2.78,223.95,13.57,0
2026-07-19 16:16:23,MC_01,60.56,40.45,2.14,222.93,8.83,0
2026-07-19 16:16:23,MC_02,65.99,44.64,2.46,219.47,10.16,0
2026-07-19 16:16:23,MC_03,68.74,41.02,1.83,211.28,12.01,0
2026-07-19 16:16:23,MC_04,65.33,40.9,2.88,222.23,11.53,0
2026-07-19 16:16:23,MC_05,54.99,41.06,2.54,224.58,11.77,0
2026-07-19 16:21:23,MC_01,55.41,45.79,3.07,213.93,13.21,0
2026-07-19 16:21:23,MC_02,50.77,41.44,1.54,214.01,12.7,0
2026-07-19 16:21:23,MC_03,66.98,48.84,2.97,214.54,14.65,0
2026-07-19 16:21:23,MC_04,52.19,47.7,2.96,217.68,10.58,0
2026-07-19 16:21:23,MC_05,61.08,34.52,2.78,222.44,10.14,0
2026-07-19 16:26:23,MC_01,65.16,38.49,2.59,220.32,11.78,0
2026-07-19 16:26:23,MC_02,60.85,45.03,3.04,214.09,13.48,0
2026-07-19 16:26:23,MC_03,65.96,41.98,2.08,218.09,13.13,0
2026-07-19 16:26:23,MC_04,66.52,44.57,3.49,219.55,12.27,0
2026-07-19 16:26:23,MC_05,61.6,33.16,2.6,213.11,10.56,0
2026-07-19 16:31:23,MC_01,63.49,39.12,3.05,218.8,9.07,0
2026-07-19 16:31:23,MC_02,61.13,36.47,2.0,217.27,10.44,0
2026-07-19 16:31:23,MC_03,56.61,31.08,2.32,214.38,10.67,0
2026-07-19 16:31:23,MC_04,63.55,41.79,3.07,222.68,8.32,0
2026-07-19 16:31:23,MC_05,58.78,38.69,2.01,212.97,15.01,0
2026-07-19 16:36:23,MC_01,60.14,40.19,2.47,214.4,9.73,0
2026-07-19 16:36:23,MC_02,64.69,42.94,2.1,225.66,13.15,0
2026-07-19 16:36:23,MC_03,63.45,42.76,2.78,225.41,11.12,0
2026-07-19 16:36:23,MC_04,55.72,42.37,2.58,215.72,12.04,0
2026-07-19 16:36:23,MC_05,66.53,41.32,2.73,218.35,12.53,0
2026-07-19 16:41:23,MC_01,56.64,41.88,2.58,219.33,13.04,0
2026-07-19 16:41:23,MC_02,61.89,36.72,1.77,220.7,10.71,0
2026-07-19 16:41:23,MC_03,95.88,67.78,8.51,226.33,19.92,1
2026-07-19 16:41:23,MC_04,69.39,39.51,2.66,221.88,11.33,0
2026-07-19 16:41:23,MC_05,62.27,45.87,2.5,215.03,12.02,0
2026-07-19 16:46:23,MC_01,63.85,31.51,2.5,223.33,12.35,0
2026-07-19 16:46:23,MC_02,59.94,35.1,2.84,220.31,14.24,0
2026-07-19 16:46:23,MC_03,50.23,44.57,2.89,215.23,11.28,0
2026-07-19 16:46:23,MC_04,65.82,40.03,2.79,222.75,11.52,0
2026-07-19 16:46:23,MC_05,47.84,35.0,2.69,221.0,13.97,0
2026-07-19 16:51:23,MC_01,61.0,36.92,2.84,219.87,10.57,0
2026-07-19 16:51:23,MC_02,56.7,35.46,3.03,229.89,13.73,0
2026-07-19 16:51:23,MC_03,58.55,36.05,3.47,214.83,10.73,0
2026-07-19 16:51:23,MC_04,59.02,37.31,1.51,218.84,11.75,0
2026-07-19 16:51:23,MC_05,58.25,34.7,3.23,227.03,14.09,0
2026-07-19 16:56:23,MC_01,54.07,38.09,2.04,232.83,11.63,0
2026-07-19 16:56:23,MC_02,63.82,39.43,2.62,225.01,10.57,0
2026-07-19 16:56:23,MC_03,60.89,47.01,2.46,214.69,11.83,0
2026-07-19 16:56:23,MC_04,56.61,42.04,3.47,219.13,11.04,0
2026-07-19 16:56:23,MC_05,60.46,39.44,1.47,219.74,13.16,0
2026-07-19 17:01:23,MC_01,64.79,45.24,2.16,217.98,11.82,0
2026-07-19 17:01:23,MC_02,63.55,38.46,2.15,225.55,12.47,0
2026-07-19 17:01:23,MC_03,64.02,35.75,2.05,224.71,11.89,0
2026-07-19 17:01:23,MC_04,58.77,36.32,2.9,229.33,12.91,0
2026-07-19 17:01:23,MC_05,61.8,38.27,3.14,219.1,9.84,0
2026-07-19 17:06:23,MC_01,58.41,32.51,3.23,234.97,11.29,0
2026-07-19 17:06:23,MC_02,55.89,33.89,1.85,220.01,9.63,0
2026-07-19 17:06:23,MC_03,52.66,40.83,2.19,221.78,11.49,0
2026-07-19 17:06:23,MC_04,57.26,42.84,2.29,215.9,10.39,0
2026-07-19 17:06:23,MC_05,51.72,36.02,2.91,219.96,11.42,0
2026-07-19 17:11:23,MC_01,60.15,35.54,2.73,218.37,12.45,0
2026-07-19 17:11:23,MC_02,59.84,39.95,2.32,222.91,10.26,0
2026-07-19 17:11:23,MC_03,65.73,41.15,2.9,213.67,11.46,0
2026-07-19 17:11:23,MC_04,56.71,44.12,2.19,214.34,13.99,0
2026-07-19 17:11:23,MC_05,59.68,48.82,3.09,219.2,12.03,0
2026-07-19 17:16:23,MC_01,60.12,37.77,2.62,215.92,11.77,0
2026-07-19 17:16:23,MC_02,67.34,44.38,1.84,219.74,11.55,0
2026-07-19 17:16:23,MC_03,56.77,38.17,3.38,224.85,11.34,0
2026-07-19 17:16:23,MC_04,63.8,39.04,2.41,215.97,8.35,0
2026-07-19 17:16:23,MC_05,52.88,40.61,3.04,213.98,14.68,0
2026-07-19 17:21:23,MC_01,56.57,37.46,2.6,229.41,11.86,0
2026-07-19 17:21:23,MC_02,52.09,45.82,2.81,219.26,13.45,0
2026-07-19 17:21:23,MC_03,57.35,39.2,2.77,222.7,9.67,0
2026-07-19 17:21:23,MC_04,57.32,38.55,2.79,213.0,13.06,0
2026-07-19 17:21:23,MC_05,54.37,40.99,3.06,213.87,12.36,0
2026-07-19 17:26:23,MC_01,59.07,37.17,2.09,218.97,11.36,0
2026-07-19 17:26:23,MC_02,52.35,39.0,2.03,214.57,9.65,0
2026-07-19 17:26:23,MC_03,51.79,41.56,1.97,214.23,12.36,0
2026-07-19 17:26:23,MC_04,54.45,32.57,2.81,210.55,9.83,0
2026-07-19 17:26:23,MC_05,56.65,35.94,3.16,212.42,11.44,0
2026-07-19 17:31:23,MC_01,45.22,50.83,2.34,221.39,11.5,0
2026-07-19 17:31:23,MC_02,70.68,45.16,3.55,222.37,13.37,0
2026-07-19 17:31:23,MC_03,54.78,38.94,2.96,221.59,12.16,0
2026-07-19 17:31:23,MC_04,56.12,44.66,3.08,225.21,12.44,0
2026-07-19 17:31:23,MC_05,60.05,44.5,2.97,215.54,12.47,0
2026-07-19 17:36:23,MC_01,63.29,42.87,2.29,213.22,12.88,0
2026-07-19 17:36:23,MC_02,63.21,35.34,2.48,219.44,10.67,0
2026-07-19 17:36:23,MC_03,62.2,39.95,3.53,216.9,10.3,0
2026-07-19 17:36:23,MC_04,47.28,37.96,2.02,219.71,11.92,0
2026-07-19 17:36:23,MC_05,61.72,38.59,2.17,224.26,9.51,0
2026-07-19 17:41:23,MC_01,62.25,41.46,2.57,220.89,10.33,0
2026-07-19 17:41:23,MC_02,56.74,44.24,2.33,220.4,12.79,0
2026-07-19 17:41:23,MC_03,62.39,42.84,2.97,218.99,13.92,0
2026-07-19 17:41:23,MC_04,52.89,41.82,2.38,217.79,11.36,0
2026-07-19 17:41:23,MC_05,52.22,44.53,2.69,226.47,12.24,0
2026-07-19 17:46:23,MC_01,59.81,35.03,2.01,217.87,10.67,0
2026-07-19 17:46:23,MC_02,61.97,42.34,3.12,223.41,11.74,0
2026-07-19 17:46:23,MC_03,100.45,60.34,9.88,224.09,26.58,1
2026-07-19 17:46:23,MC_04,52.69,42.03,2.64,212.75,14.07,0
2026-07-19 17:46:23,MC_05,62.67,34.48,2.09,217.18,11.15,0
2026-07-19 17:51:23,MC_01,65.64,44.18,2.81,220.22,13.41,0
2026-07-19 17:51:23,MC_02,58.62,41.27,2.16,217.91,10.9,0
2026-07-19 17:51:23,MC_03,60.79,42.88,1.89,225.48,11.09,0
2026-07-19 17:51:23,MC_04,69.15,30.01,1.91,218.53,8.95,0
2026-07-19 17:51:23,MC_05,55.05,39.94,2.9,209.48,10.09,0
2026-07-19 17:56:23,MC_01,58.32,43.56,2.74,223.48,9.92,0
2026-07-19 17:56:23,MC_02,67.31,40.7,2.17,224.26,12.84,0
2026-07-19 17:56:23,MC_03,55.89,44.91,2.6,223.63,11.26,0
2026-07-19 17:56:23,MC_04,58.19,40.46,1.82,216.17,11.5,0
2026-07-19 17:56:23,MC_05,54.7,43.15,2.59,220.15,14.23,0
2026-07-19 18:01:23,MC_01,54.6,32.15,1.9,220.09,10.91,0
2026-07-19 18:01:23,MC_02,64.48,38.72,2.45,217.91,10.72,0
2026-07-19 18:01:23,MC_03,58.08,41.72,2.66,215.53,13.13,0
2026-07-19 18:01:23,MC_04,62.69,38.37,2.4,213.84,11.94,0
2026-07-19 18:01:23,MC_05,58.1,44.26,3.45,218.42,13.04,0
2026-07-19 18:06:23,MC_01,48.69,35.97,3.52,222.99,13.45,0
2026-07-19 18:06:23,MC_02,57.41,41.02,2.18,223.36,13.07,0
2026-07-19 18:06:23,MC_03,60.02,39.15,3.85,223.26,11.69,0
2026-07-19 18:06:23,MC_04,65.13,50.27,1.46,218.56,11.84,0
2026-07-19 18:06:23,MC_05,64.38,48.57,2.59,222.26,12.49,0
2026-07-19 18:11:23,MC_01,64.09,35.08,2.36,216.82,12.13,0
2026-07-19 18:11:23,MC_02,58.42,33.07,1.82,224.97,10.55,0
2026-07-19 18:11:23,MC_03,64.12,39.08,3.88,229.49,11.53,0
2026-07-19 18:11:23,MC_04,76.85,52.53,1.96,184.42,27.03,1
2026-07-19 18:11:23,MC_05,59.68,39.71,1.95,227.48,13.38,0
2026-07-19 18:16:23,MC_01,60.04,34.1,2.06,225.72,11.42,0
2026-07-19 18:16:23,MC_02,55.66,37.06,2.62,211.9,10.85,0
2026-07-19 18:16:23,MC_03,57.73,43.28,2.64,220.94,12.7,0
2026-07-19 18:16:23,MC_04,54.83,40.75,2.08,209.65,12.28,0
2026-07-19 18:16:23,MC_05,62.58,44.46,2.02,218.06,10.07,0
2026-07-19 18:21:23,MC_01,57.28,42.89,2.12,223.23,8.65,0
2026-07-19 18:21:23,MC_02,67.61,45.62,1.92,228.8,15.15,0
2026-07-19 18:21:23,MC_03,59.08,42.3,2.87,209.93,11.57,0
2026-07-19 18:21:23,MC_04,57.08,34.82,3.27,217.06,11.78,0
2026-07-19 18:21:23,MC_05,62.08,38.75,2.8,227.85,10.35,0
2026-07-19 18:26:23,MC_01,89.1,63.17,7.81,227.9,22.32,1
2026-07-19 18:26:23,MC_02,63.07,40.94,2.28,221.99,10.61,0
2026-07-19 18:26:23,MC_03,59.5,45.88,3.03,212.55,13.3,0
2026-07-19 18:26:23,MC_04,61.61,39.97,2.62,210.97,10.85,0
2026-07-19 18:26:23,MC_05,61.87,39.84,1.7,227.3,13.67,0
2026-07-19 18:31:23,MC_01,67.76,36.78,2.04,225.31,13.49,0
2026-07-19 18:31:23,MC_02,54.03,41.65,2.89,214.2,12.98,0
2026-07-19 18:31:23,MC_03,63.63,45.74,2.37,217.27,14.57,0
2026-07-19 18:31:23,MC_04,59.03,38.59,2.17,224.08,10.93,0
2026-07-19 18:31:23,MC_05,60.93,40.27,2.98,224.29,12.83,0
2026-07-19 18:36:23,MC_01,61.97,35.55,1.33,225.81,13.01,0
2026-07-19 18:36:23,MC_02,56.34,37.18,2.08,222.84,9.63,0
2026-07-19 18:36:23,MC_03,56.17,37.36,1.39,223.03,10.97,0
2026-07-19 18:36:23,MC_04,57.91,33.68,3.47,208.08,11.32,0
2026-07-19 18:36:23,MC_05,60.53,36.8,3.27,214.41,8.47,0
2026-07-19 18:41:23,MC_01,59.41,43.01,2.75,216.82,11.27,0
2026-07-19 18:41:23,MC_02,58.07,47.57,2.92,219.68,10.47,0
2026-07-19 18:41:23,MC_03,59.53,39.16,1.47,226.3,11.92,0
2026-07-19 18:41:23,MC_04,52.93,42.25,2.94,225.1,11.76,0
2026-07-19 18:41:23,MC_05,56.39,39.93,2.4,215.87,10.28,0
2026-07-19 18:46:23,MC_01,59.46,43.32,3.39,224.81,10.92,0
2026-07-19 18:46:23,MC_02,54.13,43.13,1.78,228.42,11.35,0
2026-07-19 18:46:23,MC_03,71.15,37.12,2.6,219.1,11.4,0
2026-07-19 18:46:23,MC_04,54.45,42.21,3.0,223.7,12.51,0
2026-07-19 18:46:23,MC_05,55.74,40.82,2.9,217.07,12.18,0
2026-07-19 18:51:23,MC_01,64.26,42.44,1.64,220.86,11.77,0
2026-07-19 18:51:23,MC_02,59.18,33.75,1.96,219.66,13.67,0
2026-07-19 18:51:23,MC_03,57.05,38.4,3.39,218.52,11.81,0
2026-07-19 18:51:23,MC_04,59.42,37.39,2.48,222.22,14.91,0
2026-07-19 18:51:23,MC_05,64.34,37.45,2.8,228.22,10.85,0
2026-07-19 18:56:23,MC_01,61.21,43.08,2.58,222.57,10.63,0
2026-07-19 18:56:23,MC_02,60.82,38.09,1.89,217.45,12.4,0
2026-07-19 18:56:23,MC_03,62.18,42.9,2.75,224.44,14.05,0
2026-07-19 18:56:23,MC_04,60.57,46.64,3.88,222.32,12.8,0
2026-07-19 18:56:23,MC_05,63.63,44.03,2.68,218.41,9.72,0
2026-07-19 19:01:23,MC_01,56.31,35.48,2.83,211.99,12.45,0
2026-07-19 19:01:23,MC_02,64.22,35.0,2.79,226.0,11.14,0
2026-07-19 19:01:23,MC_03,61.69,38.41,3.02,216.31,10.05,0
2026-07-19 19:01:23,MC_04,64.06,37.49,2.26,227.02,14.49,0
2026-07-19 19:01:23,MC_05,62.33,34.27,2.41,230.78,11.35,0
2026-07-19 19:06:23,MC_01,67.57,40.22,1.16,223.2,13.9,0
2026-07-19 19:06:23,MC_02,51.66,34.46,2.6,222.39,14.03,0
2026-07-19 19:06:23,MC_03,63.19,42.4,1.56,219.78,11.5,0
2026-07-19 19:06:23,MC_04,54.25,41.67,2.78,225.42,10.31,0
2026-07-19 19:06:23,MC_05,52.47,51.61,2.73,220.29,11.74,0
2026-07-19 19:11:23,MC_01,59.6,39.69,2.55,221.11,9.39,0
2026-07-19 19:11:23,MC_02,64.19,45.14,3.39,211.5,12.05,0
2026-07-19 19:11:23,MC_03,64.01,40.47,2.6,215.41,12.62,0
2026-07-19 19:11:23,MC_04,64.19,40.51,2.24,217.82,12.33,0
2026-07-19 19:11:23,MC_05,57.6,35.13,2.68,217.61,13.18,0
2026-07-19 19:16:23,MC_01,60.04,40.57,2.15,213.9,10.71,0
2026-07-19 19:16:23,MC_02,57.15,34.91,2.57,220.15,11.26,0
2026-07-19 19:16:23,MC_03,59.19,43.9,2.84,222.92,10.22,0
2026-07-19 19:16:23,MC_04,83.77,48.26,9.21,217.49,23.65,1
2026-07-19 19:16:23,MC_05,51.6,41.97,2.7,219.33,10.36,0
2026-07-19 19:21:23,MC_01,60.03,35.87,2.44,223.94,11.98,0
2026-07-19 19:21:23,MC_02,66.27,41.18,2.89,223.58,14.11,0
2026-07-19 19:21:23,MC_03,60.14,43.2,2.58,219.97,13.55,0
2026-07-19 19:21:23,MC_04,58.31,49.58,2.49,216.77,11.15,0
2026-07-19 19:21:23,MC_05,58.17,41.22,2.45,213.43,11.51,0
2026-07-19 19:26:23,MC_01,47.63,36.62,2.23,213.3,8.68,0
2026-07-19 19:26:23,MC_02,58.43,40.84,3.52,224.99,12.81,0
2026-07-19 19:26:23,MC_03,57.58,43.57,2.5,215.38,14.28,0
2026-07-19 19:26:23,MC_04,64.35,39.19,2.36,213.89,13.14,0
2026-07-19 19:26:23,MC_05,60.85,41.59,2.97,223.61,10.69,0
2026-07-19 19:31:23,MC_01,62.44,33.64,2.0,223.29,12.96,0
2026-07-19 19:31:23,MC_02,68.05,41.51,1.97,211.16,13.41,0
2026-07-19 19:31:23,MC_03,62.27,39.96,2.79,222.15,17.02,0
2026-07-19 19:31:23,MC_04,63.62,46.25,2.25,215.45,11.68,0
2026-07-19 19:31:23,MC_05,55.62,36.41,2.6,222.8,12.96,0
2026-07-19 19:36:23,MC_01,52.22,38.3,2.6,233.13,8.62,0
2026-07-19 19:36:23,MC_02,55.09,39.46,1.9,222.89,10.99,0
2026-07-19 19:36:23,MC_03,57.85,43.89,3.38,220.37,15.18,0
2026-07-19 19:36:23,MC_04,59.86,43.36,2.29,226.7,13.73,0
2026-07-19 19:36:23,MC_05,58.93,43.72,2.92,213.84,15.26,0
2026-07-19 19:41:23,MC_01,65.99,37.91,3.15,214.12,11.67,0
2026-07-19 19:41:23,MC_02,59.56,38.05,2.23,217.65,14.15,0
2026-07-19 19:41:23,MC_03,63.82,39.62,2.1,211.97,13.48,0
2026-07-19 19:41:23,MC_04,48.87,39.93,3.23,216.78,13.15,0
2026-07-19 19:41:23,MC_05,59.12,42.2,2.58,222.52,12.32,0
2026-07-19 19:46:23,MC_01,61.47,35.65,2.54,223.01,11.92,0
2026-07-19 19:46:23,MC_02,67.67,34.53,2.19,216.06,12.45,0
2026-07-19 19:46:23,MC_03,61.71,46.89,2.35,215.84,11.65,0
2026-07-19 19:46:23,MC_04,52.24,36.66,1.66,226.04,12.17,0
2026-07-19 19:46:23,MC_05,69.4,44.44,3.1,219.3,12.74,0
2026-07-19 19:51:23,MC_01,60.07,33.04,2.25,223.96,11.26,0
2026-07-19 19:51:23,MC_02,85.33,56.09,10.5,221.8,16.69,1
2026-07-19 19:51:23,MC_03,59.77,39.16,2.76,222.22,9.64,0
2026-07-19 19:51:23,MC_04,59.34,43.07,2.19,219.42,8.83,0
2026-07-19 19:51:23,MC_05,65.75,45.95,1.89,224.44,14.22,0
2026-07-19 19:56:23,MC_01,52.53,43.42,1.3,229.08,11.83,0
2026-07-19 19:56:23,MC_02,62.46,30.71,2.31,224.24,12.43,0
2026-07-19 19:56:23,MC_03,51.82,36.38,1.74,223.09,13.67,0
2026-07-19 19:56:23,MC_04,86.45,61.52,9.35,215.41,18.79,1
2026-07-19 19:56:23,MC_05,57.36,45.84,2.83,217.51,8.79,0
2026-07-19 20:01:23,MC_01,84.81,53.76,10.9,214.51,24.08,1
2026-07-19 20:01:23,MC_02,68.47,38.51,2.26,212.17,12.35,0
2026-07-19 20:01:23,MC_03,54.99,36.4,2.81,224.41,11.51,0
2026-07-19 20:01:23,MC_04,57.84,40.12,2.68,221.79,11.54,0
2026-07-19 20:01:23,MC_05,65.64,37.1,2.29,214.33,10.18,0
2026-07-19 20:06:23,MC_01,56.15,37.89,3.04,219.24,14.03,0
2026-07-19 20:06:23,MC_02,71.06,44.11,2.55,223.5,12.02,0
2026-07-19 20:06:23,MC_03,50.82,37.29,3.4,225.61,12.66,0
2026-07-19 20:06:23,MC_04,63.64,43.76,1.38,223.83,9.86,0
2026-07-19 20:06:23,MC_05,50.15,37.14,2.99,218.47,11.73,0
2026-07-19 20:11:23,MC_01,58.87,40.46,2.25,221.76,12.47,0
2026-07-19 20:11:23,MC_02,69.49,38.47,2.41,221.19,13.45,0
2026-07-19 20:11:23,MC_03,47.46,38.91,3.04,216.37,12.27,0
2026-07-19 20:11:23,MC_04,57.36,36.56,2.99,214.77,12.44,0
2026-07-19 20:11:23,MC_05,60.78,36.26,2.76,213.43,11.49,0
2026-07-19 20:16:23,MC_01,58.74,43.82,2.78,222.74,11.5,0
2026-07-19 20:16:23,MC_02,69.45,39.14,2.73,168.12,26.58,1
2026-07-19 20:16:23,MC_03,53.85,42.49,2.37,221.47,11.29,0
2026-07-19 20:16:23,MC_04,60.91,37.07,2.5,217.67,14.25,0
2026-07-19 20:16:23,MC_05,63.36,35.41,1.86,221.25,12.2,0
2026-07-19 20:21:23,MC_01,62.59,39.43,2.18,222.55,12.89,0
2026-07-19 20:21:23,MC_02,66.29,41.03,2.36,215.27,9.32,0
2026-07-19 20:21:23,MC_03,59.37,40.88,2.56,207.39,11.75,0
2026-07-19 20:21:23,MC_04,68.86,40.13,2.32,220.72,12.06,0
2026-07-19 20:21:23,MC_05,86.12,52.35,6.1,228.32,23.07,1
2026-07-19 20:26:23,MC_01,52.43,36.94,2.19,225.64,12.66,0
2026-07-19 20:26:23,MC_02,55.43,40.63,2.18,216.45,11.12,0
2026-07-19 20:26:23,MC_03,59.64,40.25,2.39,217.5,13.34,0
2026-07-19 20:26:23,MC_04,63.71,48.18,2.81,217.51,10.64,0
2026-07-19 20:26:23,MC_05,64.76,36.96,2.67,214.7,13.17,0
2026-07-19 20:31:23,MC_01,59.01,40.41,2.3,217.9,12.23,0
2026-07-19 20:31:23,MC_02,54.99,35.97,2.32,218.01,10.49,0
2026-07-19 20:31:23,MC_03,64.62,38.66,2.39,213.36,15.11,0
2026-07-19 20:31:23,MC_04,72.14,39.63,3.3,221.68,12.15,0
2026-07-19 20:31:23,MC_05,60.1,40.79,1.89,216.36,12.83,0
2026-07-19 20:36:23,MC_01,53.08,40.53,3.12,221.93,12.5,0
2026-07-19 20:36:23,MC_02,70.27,37.6,3.13,216.95,11.58,0
2026-07-19 20:36:23,MC_03,62.58,36.73,1.93,215.57,11.2,0
2026-07-19 20:36:23,MC_04,94.43,62.27,7.13,214.42,22.18,1
2026-07-19 20:36:23,MC_05,60.65,35.23,2.02,211.49,12.14,0
2026-07-19 20:41:23,MC_01,50.32,40.9,2.47,217.13,12.71,0
2026-07-19 20:41:23,MC_02,61.48,39.75,1.36,224.65,13.41,0
2026-07-19 20:41:23,MC_03,61.03,42.63,3.1,223.01,12.09,0
2026-07-19 20:41:23,MC_04,54.91,43.13,1.71,221.48,9.79,0
2026-07-19 20:41:23,MC_05,52.78,47.24,1.81,216.82,11.97,0
2026-07-19 20:46:23,MC_01,74.97,56.27,10.79,213.32,26.25,1
2026-07-19 20:46:23,MC_02,58.12,32.57,3.25,216.57,12.54,0
2026-07-19 20:46:23,MC_03,50.42,40.59,4.01,216.84,13.23,0
2026-07-19 20:46:23,MC_04,64.03,39.34,2.94,229.8,12.23,0
2026-07-19 20:46:23,MC_05,58.59,36.47,2.27,223.38,11.8,0
2026-07-19 20:51:23,MC_01,55.23,42.16,2.84,218.33,12.09,0
2026-07-19 20:51:23,MC_02,57.12,35.62,2.25,220.37,9.79,0
2026-07-19 20:51:23,MC_03,65.97,38.75,1.88,218.95,11.15,0
2026-07-19 20:51:23,MC_04,62.76,54.77,2.57,220.45,9.69,0
2026-07-19 20:51:23,MC_05,61.68,42.81,2.62,214.07,8.24,0
2026-07-19 20:56:23,MC_01,59.5,43.31,1.71,223.08,9.88,0
2026-07-19 20:56:23,MC_02,58.31,46.76,3.46,221.19,12.81,0
2026-07-19 20:56:23,MC_03,65.3,42.18,2.72,217.38,9.47,0
2026-07-19 20:56:23,MC_04,61.61,39.02,3.13,216.25,12.87,0
2026-07-19 20:56:23,MC_05,60.39,36.14,2.09,216.08,12.0,0
2026-07-19 21:01:23,MC_01,60.68,39.49,2.6,219.77,15.78,0
2026-07-19 21:01:23,MC_02,60.63,38.48,2.55,225.1,11.93,0
2026-07-19 21:01:23,MC_03,58.55,40.44,3.3,221.22,10.52,0
2026-07-19 21:01:23,MC_04,58.4,45.25,1.83,220.75,13.48,0
2026-07-19 21:01:23,MC_05,50.66,42.02,1.75,215.01,13.23,0
2026-07-19 21:06:23,MC_01,60.79,42.91,2.04,227.37,13.03,0
2026-07-19 21:06:23,MC_02,65.86,38.74,2.19,223.13,12.87,0
2026-07-19 21:06:23,MC_03,55.77,42.42,2.72,221.65,9.68,0
2026-07-19 21:06:23,MC_04,57.12,38.76,1.31,214.51,13.38,0
2026-07-19 21:06:23,MC_05,68.66,44.39,2.24,223.38,11.95,0
2026-07-19 21:11:23,MC_01,54.48,41.12,2.55,219.72,12.86,0
2026-07-19 21:11:23,MC_02,55.35,34.52,2.25,218.06,11.57,0
2026-07-19 21:11:23,MC_03,62.67,40.89,2.28,215.73,10.2,0
2026-07-19 21:11:23,MC_04,56.53,40.68,2.4,218.01,13.74,0
2026-07-19 21:11:23,MC_05,47.7,38.47,1.32,221.19,13.14,0
2026-07-19 21:16:23,MC_01,53.24,40.25,2.33,218.61,11.45,0
2026-07-19 21:16:23,MC_02,61.36,35.26,2.15,215.64,14.11,0
2026-07-19 21:16:23,MC_03,63.56,45.81,2.38,217.95,11.46,0
2026-07-19 21:16:23,MC_04,54.97,43.47,2.85,218.48,14.72,0
2026-07-19 21:16:23,MC_05,52.2,39.68,2.26,224.8,12.53,0
2026-07-19 21:21:23,MC_01,62.43,35.86,2.33,213.5,11.74,0
2026-07-19 21:21:23,MC_02,60.75,33.55,2.67,210.38,12.05,0
2026-07-19 21:21:23,MC_03,59.97,41.61,2.93,225.24,9.58,0
2026-07-19 21:21:23,MC_04,59.71,36.67,2.46,218.08,10.24,0
2026-07-19 21:21:23,MC_05,53.33,39.63,2.22,211.99,9.88,0
2026-07-19 21:26:23,MC_01,53.67,39.77,2.27,215.2,11.41,0
2026-07-19 21:26:23,MC_02,63.74,41.43,3.0,218.86,14.4,0
2026-07-19 21:26:23,MC_03,61.74,35.01,2.35,222.15,12.92,0
2026-07-19 21:26:23,MC_04,59.14,33.29,3.11,223.04,12.35,0
2026-07-19 21:26:23,MC_05,57.68,40.81,1.76,202.73,12.58,0
2026-07-19 21:31:23,MC_01,55.95,36.48,2.12,216.63,13.16,0
2026-07-19 21:31:23,MC_02,62.87,41.52,3.03,225.19,10.5,0
2026-07-19 21:31:23,MC_03,58.99,41.95,1.46,230.46,13.99,0
2026-07-19 21:31:23,MC_04,63.24,43.16,1.94,219.1,13.37,0
2026-07-19 21:31:23,MC_05,51.23,36.22,2.25,222.57,10.95,0
2026-07-19 21:36:23,MC_01,60.63,45.0,1.92,223.8,12.0,0
2026-07-19 21:36:23,MC_02,54.27,37.05,2.42,223.02,11.55,0
2026-07-19 21:36:23,MC_03,58.83,39.66,2.74,223.22,9.92,0
2026-07-19 21:36:23,MC_04,58.59,44.91,1.84,220.37,11.74,0
2026-07-19 21:36:23,MC_05,57.17,46.04,2.5,222.3,11.13,0
2026-07-19 21:41:23,MC_01,62.14,42.39,2.69,213.32,10.79,0
2026-07-19 21:41:23,MC_02,64.25,39.55,2.92,222.08,11.0,0
2026-07-19 21:41:23,MC_03,62.9,30.79,2.58,215.58,12.29,0
2026-07-19 21:41:23,MC_04,61.72,40.62,2.54,219.39,10.17,0
2026-07-19 21:41:23,MC_05,62.77,39.54,2.47,211.47,11.95,0
2026-07-19 21:46:23,MC_01,63.17,32.63,2.23,212.15,11.37,0
2026-07-19 21:46:23,MC_02,55.5,41.52,2.58,226.46,11.92,0
2026-07-19 21:46:23,MC_03,61.69,43.34,3.12,223.53,12.2,0
2026-07-19 21:46:23,MC_04,55.13,44.57,2.79,230.12,10.27,0
2026-07-19 21:46:23,MC_05,64.31,45.46,2.7,215.32,11.82,0
2026-07-19 21:51:23,MC_01,63.52,43.96,2.61,216.25,12.57,0
2026-07-19 21:51:23,MC_02,63.62,39.24,2.98,221.93,12.73,0
2026-07-19 21:51:23,MC_03,57.59,40.01,2.97,219.68,12.26,0
2026-07-19 21:51:23,MC_04,52.32,37.94,2.53,223.84,10.5,0
2026-07-19 21:51:23,MC_05,88.79,53.45,8.05,214.04,18.64,1
2026-07-19 21:56:23,MC_01,64.62,41.69,2.07,212.27,11.57,0
2026-07-19 21:56:23,MC_02,55.25,43.96,2.11,222.9,13.83,0
2026-07-19 21:56:23,MC_03,55.98,38.8,2.28,227.14,11.6,0
2026-07-19 21:56:23,MC_04,59.62,36.47,2.25,217.17,13.95,0
2026-07-19 21:56:23,MC_05,56.68,38.57,2.19,225.5,12.02,0
2026-07-19 22:01:23,MC_01,66.7,35.86,3.07,212.53,10.78,0
2026-07-19 22:01:23,MC_02,55.52,45.08,2.76,219.93,10.68,0
2026-07-19 22:01:23,MC_03,58.75,39.46,2.39,224.23,13.7,0
2026-07-19 22:01:23,MC_04,55.37,41.28,3.0,213.13,10.43,0
2026-07-19 22:01:23,MC_05,55.3,38.46,2.14,223.79,11.84,0
2026-07-19 22:06:23,MC_01,56.36,38.94,2.92,225.09,10.23,0
2026-07-19 22:06:23,MC_02,57.34,43.03,2.1,222.03,15.64,0
2026-07-19 22:06:23,MC_03,61.15,38.63,1.84,220.41,13.5,0
2026-07-19 22:06:23,MC_04,75.67,38.41,2.74,179.87,22.55,1
2026-07-19 22:06:23,MC_05,64.94,34.42,2.47,225.46,15.4,0
2026-07-19 22:11:23,MC_01,56.15,43.85,2.0,223.11,12.44,0
2026-07-19 22:11:23,MC_02,60.92,34.17,2.21,224.59,13.85,0
2026-07-19 22:11:23,MC_03,67.94,37.67,1.93,223.48,12.69,0
2026-07-19 22:11:23,MC_04,57.29,40.4,2.72,221.02,12.69,0
2026-07-19 22:11:23,MC_05,57.47,42.1,2.51,217.64,11.63,0
2026-07-19 22:16:23,MC_01,59.51,34.22,2.18,220.32,9.97,0
2026-07-19 22:16:23,MC_02,54.35,38.46,2.08,219.42,10.78,0
2026-07-19 22:16:23,MC_03,58.78,40.33,2.0,224.2,10.56,0
2026-07-19 22:16:23,MC_04,52.18,39.99,3.45,210.86,10.0,0
2026-07-19 22:16:23,MC_05,63.76,36.65,2.57,228.72,10.21,0
2026-07-19 22:21:23,MC_01,52.55,42.24,2.54,220.46,12.5,0
2026-07-19 22:21:23,MC_02,58.25,42.98,1.74,226.45,10.27,0
2026-07-19 22:21:23,MC_03,88.13,63.71,7.92,225.34,18.51,1
2026-07-19 22:21:23,MC_04,52.53,41.72,3.29,222.15,11.9,0
2026-07-19 22:21:23,MC_05,61.45,41.74,2.97,220.43,16.15,0
2026-07-19 22:26:23,MC_01,57.13,36.06,1.72,215.37,9.55,0
2026-07-19 22:26:23,MC_02,67.57,42.01,2.53,221.33,12.97,0
2026-07-19 22:26:23,MC_03,65.96,41.66,3.28,213.19,12.6,0
2026-07-19 22:26:23,MC_04,61.66,42.16,3.4,223.97,9.67,0
2026-07-19 22:26:23,MC_05,59.58,40.33,2.51,220.21,12.36,0
2026-07-19 22:31:23,MC_01,59.26,41.22,2.81,233.68,10.01,0
2026-07-19 22:31:23,MC_02,62.94,42.74,2.32,217.42,10.9,0
2026-07-19 22:31:23,MC_03,89.32,57.25,9.21,212.78,22.07,1
2026-07-19 22:31:23,MC_04,64.14,37.66,3.06,216.29,10.42,0
2026-07-19 22:31:23,MC_05,64.57,41.02,1.9,230.76,12.97,0
2026-07-19 22:36:23,MC_01,63.89,36.35,2.91,215.95,11.59,0
2026-07-19 22:36:23,MC_02,59.61,34.89,2.32,224.57,13.09,0
2026-07-19 22:36:23,MC_03,65.57,41.31,2.63,216.86,10.46,0
2026-07-19 22:36:23,MC_04,56.72,41.66,2.6,221.55,12.53,0
2026-07-19 22:36:23,MC_05,65.98,42.07,3.06,228.07,12.86,0
2026-07-19 22:41:23,MC_01,57.65,37.98,2.95,215.18,14.42,0
2026-07-19 22:41:23,MC_02,59.24,41.0,2.32,216.03,13.6,0
2026-07-19 22:41:23,MC_03,62.93,42.98,1.8,222.91,12.19,0
2026-07-19 22:41:23,MC_04,55.41,46.87,3.01,213.55,13.2,0
2026-07-19 22:41:23,MC_05,57.13,43.66,2.25,218.18,11.57,0
2026-07-19 22:46:23,MC_01,56.71,40.44,3.01,211.86,10.16,0
2026-07-19 22:46:23,MC_02,61.4,32.47,1.97,222.08,15.64,0
2026-07-19 22:46:23,MC_03,66.09,41.33,1.98,224.76,11.89,0
2026-07-19 22:46:23,MC_04,61.4,39.65,2.61,225.0,10.1,0
2026-07-19 22:46:23,MC_05,52.54,46.77,1.89,217.99,9.78,0
2026-07-19 22:51:23,MC_01,59.94,38.5,2.77,216.02,14.39,0
2026-07-19 22:51:23,MC_02,60.04,43.76,3.3,218.95,13.63,0
2026-07-19 22:51:23,MC_03,56.12,35.61,2.13,225.58,13.06,0
2026-07-19 22:51:23,MC_04,53.79,33.01,1.94,216.12,11.55,0
2026-07-19 22:51:23,MC_05,68.4,33.28,2.33,223.93,13.27,0
2026-07-19 22:56:23,MC_01,58.32,37.27,2.66,223.52,11.08,0
2026-07-19 22:56:23,MC_02,60.72,35.0,2.55,214.66,11.56,0
2026-07-19 22:56:23,MC_03,52.07,44.35,2.33,225.67,12.06,0
2026-07-19 22:56:23,MC_04,57.58,44.91,2.74,217.14,10.03,0
2026-07-19 22:56:23,MC_05,54.83,40.37,2.57,223.88,12.11,0
2026-07-19 23:01:23,MC_01,60.68,37.2,2.03,204.2,13.85,0
2026-07-19 23:01:23,MC_02,59.27,37.44,2.11,216.03,12.5,0
2026-07-19 23:01:23,MC_03,53.51,34.8,3.41,227.46,10.72,0
2026-07-19 23:01:23,MC_04,50.12,41.27,2.87,222.26,10.33,0
2026-07-19 23:01:23,MC_05,56.38,41.2,2.22,229.98,10.01,0
2026-07-19 23:06:23,MC_01,65.78,35.43,2.59,211.85,9.98,0
2026-07-19 23:06:23,MC_02,61.2,42.96,3.02,216.58,9.9,0
2026-07-19 23:06:23,MC_03,59.93,42.19,2.16,223.52,12.98,0
2026-07-19 23:06:23,MC_04,63.9,42.08,2.82,228.39,12.49,0
2026-07-19 23:06:23,MC_05,56.97,41.43,3.34,209.85,13.37,0
2026-07-19 23:11:23,MC_01,56.18,43.6,2.81,214.29,12.25,0
2026-07-19 23:11:23,MC_02,63.53,40.71,3.05,218.55,8.62,0
2026-07-19 23:11:23,MC_03,61.56,44.43,1.52,218.81,10.62,0
2026-07-19 23:11:23,MC_04,53.96,39.71,2.85,221.5,10.97,0
2026-07-19 23:11:23,MC_05,87.97,57.27,7.7,211.42,22.73,1
2026-07-19 23:16:23,MC_01,51.32,33.34,2.84,219.32,12.84,0
2026-07-19 23:16:23,MC_02,64.01,37.79,1.2,221.0,9.66,0
2026-07-19 23:16:23,MC_03,65.72,38.84,2.54,222.6,12.16,0
2026-07-19 23:16:23,MC_04,59.46,35.5,2.68,219.6,11.97,0
2026-07-19 23:16:23,MC_05,60.63,40.22,3.23,215.99,8.88,0
2026-07-19 23:21:23,MC_01,60.0,43.33,1.72,221.82,9.89,0
2026-07-19 23:21:23,MC_02,64.22,33.59,3.59,231.53,10.38,0
2026-07-19 23:21:23,MC_03,58.07,38.7,2.64,229.59,14.04,0
2026-07-19 23:21:23,MC_04,58.4,40.54,2.38,224.82,12.93,0
2026-07-19 23:21:23,MC_05,57.83,43.87,2.73,219.19,12.15,0
2026-07-19 23:26:23,MC_01,64.22,36.43,2.27,217.98,12.18,0
2026-07-19 23:26:23,MC_02,61.94,39.26,2.51,221.51,13.8,0
2026-07-19 23:26:23,MC_03,61.24,46.28,3.07,223.95,13.77,0
2026-07-19 23:26:23,MC_04,54.41,39.76,2.57,220.27,11.13,0
2026-07-19 23:26:23,MC_05,60.73,37.3,1.41,220.08,14.32,0
2026-07-19 23:31:23,MC_01,51.89,41.03,2.94,215.95,11.36,0
2026-07-19 23:31:23,MC_02,59.26,38.18,3.29,216.36,11.41,0
2026-07-19 23:31:23,MC_03,54.41,43.02,1.91,214.96,11.23,0
2026-07-19 23:31:23,MC_04,62.32,37.13,2.54,213.51,10.09,0
2026-07-19 23:31:23,MC_05,60.97,36.9,1.93,225.17,14.04,0
2026-07-19 23:36:23,MC_01,62.54,42.37,3.29,225.36,13.53,0
2026-07-19 23:36:23,MC_02,51.72,37.18,2.43,216.44,10.26,0
2026-07-19 23:36:23,MC_03,62.1,44.15,2.61,228.12,13.19,0
2026-07-19 23:36:23,MC_04,60.01,47.27,2.81,218.16,12.85,0
2026-07-19 23:36:23,MC_05,62.33,44.73,2.37,218.41,12.87,0
2026-07-19 23:41:23,MC_01,58.1,29.68,2.69,221.31,12.53,0
2026-07-19 23:41:23,MC_02,49.62,40.3,1.55,220.42,9.65,0
2026-07-19 23:41:23,MC_03,61.28,44.03,2.73,222.64,11.43,0
2026-07-19 23:41:23,MC_04,55.75,43.3,2.4,219.7,10.65,0
2026-07-19 23:41:23,MC_05,62.2,33.46,2.84,228.27,10.32,0
2026-07-19 23:46:23,MC_01,64.23,35.37,2.28,212.16,12.51,0
2026-07-19 23:46:23,MC_02,57.42,38.24,2.34,224.43,9.82,0
2026-07-19 23:46:23,MC_03,58.3,39.94,3.55,216.66,13.54,0
2026-07-19 23:46:23,MC_04,60.19,42.98,2.23,216.08,8.88,0
2026-07-19 23:46:23,MC_05,61.66,37.43,3.01,222.56,13.78,0
2026-07-19 23:51:23,MC_01,55.63,40.82,2.59,217.52,13.85,0
2026-07-19 23:51:23,MC_02,63.91,48.12,2.85,229.34,14.77,0
2026-07-19 23:51:23,MC_03,57.54,34.12,3.34,223.47,12.78,0
2026-07-19 23:51:23,MC_04,57.76,42.63,2.19,227.71,12.19,0
2026-07-19 23:51:23,MC_05,70.66,41.66,2.47,229.57,13.66,0
2026-07-19 23:56:23,MC_01,61.53,39.65,1.8,206.65,11.11,0
2026-07-19 23:56:23,MC_02,61.54,42.04,2.45,213.56,11.82,0
2026-07-19 23:56:23,MC_03,54.67,35.44,1.97,220.03,12.09,0
2026-07-19 23:56:23,MC_04,55.19,44.01,2.45,224.31,11.06,0
2026-07-19 23:56:23,MC_05,63.89,39.68,2.28,214.13,12.25,0
2026-07-20 00:01:23,MC_01,56.32,32.18,1.94,219.39,12.53,0
2026-07-20 00:01:23,MC_02,58.38,41.78,2.46,218.97,11.99,0
2026-07-20 00:01:23,MC_03,54.77,34.35,2.39,223.41,14.23,0
2026-07-20 00:01:23,MC_04,57.69,39.36,3.44,217.99,11.06,0
2026-07-20 00:01:23,MC_05,56.61,34.37,3.3,222.75,14.42,0
2026-07-20 00:06:23,MC_01,64.77,40.06,1.66,215.45,11.48,0
2026-07-20 00:06:23,MC_02,55.18,32.72,2.05,219.03,14.38,0
2026-07-20 00:06:23,MC_03,56.63,39.1,2.48,228.0,7.99,0
2026-07-20 00:06:23,MC_04,62.09,35.29,2.48,220.06,14.21,0
2026-07-20 00:06:23,MC_05,61.04,42.43,2.37,217.17,10.53,0
2026-07-20 00:11:23,MC_01,57.43,40.14,2.22,220.85,12.12,0
2026-07-20 00:11:23,MC_02,56.06,44.54,2.66,222.94,9.52,0
2026-07-20 00:11:23,MC_03,59.27,40.52,1.93,212.8,12.35,0
2026-07-20 00:11:23,MC_04,56.61,42.75,2.76,220.5,13.33,0
2026-07-20 00:11:23,MC_05,68.34,35.65,1.73,226.92,10.95,0
2026-07-20 00:16:23,MC_01,46.64,38.77,1.61,218.55,11.72,0
2026-07-20 00:16:23,MC_02,56.64,42.91,2.21,220.81,12.24,0
2026-07-20 00:16:23,MC_03,56.92,33.39,3.5,217.14,11.41,0
2026-07-20 00:16:23,MC_04,57.91,34.65,2.55,217.27,15.12,0
2026-07-20 00:16:23,MC_05,58.97,36.0,2.55,227.02,11.54,0
2026-07-20 00:21:23,MC_01,58.98,43.74,3.21,219.31,15.03,0
2026-07-20 00:21:23,MC_02,51.31,44.23,2.62,216.62,10.31,0
2026-07-20 00:21:23,MC_03,58.05,44.06,1.78,222.14,11.94,0
2026-07-20 00:21:23,MC_04,56.93,39.87,2.05,222.58,13.81,0
2026-07-20 00:21:23,MC_05,58.78,42.33,2.42,232.05,12.02,0
2026-07-20 00:26:23,MC_01,63.51,44.67,2.18,223.53,13.29,0
2026-07-20 00:26:23,MC_02,56.76,48.59,1.3,215.79,9.99,0
2026-07-20 00:26:23,MC_03,68.61,39.48,2.03,216.97,9.71,0
2026-07-20 00:26:23,MC_04,63.14,42.91,2.65,216.42,14.29,0
2026-07-20 00:26:23,MC_05,63.91,35.37,3.24,217.76,9.93,0
2026-07-20 00:31:23,MC_01,64.32,37.91,2.41,224.97,14.09,0
2026-07-20 00:31:23,MC_02,52.25,38.05,3.17,213.23,13.21,0
2026-07-20 00:31:23,MC_03,60.17,34.76,3.6,216.41,10.8,0
2026-07-20 00:31:23,MC_04,56.53,38.25,2.66,221.97,9.84,0
2026-07-20 00:31:23,MC_05,59.4,37.48,1.72,221.07,13.52,0
2026-07-20 00:36:23,MC_01,60.22,29.71,2.27,215.53,14.67,0
2026-07-20 00:36:23,MC_02,58.3,33.54,2.48,223.18,12.15,0
2026-07-20 00:36:23,MC_03,55.99,38.17,2.88,220.51,15.04,0
2026-07-20 00:36:23,MC_04,59.0,37.75,1.72,220.65,11.37,0
2026-07-20 00:36:23,MC_05,60.75,44.1,2.4,222.08,12.18,0
2026-07-20 00:41:23,MC_01,67.25,42.53,2.56,224.54,12.19,0
2026-07-20 00:41:23,MC_02,65.58,40.69,1.93,223.75,13.94,0
2026-07-20 00:41:23,MC_03,65.07,42.26,2.28,218.75,10.12,0
2026-07-20 00:41:23,MC_04,55.06,42.71,2.37,225.58,11.03,0
2026-07-20 00:41:23,MC_05,61.84,44.91,2.33,227.95,10.38,0
2026-07-20 00:46:23,MC_01,58.56,40.91,3.12,221.88,11.73,0
2026-07-20 00:46:23,MC_02,59.96,39.68,2.32,224.22,13.32,0
2026-07-20 00:46:23,MC_03,66.33,41.32,2.22,220.81,14.11,0
2026-07-20 00:46:23,MC_04,59.89,43.58,2.18,212.69,12.41,0
2026-07-20 00:46:23,MC_05,58.12,37.24,2.85,210.13,12.51,0
2026-07-20 00:51:23,MC_01,61.57,36.03,2.58,215.36,13.28,0
2026-07-20 00:51:23,MC_02,60.93,45.97,1.73,215.66,11.27,0
2026-07-20 00:51:23,MC_03,62.13,37.4,1.55,216.2,14.11,0
2026-07-20 00:51:23,MC_04,91.74,60.12,7.49,224.09,20.45,1
2026-07-20 00:51:23,MC_05,61.0,44.56,3.11,226.67,11.03,0
2026-07-20 00:56:23,MC_01,58.96,41.33,3.03,225.56,9.41,0
2026-07-20 00:56:23,MC_02,58.15,41.4,2.44,223.08,11.44,0
2026-07-20 00:56:23,MC_03,62.39,40.76,3.85,216.57,11.63,0
2026-07-20 00:56:23,MC_04,64.08,42.86,2.5,225.13,13.19,0
2026-07-20 00:56:23,MC_05,59.19,40.68,2.51,217.67,13.12,0
2026-07-20 01:01:23,MC_01,61.74,39.05,1.89,225.34,12.91,0
2026-07-20 01:01:23,MC_02,61.28,39.04,2.19,223.77,13.07,0
2026-07-20 01:01:23,MC_03,62.18,44.15,1.99,217.73,12.11,0
2026-07-20 01:01:23,MC_04,56.89,45.19,2.03,230.66,15.04,0
2026-07-20 01:01:23,MC_05,58.0,44.05,2.41,213.57,6.7,0
2026-07-20 01:06:23,MC_01,58.66,40.15,3.0,217.73,11.49,0
2026-07-20 01:06:23,MC_02,65.27,30.14,2.51,218.0,14.04,0
2026-07-20 01:06:23,MC_03,57.36,34.03,2.43,217.84,13.42,0
2026-07-20 01:06:23,MC_04,54.76,44.15,2.47,211.91,9.7,0
2026-07-20 01:06:23,MC_05,62.19,34.9,3.43,215.31,12.0,0
2026-07-20 01:11:23,MC_01,48.8,40.76,2.12,220.58,11.82,0
2026-07-20 01:11:23,MC_02,61.32,46.25,2.23,217.66,9.5,0
2026-07-20 01:11:23,MC_03,57.58,41.67,2.41,213.49,12.47,0
2026-07-20 01:11:23,MC_04,58.97,37.38,2.58,218.85,14.59,0
2026-07-20 01:11:23,MC_05,83.44,47.51,5.66,216.76,17.22,1
2026-07-20 01:16:23,MC_01,59.83,40.37,2.37,219.07,13.25,0
2026-07-20 01:16:23,MC_02,90.06,52.28,8.11,222.15,21.95,1
2026-07-20 01:16:23,MC_03,69.96,36.07,2.72,222.48,11.89,0
2026-07-20 01:16:23,MC_04,55.73,38.64,2.24,225.47,12.43,0
2026-07-20 01:16:23,MC_05,54.68,44.33,2.92,220.06,14.26,0
2026-07-20 01:21:23,MC_01,54.48,43.01,2.28,218.76,13.09,0
2026-07-20 01:21:23,MC_02,59.28,32.05,2.88,214.97,14.79,0
2026-07-20 01:21:23,MC_03,50.95,42.93,2.99,226.52,9.71,0
2026-07-20 01:21:23,MC_04,56.49,41.17,2.32,227.75,15.91,0
2026-07-20 01:21:23,MC_05,60.28,45.14,2.91,214.67,11.08,0
2026-07-20 01:26:23,MC_01,54.95,37.62,2.16,224.03,13.36,0
2026-07-20 01:26:23,MC_02,63.99,38.3,2.65,220.55,10.6,0
2026-07-20 01:26:23,MC_03,55.37,42.21,2.9,227.5,10.84,0
2026-07-20 01:26:23,MC_04,58.44,40.49,2.36,230.54,12.16,0
2026-07-20 01:26:23,MC_05,62.26,38.94,2.26,213.49,13.65,0
2026-07-20 01:31:23,MC_01,55.5,40.72,2.25,218.89,10.1,0
2026-07-20 01:31:23,MC_02,61.09,39.4,2.33,212.22,13.65,0
2026-07-20 01:31:23,MC_03,53.35,35.14,2.23,224.83,12.44,0
2026-07-20 01:31:23,MC_04,52.53,37.91,2.99,223.83,13.64,0
2026-07-20 01:31:23,MC_05,57.07,38.97,2.34,220.12,10.07,0
2026-07-20 01:36:23,MC_01,58.87,34.68,1.88,233.31,12.7,0
2026-07-20 01:36:23,MC_02,61.14,37.44,2.24,219.21,10.91,0
2026-07-20 01:36:23,MC_03,58.02,41.41,2.0,233.05,13.13,0
2026-07-20 01:36:23,MC_04,56.56,42.74,2.75,219.45,11.1,0
2026-07-20 01:36:23,MC_05,55.48,38.39,1.99,218.01,14.0,0
2026-07-20 01:41:23,MC_01,56.14,42.44,2.88,214.6,10.73,0
2026-07-20 01:41:23,MC_02,65.34,48.16,2.99,220.43,13.26,0
2026-07-20 01:41:23,MC_03,59.72,44.07,1.48,219.3,8.87,0
2026-07-20 01:41:23,MC_04,60.81,42.85,2.24,217.97,12.57,0
2026-07-20 01:41:23,MC_05,66.58,36.68,2.28,218.46,16.74,0
2026-07-20 01:46:23,MC_01,63.04,43.34,2.74,221.83,9.82,0
2026-07-20 01:46:23,MC_02,62.73,39.72,2.88,224.7,7.63,0
2026-07-20 01:46:23,MC_03,57.83,38.8,3.18,221.04,11.27,0
2026-07-20 01:46:23,MC_04,57.51,41.57,3.31,224.27,12.85,0
2026-07-20 01:46:23,MC_05,73.75,40.58,3.26,215.29,14.63,0
2026-07-20 01:51:23,MC_01,60.87,36.47,2.19,223.98,14.16,0
2026-07-20 01:51:23,MC_02,49.43,40.72,2.44,220.54,11.52,0
2026-07-20 01:51:23,MC_03,65.8,39.58,2.26,216.95,8.12,0
2026-07-20 01:51:23,MC_04,61.77,39.65,2.57,215.73,11.25,0
2026-07-20 01:51:23,MC_05,66.89,39.08,1.98,220.18,15.02,0
2026-07-20 01:56:23,MC_01,55.21,38.56,2.15,222.87,12.53,0
2026-07-20 01:56:23,MC_02,63.47,48.29,2.58,214.04,12.1,0
2026-07-20 01:56:23,MC_03,61.21,38.36,1.81,222.74,17.02,0
2026-07-20 01:56:23,MC_04,57.26,34.87,2.72,220.14,8.42,0
2026-07-20 01:56:23,MC_05,68.05,38.31,2.7,222.26,12.6,0
2026-07-20 02:01:23,MC_01,70.03,36.65,2.21,221.81,10.83,0
2026-07-20 02:01:23,MC_02,56.91,45.1,2.4,222.32,12.36,0
2026-07-20 02:01:23,MC_03,55.28,42.67,2.08,211.12,11.95,0
2026-07-20 02:01:23,MC_04,67.28,42.7,1.59,218.93,10.29,0
2026-07-20 02:01:23,MC_05,54.96,38.39,1.94,213.97,11.91,0
2026-07-20 02:06:23,MC_01,71.14,43.19,2.15,221.55,13.65,0
2026-07-20 02:06:23,MC_02,64.14,40.78,2.76,232.31,13.26,0
2026-07-20 02:06:23,MC_03,58.42,49.39,3.3,220.42,15.27,0
2026-07-20 02:06:23,MC_04,79.87,41.59,2.92,171.26,26.92,1
2026-07-20 02:06:23,MC_05,67.44,35.68,2.71,214.42,13.88,0
2026-07-20 02:11:23,MC_01,71.53,38.02,2.47,226.23,11.79,0
2026-07-20 02:11:23,MC_02,49.84,45.89,1.5,215.25,10.99,0
2026-07-20 02:11:23,MC_03,60.53,37.71,2.29,214.34,13.18,0
2026-07-20 02:11:23,MC_04,53.06,47.96,2.75,221.13,9.46,0
2026-07-20 02:11:23,MC_05,67.36,40.57,2.65,221.98,12.17,0
2026-07-20 02:16:23,MC_01,60.04,34.0,1.74,215.76,13.87,0
2026-07-20 02:16:23,MC_02,56.0,39.68,2.7,226.8,15.08,0
2026-07-20 02:16:23,MC_03,59.37,41.21,2.99,225.62,14.36,0
2026-07-20 02:16:23,MC_04,66.28,35.73,1.56,212.57,11.82,0
2026-07-20 02:16:23,MC_05,70.11,37.99,2.0,214.13,8.94,0
2026-07-20 02:21:23,MC_01,62.77,44.71,2.2,215.79,12.78,0
2026-07-20 02:21:23,MC_02,60.42,36.78,2.03,224.26,13.08,0
2026-07-20 02:21:23,MC_03,51.03,41.19,2.27,218.77,10.29,0
2026-07-20 02:21:23,MC_04,65.97,39.58,3.09,210.66,12.01,0
2026-07-20 02:21:23,MC_05,60.65,42.31,2.31,224.97,13.51,0
2026-07-20 02:26:23,MC_01,56.91,38.45,1.92,221.59,12.3,0
2026-07-20 02:26:23,MC_02,55.71,34.28,2.72,219.01,10.45,0
2026-07-20 02:26:23,MC_03,56.37,42.65,2.48,216.59,13.98,0
2026-07-20 02:26:23,MC_04,55.75,39.05,1.17,216.86,9.71,0
2026-07-20 02:26:23,MC_05,61.09,48.52,1.99,220.61,12.33,0
2026-07-20 02:31:23,MC_01,68.23,44.8,2.02,216.49,8.96,0
2026-07-20 02:31:23,MC_02,59.09,47.05,1.87,220.69,11.66,0
2026-07-20 02:31:23,MC_03,60.48,42.2,2.74,221.09,10.85,0
2026-07-20 02:31:23,MC_04,84.77,39.86,2.77,173.52,27.7,1
2026-07-20 02:31:23,MC_05,61.79,36.85,2.51,214.32,12.28,0
2026-07-20 02:36:23,MC_01,55.81,36.7,2.44,221.83,10.19,0
2026-07-20 02:36:23,MC_02,66.69,29.89,2.81,218.08,11.26,0
2026-07-20 02:36:23,MC_03,56.59,38.54,2.81,217.32,14.49,0
2026-07-20 02:36:23,MC_04,59.17,44.76,3.17,214.19,10.95,0
2026-07-20 02:36:23,MC_05,63.17,37.03,2.54,227.38,12.06,0
2026-07-20 02:41:23,MC_01,63.91,39.59,3.13,224.33,11.91,0
2026-07-20 02:41:23,MC_02,60.22,38.68,2.3,217.25,12.69,0
2026-07-20 02:41:23,MC_03,59.74,37.49,2.67,217.05,14.39,0
2026-07-20 02:41:23,MC_04,63.47,49.62,2.28,216.43,13.06,0
2026-07-20 02:41:23,MC_05,70.98,43.9,2.5,232.01,13.22,0
2026-07-20 02:46:23,MC_01,59.94,42.46,2.31,220.25,11.38,0
2026-07-20 02:46:23,MC_02,66.83,36.49,2.47,218.52,11.22,0
2026-07-20 02:46:23,MC_03,63.45,40.62,2.15,217.31,9.75,0
2026-07-20 02:46:23,MC_04,60.19,47.26,3.81,217.68,10.75,0
2026-07-20 02:46:23,MC_05,65.65,41.34,3.07,221.99,11.71,0
2026-07-20 02:51:23,MC_01,58.94,44.88,1.85,226.07,9.19,0
2026-07-20 02:51:23,MC_02,60.73,38.68,1.74,209.7,10.35,0
2026-07-20 02:51:23,MC_03,54.8,45.41,1.88,223.4,10.67,0
2026-07-20 02:51:23,MC_04,54.39,34.51,2.64,215.2,10.83,0
2026-07-20 02:51:23,MC_05,55.44,42.88,2.34,217.63,13.61,0
2026-07-20 02:56:23,MC_01,55.78,46.38,2.87,212.96,11.08,0
2026-07-20 02:56:23,MC_02,61.14,37.68,3.32,219.63,11.09,0
2026-07-20 02:56:23,MC_03,56.13,45.68,2.17,228.66,12.8,0
2026-07-20 02:56:23,MC_04,57.43,39.83,1.52,217.57,12.01,0
2026-07-20 02:56:23,MC_05,66.55,31.76,3.08,215.5,12.2,0
2026-07-20 03:01:23,MC_01,59.47,35.03,2.06,224.98,11.1,0
2026-07-20 03:01:23,MC_02,59.48,34.72,2.96,214.69,13.52,0
2026-07-20 03:01:23,MC_03,68.0,39.72,2.32,224.55,9.78,0
2026-07-20 03:01:23,MC_04,47.36,43.46,2.52,214.18,12.91,0
2026-07-20 03:01:23,MC_05,54.74,33.07,2.7,215.32,11.95,0
2026-07-20 03:06:23,MC_01,59.09,50.13,2.48,229.12,13.75,0
2026-07-20 03:06:23,MC_02,58.39,40.72,2.58,229.22,13.24,0
2026-07-20 03:06:23,MC_03,85.58,50.32,9.7,226.73,16.48,1
2026-07-20 03:06:23,MC_04,58.48,41.08,3.22,215.52,12.44,0
2026-07-20 03:06:23,MC_05,61.28,40.84,3.08,211.91,14.89,0
2026-07-20 03:11:23,MC_01,52.89,35.09,2.11,213.55,13.22,0
2026-07-20 03:11:23,MC_02,60.9,39.02,1.72,212.44,9.8,0
2026-07-20 03:11:23,MC_03,52.52,45.91,1.97,213.22,12.63,0
2026-07-20 03:11:23,MC_04,66.34,33.5,2.46,225.94,13.37,0
2026-07-20 03:11:23,MC_05,51.95,41.5,2.58,222.83,10.57,0
2026-07-20 03:16:23,MC_01,56.5,46.69,3.21,211.76,13.84,0
2026-07-20 03:16:23,MC_02,58.31,36.34,2.36,220.32,12.44,0
2026-07-20 03:16:23,MC_03,64.87,33.48,2.39,215.63,11.5,0
2026-07-20 03:16:23,MC_04,86.67,47.66,7.02,221.81,17.14,1
2026-07-20 03:16:23,MC_05,58.13,40.08,2.77,229.23,13.21,0
2026-07-20 03:21:23,MC_01,58.48,46.22,3.06,217.77,14.89,0
2026-07-20 03:21:23,MC_02,62.23,48.77,2.65,217.19,10.85,0
2026-07-20 03:21:23,MC_03,66.36,39.88,1.69,221.07,12.19,0
2026-07-20 03:21:23,MC_04,57.66,42.54,2.79,221.82,10.05,0
2026-07-20 03:21:23,MC_05,59.36,35.62,2.7,220.69,11.75,0
2026-07-20 03:26:23,MC_01,67.59,44.43,2.34,224.02,14.35,0
2026-07-20 03:26:23,MC_02,99.22,58.92,5.29,221.62,24.05,1
2026-07-20 03:26:23,MC_03,56.15,36.66,3.78,222.09,13.39,0
2026-07-20 03:26:23,MC_04,62.13,36.4,3.33,219.8,11.25,0
2026-07-20 03:26:23,MC_05,54.21,42.25,2.63,215.12,12.21,0
2026-07-20 03:31:23,MC_01,61.87,40.02,2.39,215.2,12.3,0
2026-07-20 03:31:23,MC_02,71.41,60.36,8.36,225.85,23.18,1
2026-07-20 03:31:23,MC_03,60.71,33.16,2.51,222.22,9.9,0
2026-07-20 03:31:23,MC_04,52.4,35.72,2.87,210.01,13.24,0
2026-07-20 03:31:23,MC_05,52.6,36.81,2.89,226.28,10.45,0
2026-07-20 03:36:23,MC_01,65.71,37.05,2.21,229.11,12.27,0
2026-07-20 03:36:23,MC_02,57.74,42.34,3.58,216.78,13.37,0
2026-07-20 03:36:23,MC_03,60.95,38.19,2.67,224.39,9.64,0
2026-07-20 03:36:23,MC_04,60.02,42.35,3.37,221.52,9.96,0
2026-07-20 03:36:23,MC_05,59.06,42.66,2.24,213.16,12.88,0
2026-07-20 03:41:23,MC_01,63.47,38.13,2.44,220.99,11.08,0
2026-07-20 03:41:23,MC_02,53.09,45.44,2.11,225.34,10.28,0
2026-07-20 03:41:23,MC_03,55.3,34.57,3.47,217.74,15.47,0
2026-07-20 03:41:23,MC_04,55.03,37.09,2.57,213.22,11.94,0
2026-07-20 03:41:23,MC_05,57.63,40.92,2.81,221.21,12.68,0
2026-07-20 03:46:23,MC_01,59.45,38.26,2.74,219.44,11.89,0
2026-07-20 03:46:23,MC_02,67.15,39.0,2.56,219.78,12.98,0
2026-07-20 03:46:23,MC_03,61.7,27.19,3.12,224.6,9.25,0
2026-07-20 03:46:23,MC_04,62.81,33.76,2.84,225.04,11.14,0
2026-07-20 03:46:23,MC_05,62.21,38.59,2.94,218.43,11.13,0
2026-07-20 03:51:23,MC_01,59.31,41.45,2.93,221.24,9.85,0
2026-07-20 03:51:23,MC_02,66.76,45.74,2.56,216.24,11.2,0
2026-07-20 03:51:23,MC_03,58.98,41.11,2.35,215.71,13.53,0
2026-07-20 03:51:23,MC_04,61.29,35.79,2.65,220.81,10.92,0
2026-07-20 03:51:23,MC_05,58.92,39.67,2.72,219.64,11.88,0
2026-07-20 03:56:23,MC_01,65.33,43.11,3.71,224.38,14.8,0
2026-07-20 03:56:23,MC_02,62.28,43.81,1.84,218.93,11.96,0
2026-07-20 03:56:23,MC_03,56.61,41.88,2.9,221.68,10.69,0
2026-07-20 03:56:23,MC_04,58.44,35.86,2.19,220.45,11.31,0
2026-07-20 03:56:23,MC_05,55.58,37.89,1.96,210.64,11.67,0
2026-07-20 04:01:23,MC_01,83.16,59.23,7.94,216.37,19.95,1
2026-07-20 04:01:23,MC_02,64.03,42.97,2.72,226.77,13.58,0
2026-07-20 04:01:23,MC_03,55.56,36.37,2.48,214.61,11.6,0
2026-07-20 04:01:23,MC_04,57.65,43.98,2.35,214.15,12.82,0
2026-07-20 04:01:23,MC_05,59.38,38.92,2.29,219.94,11.59,0
2026-07-20 04:06:23,MC_01,62.58,42.96,2.31,230.0,11.14,0
2026-07-20 04:06:23,MC_02,59.48,39.19,2.48,224.88,14.52,0
2026-07-20 04:06:23,MC_03,65.54,39.59,2.6,227.62,10.5,0
2026-07-20 04:06:23,MC_04,65.72,39.46,2.06,216.71,11.25,0
2026-07-20 04:06:23,MC_05,64.76,36.51,3.51,224.1,10.84,0
2026-07-20 04:11:23,MC_01,61.8,38.35,1.86,218.45,9.94,0
2026-07-20 04:11:23,MC_02,57.6,43.64,2.7,216.8,12.48,0
2026-07-20 04:11:23,MC_03,53.43,35.66,2.69,227.45,13.27,0
2026-07-20 04:11:23,MC_04,66.42,35.53,2.78,219.0,7.5,0
2026-07-20 04:11:23,MC_05,70.05,40.66,2.81,214.29,9.54,0
2026-07-20 04:16:23,MC_01,66.22,38.98,3.69,221.57,10.87,0
2026-07-20 04:16:23,MC_02,55.29,38.45,3.27,219.67,13.63,0
2026-07-20 04:16:23,MC_03,59.5,36.62,2.3,230.16,12.91,0
2026-07-20 04:16:23,MC_04,55.31,32.98,3.05,221.47,11.7,0
2026-07-20 04:16:23,MC_05,51.67,35.34,2.52,227.75,12.34,0
2026-07-20 04:21:23,MC_01,54.74,37.75,3.03,219.51,11.7,0
2026-07-20 04:21:23,MC_02,57.47,39.17,2.23,220.4,11.21,0
2026-07-20 04:21:23,MC_03,60.62,39.79,3.43,229.55,13.18,0
2026-07-20 04:21:23,MC_04,59.56,38.12,1.68,210.48,11.82,0
2026-07-20 04:21:23,MC_05,57.48,37.82,2.1,215.76,12.98,0
2026-07-20 04:26:23,MC_01,64.81,45.76,2.63,165.02,20.31,1
2026-07-20 04:26:23,MC_02,62.11,45.77,2.53,213.93,10.68,0
2026-07-20 04:26:23,MC_03,55.76,44.8,2.41,220.92,10.8,0
2026-07-20 04:26:23,MC_04,48.39,32.66,3.4,220.08,10.31,0
2026-07-20 04:26:23,MC_05,63.41,43.09,1.83,217.34,13.31,0
2026-07-20 04:31:23,MC_01,67.12,30.43,2.33,221.31,9.31,0
2026-07-20 04:31:23,MC_02,57.35,34.06,3.07,222.22,11.9,0
2026-07-20 04:31:23,MC_03,61.47,42.58,2.15,210.41,12.93,0
2026-07-20 04:31:23,MC_04,65.5,38.66,2.45,228.76,11.56,0
2026-07-20 04:31:23,MC_05,63.45,37.16,2.57,218.42,11.33,0
2026-07-20 04:36:23,MC_01,59.41,46.08,2.83,226.36,13.28,0
2026-07-20 04:36:23,MC_02,53.46,37.26,2.09,218.49,13.03,0
2026-07-20 04:36:23,MC_03,54.42,38.61,2.6,228.41,10.93,0
2026-07-20 04:36:23,MC_04,59.6,35.69,2.14,214.56,12.37,0
2026-07-20 04:36:23,MC_05,62.13,42.75,2.12,222.54,12.17,0
2026-07-20 04:41:23,MC_01,59.71,35.03,2.58,220.92,12.15,0
2026-07-20 04:41:23,MC_02,62.0,42.78,1.95,218.92,12.77,0
2026-07-20 04:41:23,MC_03,60.45,32.18,2.92,219.41,9.35,0
2026-07-20 04:41:23,MC_04,58.74,34.93,2.88,219.82,10.61,0
2026-07-20 04:41:23,MC_05,84.95,59.52,6.42,215.71,23.95,1
2026-07-20 04:46:23,MC_01,51.6,38.91,2.67,218.24,13.92,0
2026-07-20 04:46:23,MC_02,57.52,41.57,2.24,210.35,12.44,0
2026-07-20 04:46:23,MC_03,58.08,42.58,3.76,226.41,11.47,0
2026-07-20 04:46:23,MC_04,61.34,33.73,3.03,208.47,11.97,0
2026-07-20 04:46:23,MC_05,51.22,43.47,3.01,219.03,13.49,0
2026-07-20 04:51:23,MC_01,61.87,36.33,2.43,217.61,9.67,0
2026-07-20 04:51:23,MC_02,61.65,40.58,3.08,210.66,10.93,0
2026-07-20 04:51:23,MC_03,63.62,45.81,2.12,215.68,13.28,0
2026-07-20 04:51:23,MC_04,63.17,36.12,3.29,230.13,13.68,0
2026-07-20 04:51:23,MC_05,61.66,32.95,2.26,224.1,10.73,0
2026-07-20 04:56:23,MC_01,60.78,43.75,2.64,223.99,11.64,0
2026-07-20 04:56:23,MC_02,68.52,33.64,2.53,217.64,13.02,0
2026-07-20 04:56:23,MC_03,58.3,36.01,1.17,214.31,12.84,0
2026-07-20 04:56:23,MC_04,56.38,43.32,2.33,217.82,13.49,0
2026-07-20 04:56:23,MC_05,67.81,39.56,2.96,223.28,12.03,0
2026-07-20 05:01:23,MC_01,60.31,42.67,1.95,214.29,15.12,0
2026-07-20 05:01:23,MC_02,65.84,33.44,2.23,222.05,13.73,0
2026-07-20 05:01:23,MC_03,59.14,42.6,2.05,220.62,11.66,0
2026-07-20 05:01:23,MC_04,67.23,41.0,1.57,223.7,11.8,0
2026-07-20 05:01:23,MC_05,56.28,43.23,2.59,217.95,10.49,0
2026-07-20 05:06:23,MC_01,56.43,42.78,2.49,223.46,12.47,0
2026-07-20 05:06:23,MC_02,85.96,51.45,8.76,228.03,19.45,1
2026-07-20 05:06:23,MC_03,67.35,43.12,1.79,222.25,10.91,0
2026-07-20 05:06:23,MC_04,60.14,45.58,2.96,218.53,13.46,0
2026-07-20 05:06:23,MC_05,58.22,33.98,2.9,224.03,10.68,0
2026-07-20 05:11:23,MC_01,64.36,35.02,2.8,213.42,13.17,0
2026-07-20 05:11:23,MC_02,65.31,37.32,3.11,212.13,13.65,0
2026-07-20 05:11:23,MC_03,67.19,41.38,2.4,221.56,11.09,0
2026-07-20 05:11:23,MC_04,73.12,37.04,3.3,230.06,12.58,0
2026-07-20 05:11:23,MC_05,54.62,41.19,3.23,217.26,15.31,0
2026-07-20 05:16:23,MC_01,56.95,39.59,1.48,216.9,12.3,0
2026-07-20 05:16:23,MC_02,63.78,39.04,2.02,227.74,9.97,0
2026-07-20 05:16:23,MC_03,57.02,45.27,2.41,221.15,12.64,0
2026-07-20 05:16:23,MC_04,63.72,41.51,2.31,221.63,13.11,0
2026-07-20 05:16:23,MC_05,62.92,48.63,2.56,220.13,11.73,0
2026-07-20 05:21:23,MC_01,60.07,40.07,2.43,216.96,12.63,0
2026-07-20 05:21:23,MC_02,58.57,42.45,2.56,218.07,14.35,0
2026-07-20 05:21:23,MC_03,56.5,31.9,2.22,209.31,11.64,0
2026-07-20 05:21:23,MC_04,67.34,46.0,2.26,219.92,13.18,0
2026-07-20 05:21:23,MC_05,64.5,33.02,1.79,225.86,10.83,0
2026-07-20 05:26:23,MC_01,56.64,38.6,2.03,214.73,12.48,0
2026-07-20 05:26:23,MC_02,55.96,37.57,1.41,229.69,13.41,0
2026-07-20 05:26:23,MC_03,57.53,39.93,1.86,207.25,11.21,0
2026-07-20 05:26:23,MC_04,60.89,36.11,2.23,228.82,13.16,0
2026-07-20 05:26:23,MC_05,57.74,36.75,2.44,212.34,14.69,0
2026-07-20 05:31:23,MC_01,62.24,40.58,2.35,213.96,9.85,0
2026-07-20 05:31:23,MC_02,70.93,36.62,2.9,222.33,13.0,0
2026-07-20 05:31:23,MC_03,63.66,33.55,2.16,213.16,12.28,0
2026-07-20 05:31:23,MC_04,53.38,31.16,2.63,213.71,10.74,0
2026-07-20 05:31:23,MC_05,52.69,38.54,1.6,215.82,14.63,0
2026-07-20 05:36:23,MC_01,61.49,37.76,2.45,223.72,11.5,0
2026-07-20 05:36:23,MC_02,61.1,40.95,2.34,216.32,11.21,0
2026-07-20 05:36:23,MC_03,63.5,38.96,2.12,224.0,11.29,0
2026-07-20 05:36:23,MC_04,65.91,35.94,2.51,223.08,10.45,0
2026-07-20 05:36:23,MC_05,60.1,36.59,3.4,214.14,12.23,0
2026-07-20 05:41:23,MC_01,63.71,39.18,2.7,208.72,12.75,0
2026-07-20 05:41:23,MC_02,56.4,42.4,2.61,226.25,12.37,0
2026-07-20 05:41:23,MC_03,56.61,38.0,1.87,215.15,13.34,0
2026-07-20 05:41:23,MC_04,61.66,38.38,1.66,220.63,13.42,0
2026-07-20 05:41:23,MC_05,71.83,35.59,2.95,216.46,10.31,0
2026-07-20 05:46:23,MC_01,54.36,37.57,2.28,216.3,10.78,0
2026-07-20 05:46:23,MC_02,60.34,36.81,2.68,226.98,12.04,0
2026-07-20 05:46:23,MC_03,66.65,35.25,1.91,217.78,12.19,0
2026-07-20 05:46:23,MC_04,53.98,37.55,2.48,212.55,12.02,0
2026-07-20 05:46:23,MC_05,54.06,41.64,2.7,220.48,13.49,0
2026-07-20 05:51:23,MC_01,60.33,40.52,2.43,209.13,13.7,0
2026-07-20 05:51:23,MC_02,61.99,37.64,2.45,225.12,12.33,0
2026-07-20 05:51:23,MC_03,68.46,36.89,3.16,208.67,10.35,0
2026-07-20 05:51:23,MC_04,61.49,40.17,1.9,214.42,12.35,0
2026-07-20 05:51:23,MC_05,59.04,42.88,2.72,216.99,9.03,0
2026-07-20 05:56:23,MC_01,65.92,39.4,2.47,224.81,12.01,0
2026-07-20 05:56:23,MC_02,59.36,44.07,2.8,216.32,10.28,0
2026-07-20 05:56:23,MC_03,88.15,56.96,8.15,207.29,22.5,1
2026-07-20 05:56:23,MC_04,59.12,37.7,1.89,231.79,11.15,0
2026-07-20 05:56:23,MC_05,55.49,35.76,2.19,218.48,13.86,0
2026-07-20 06:01:23,MC_01,67.94,46.71,2.19,215.45,12.78,0
2026-07-20 06:01:23,MC_02,56.81,36.98,2.65,220.35,9.12,0
2026-07-20 06:01:23,MC_03,61.9,42.27,3.1,216.48,9.78,0
2026-07-20 06:01:23,MC_04,55.76,39.91,2.85,217.94,12.75,0
2026-07-20 06:01:23,MC_05,64.85,39.96,1.93,218.6,13.53,0
2026-07-20 06:06:23,MC_01,63.15,35.73,3.09,218.35,10.39,0
2026-07-20 06:06:23,MC_02,63.25,44.58,2.0,219.16,13.31,0
2026-07-20 06:06:23,MC_03,67.28,35.11,2.38,184.99,26.82,1
2026-07-20 06:06:23,MC_04,65.42,38.29,2.73,220.92,9.46,0
2026-07-20 06:06:23,MC_05,57.97,38.55,2.7,220.36,13.57,0
2026-07-20 06:11:23,MC_01,57.61,40.08,3.17,217.63,9.4,0
2026-07-20 06:11:23,MC_02,62.2,36.98,1.86,220.09,13.46,0
2026-07-20 06:11:23,MC_03,57.13,41.99,2.84,223.96,10.9,0
2026-07-20 06:11:23,MC_04,54.39,42.67,2.02,230.66,10.39,0
2026-07-20 06:11:23,MC_05,65.0,46.08,2.55,216.15,10.88,0
2026-07-20 06:16:23,MC_01,58.69,32.64,2.68,222.91,14.95,0
2026-07-20 06:16:23,MC_02,53.09,39.46,3.08,220.6,11.71,0
2026-07-20 06:16:23,MC_03,63.95,34.99,1.74,218.63,8.16,0
2026-07-20 06:16:23,MC_04,61.41,40.74,2.47,222.18,12.31,0
2026-07-20 06:16:23,MC_05,58.53,47.32,2.7,223.86,13.61,0
2026-07-20 06:21:23,MC_01,60.83,39.97,2.18,218.72,10.9,0
2026-07-20 06:21:23,MC_02,63.39,42.24,2.58,215.52,13.05,0
2026-07-20 06:21:23,MC_03,59.57,28.51,2.01,227.01,14.23,0
2026-07-20 06:21:23,MC_04,62.63,38.96,3.12,222.13,12.1,0
2026-07-20 06:21:23,MC_05,65.61,42.6,2.53,218.22,13.04,0
2026-07-20 06:26:23,MC_01,54.49,36.42,1.77,226.18,10.92,0
2026-07-20 06:26:23,MC_02,74.49,41.77,1.57,225.88,11.42,0
2026-07-20 06:26:23,MC_03,59.0,40.73,2.18,217.46,12.15,0
2026-07-20 06:26:23,MC_04,68.35,41.31,2.24,211.52,11.92,0
2026-07-20 06:26:23,MC_05,64.93,36.45,2.25,212.64,10.74,0
2026-07-20 06:31:23,MC_01,58.94,38.53,3.53,213.42,11.93,0
2026-07-20 06:31:23,MC_02,49.68,44.41,2.35,212.99,8.85,0
2026-07-20 06:31:23,MC_03,75.93,38.01,2.96,171.25,24.13,1
2026-07-20 06:31:23,MC_04,61.41,37.19,2.12,211.0,12.89,0
2026-07-20 06:31:23,MC_05,61.23,43.31,2.73,226.62,11.09,0
2026-07-20 06:36:23,MC_01,68.84,45.11,3.82,214.59,10.89,0
2026-07-20 06:36:23,MC_02,55.99,33.9,2.56,223.98,12.53,0
2026-07-20 06:36:23,MC_03,51.85,39.04,2.34,218.61,11.25,0
2026-07-20 06:36:23,MC_04,60.74,44.4,2.03,222.26,12.12,0
2026-07-20 06:36:23,MC_05,51.08,37.38,2.51,230.82,10.91,0
2026-07-20 06:41:23,MC_01,59.43,34.95,1.63,210.69,13.28,0
2026-07-20 06:41:23,MC_02,54.85,43.09,1.92,220.95,14.12,0
2026-07-20 06:41:23,MC_03,58.25,35.66,2.31,218.92,10.52,0
2026-07-20 06:41:23,MC_04,68.26,44.3,3.35,213.7,12.97,0
2026-07-20 06:41:23,MC_05,54.6,49.3,2.13,223.26,10.07,0
2026-07-20 06:46:23,MC_01,58.73,36.23,2.14,220.81,11.97,0
2026-07-20 06:46:23,MC_02,59.27,42.27,3.01,223.36,12.51,0
2026-07-20 06:46:23,MC_03,61.81,46.77,2.01,217.76,13.52,0
2026-07-20 06:46:23,MC_04,56.79,40.29,2.26,221.85,11.57,0
2026-07-20 06:46:23,MC_05,58.27,42.45,2.41,220.74,12.22,0
2026-07-20 06:51:23,MC_01,53.32,47.63,3.14,220.25,12.23,0
2026-07-20 06:51:23,MC_02,61.45,44.04,2.46,223.36,13.57,0
2026-07-20 06:51:23,MC_03,61.14,35.88,2.84,220.28,10.36,0
2026-07-20 06:51:23,MC_04,65.17,48.29,2.23,215.29,12.23,0
2026-07-20 06:51:23,MC_05,67.04,35.51,2.65,220.44,11.98,0
2026-07-20 06:56:23,MC_01,65.78,43.55,2.52,220.39,12.68,0
2026-07-20 06:56:23,MC_02,66.66,41.8,2.48,216.87,12.44,0
2026-07-20 06:56:23,MC_03,58.78,36.68,3.31,215.28,10.83,0
2026-07-20 06:56:23,MC_04,63.3,42.01,2.12,223.35,11.04,0
2026-07-20 06:56:23,MC_05,65.27,36.01,2.1,216.18,12.47,0
2026-07-20 07:01:23,MC_01,59.41,39.79,2.26,212.44,9.91,0
2026-07-20 07:01:23,MC_02,55.99,38.71,3.23,214.9,10.36,0
2026-07-20 07:01:23,MC_03,58.93,34.82,2.49,217.08,13.94,0
2026-07-20 07:01:23,MC_04,56.65,46.79,2.59,218.03,11.61,0
2026-07-20 07:01:23,MC_05,55.37,42.52,3.0,225.14,11.76,0
2026-07-20 07:06:23,MC_01,65.46,41.26,2.35,217.19,13.38,0
2026-07-20 07:06:23,MC_02,60.63,37.61,2.14,217.78,13.06,0
2026-07-20 07:06:23,MC_03,61.56,41.26,3.87,233.67,13.58,0
2026-07-20 07:06:23,MC_04,56.13,43.02,2.13,218.86,14.05,0
2026-07-20 07:06:23,MC_05,58.78,36.73,2.37,223.7,13.02,0
2026-07-20 07:11:23,MC_01,51.38,40.21,2.15,229.92,11.62,0
2026-07-20 07:11:23,MC_02,63.71,43.72,3.02,223.95,11.22,0
2026-07-20 07:11:23,MC_03,58.55,44.02,2.27,230.49,11.25,0
2026-07-20 07:11:23,MC_04,60.5,44.82,2.49,223.54,11.48,0
2026-07-20 07:11:23,MC_05,60.19,43.74,2.09,220.64,10.46,0
2026-07-20 07:16:23,MC_01,57.99,42.66,2.68,212.17,11.72,0
2026-07-20 07:16:23,MC_02,61.8,35.99,1.96,231.41,15.19,0
2026-07-20 07:16:23,MC_03,59.57,41.61,3.47,216.51,12.3,0
2026-07-20 07:16:23,MC_04,61.4,34.42,2.88,220.85,10.7,0
2026-07-20 07:16:23,MC_05,65.3,38.75,2.67,220.72,11.55,0
2026-07-20 07:21:23,MC_01,53.9,43.71,2.07,214.18,14.1,0
2026-07-20 07:21:23,MC_02,60.47,42.45,2.82,216.13,11.05,0
2026-07-20 07:21:23,MC_03,53.42,34.97,3.19,226.09,10.59,0
2026-07-20 07:21:23,MC_04,58.06,39.8,3.07,217.59,12.24,0
2026-07-20 07:21:23,MC_05,63.51,40.89,2.75,225.68,12.7,0
2026-07-20 07:26:23,MC_01,61.13,36.3,2.71,210.57,11.58,0
2026-07-20 07:26:23,MC_02,51.84,36.22,2.86,219.34,10.49,0
2026-07-20 07:26:23,MC_03,66.04,39.11,3.57,218.45,9.46,0
2026-07-20 07:26:23,MC_04,66.66,38.43,2.72,221.23,11.99,0
2026-07-20 07:26:23,MC_05,61.62,43.67,1.36,212.52,12.32,0
2026-07-20 07:31:23,MC_01,58.33,36.69,2.79,215.54,12.32,0
2026-07-20 07:31:23,MC_02,65.13,36.52,1.83,216.19,10.69,0
2026-07-20 07:31:23,MC_03,68.03,34.97,1.83,220.31,11.82,0
2026-07-20 07:31:23,MC_04,66.86,42.59,2.97,210.28,12.1,0
2026-07-20 07:31:23,MC_05,60.75,44.08,2.74,214.75,11.9,0
2026-07-20 07:36:23,MC_01,53.8,43.42,3.39,224.62,11.79,0
2026-07-20 07:36:23,MC_02,63.13,43.2,2.79,225.93,9.71,0
2026-07-20 07:36:23,MC_03,53.93,38.17,3.06,219.92,15.48,0
2026-07-20 07:36:23,MC_04,53.21,42.76,1.94,215.13,11.41,0
2026-07-20 07:36:23,MC_05,57.94,35.96,2.35,213.2,12.6,0
2026-07-20 07:41:23,MC_01,50.7,39.06,2.18,222.73,10.79,0
2026-07-20 07:41:23,MC_02,55.75,41.59,2.72,214.77,12.88,0
2026-07-20 07:41:23,MC_03,53.86,40.22,1.81,218.71,11.24,0
2026-07-20 07:41:23,MC_04,63.46,41.53,2.77,209.26,14.28,0
2026-07-20 07:41:23,MC_05,60.48,32.12,2.85,215.77,11.47,0
2026-07-20 07:46:23,MC_01,59.45,44.83,2.73,218.2,11.12,0
2026-07-20 07:46:23,MC_02,58.79,40.02,2.36,212.17,11.91,0
2026-07-20 07:46:23,MC_03,59.89,36.8,3.32,216.3,12.76,0
2026-07-20 07:46:23,MC_04,56.02,32.44,2.45,223.06,11.5,0
2026-07-20 07:46:23,MC_05,50.02,39.94,2.8,221.16,10.27,0
2026-07-20 07:51:23,MC_01,64.73,41.28,2.87,226.45,11.47,0
2026-07-20 07:51:23,MC_02,56.29,33.74,2.51,224.02,12.46,0
2026-07-20 07:51:23,MC_03,65.44,37.5,1.45,218.37,10.74,0
2026-07-20 07:51:23,MC_04,59.18,33.92,2.44,217.13,14.98,0
2026-07-20 07:51:23,MC_05,60.87,40.91,2.39,226.24,12.73,0
2026-07-20 07:56:23,MC_01,67.57,42.92,2.91,224.72,12.6,0
2026-07-20 07:56:23,MC_02,60.56,40.28,3.07,216.78,12.2,0
2026-07-20 07:56:23,MC_03,59.65,42.49,2.78,214.9,9.68,0
2026-07-20 07:56:23,MC_04,61.28,39.25,2.73,216.94,14.1,0
2026-07-20 07:56:23,MC_05,54.02,44.39,2.38,217.11,12.12,0
2026-07-20 08:01:23,MC_01,56.06,39.91,2.44,234.45,11.31,0
2026-07-20 08:01:23,MC_02,59.55,44.17,3.46,215.99,12.66,0
2026-07-20 08:01:23,MC_03,65.55,46.51,2.94,221.58,13.54,0
2026-07-20 08:01:23,MC_04,55.79,44.66,2.35,219.05,9.03,0
2026-07-20 08:01:23,MC_05,46.29,40.67,2.74,218.85,10.63,0
2026-07-20 08:06:23,MC_01,64.49,36.94,2.2,218.25,11.38,0
2026-07-20 08:06:23,MC_02,55.25,41.69,3.69,216.07,10.94,0
2026-07-20 08:06:23,MC_03,59.39,39.53,2.28,230.5,13.72,0
2026-07-20 08:06:23,MC_04,59.53,41.59,3.4,222.57,9.42,0
2026-07-20 08:06:23,MC_05,67.01,34.63,2.69,225.13,12.02,0
2026-07-20 08:11:23,MC_01,55.87,41.88,2.01,219.49,11.14,0
2026-07-20 08:11:23,MC_02,64.38,41.13,2.72,230.04,13.99,0
2026-07-20 08:11:23,MC_03,58.96,39.03,2.09,222.93,11.91,0
2026-07-20 08:11:23,MC_04,61.09,37.84,2.8,222.39,13.51,0
2026-07-20 08:11:23,MC_05,56.5,42.74,3.27,224.63,10.06,0
2026-07-20 08:16:23,MC_01,65.54,49.98,2.62,223.16,12.14,0
2026-07-20 08:16:23,MC_02,57.81,40.58,2.35,209.61,11.26,0
2026-07-20 08:16:23,MC_03,64.78,40.39,2.1,216.51,12.01,0
2026-07-20 08:16:23,MC_04,59.67,35.55,3.29,224.48,8.74,0
2026-07-20 08:16:23,MC_05,64.19,43.01,2.43,218.06,10.01,0
2026-07-20 08:21:23,MC_01,60.81,35.34,2.65,223.21,11.96,0
2026-07-20 08:21:23,MC_02,64.41,45.92,2.25,212.16,11.75,0
2026-07-20 08:21:23,MC_03,63.11,40.0,1.59,227.73,10.91,0
2026-07-20 08:21:23,MC_04,56.92,44.37,1.41,218.57,12.2,0
2026-07-20 08:21:23,MC_05,58.3,40.56,2.88,214.45,13.22,0
2026-07-20 08:26:23,MC_01,57.05,41.5,2.4,221.37,12.32,0
2026-07-20 08:26:23,MC_02,58.49,44.27,3.2,218.02,13.04,0
2026-07-20 08:26:23,MC_03,55.73,38.9,3.06,218.69,12.04,0
2026-07-20 08:26:23,MC_04,53.21,41.12,2.13,213.9,13.15,0
2026-07-20 08:26:23,MC_05,67.58,43.43,1.91,220.89,11.54,0
2026-07-20 08:31:23,MC_01,59.66,39.07,2.99,226.5,11.52,0
2026-07-20 08:31:23,MC_02,59.1,41.33,2.15,219.36,9.75,0
2026-07-20 08:31:23,MC_03,52.14,35.28,2.37,223.06,10.83,0
2026-07-20 08:31:23,MC_04,59.37,40.87,3.27,220.28,12.15,0
2026-07-20 08:31:23,MC_05,63.82,35.56,3.25,223.58,12.35,0
2026-07-20 08:36:23,MC_01,63.3,38.44,2.48,213.8,13.09,0
2026-07-20 08:36:23,MC_02,56.79,39.86,2.58,224.98,13.54,0
2026-07-20 08:36:23,MC_03,54.33,39.11,2.42,218.02,12.81,0
2026-07-20 08:36:23,MC_04,61.44,43.92,2.44,226.3,12.9,0
2026-07-20 08:36:23,MC_05,65.88,37.62,3.28,217.22,11.24,0
2026-07-20 08:41:23,MC_01,69.47,42.09,2.75,210.54,13.93,0
2026-07-20 08:41:23,MC_02,54.81,39.85,2.15,221.2,14.3,0
2026-07-20 08:41:23,MC_03,55.19,37.12,2.57,227.85,11.36,0
2026-07-20 08:41:23,MC_04,56.42,35.9,2.3,210.16,11.95,0
2026-07-20 08:41:23,MC_05,62.77,41.02,2.76,217.54,11.79,0
2026-07-20 08:46:23,MC_01,62.53,36.1,2.84,230.54,9.78,0
2026-07-20 08:46:23,MC_02,63.45,41.36,3.44,228.51,9.83,0
2026-07-20 08:46:23,MC_03,63.82,41.89,2.8,214.84,12.63,0
2026-07-20 08:46:23,MC_04,59.53,41.79,2.81,223.17,10.88,0
2026-07-20 08:46:23,MC_05,72.09,40.24,1.95,223.91,12.4,0
2026-07-20 08:51:23,MC_01,58.34,41.07,2.52,218.57,12.4,0
2026-07-20 08:51:23,MC_02,67.15,39.33,2.53,221.22,11.33,0
2026-07-20 08:51:23,MC_03,68.72,45.5,2.65,216.4,15.67,0
2026-07-20 08:51:23,MC_04,57.43,35.87,1.76,226.95,11.14,0
2026-07-20 08:51:23,MC_05,59.97,41.48,2.66,216.34,12.0,0
2026-07-20 08:56:23,MC_01,68.59,35.78,2.29,225.66,8.95,0
2026-07-20 08:56:23,MC_02,49.95,40.08,2.29,216.91,12.96,0
2026-07-20 08:56:23,MC_03,55.37,34.51,3.01,223.87,14.33,0
2026-07-20 08:56:23,MC_04,60.03,36.66,3.13,220.24,14.73,0
2026-07-20 08:56:23,MC_05,63.55,39.58,2.97,212.46,11.39,0
2026-07-20 09:01:23,MC_01,56.94,38.92,2.68,223.51,14.08,0
2026-07-20 09:01:23,MC_02,68.02,40.94,2.22,221.25,11.76,0
2026-07-20 09:01:23,MC_03,68.54,36.97,2.76,216.43,11.88,0
2026-07-20 09:01:23,MC_04,57.34,32.74,2.24,240.08,9.69,0
2026-07-20 09:01:23,MC_05,59.1,36.94,2.98,220.75,11.06,0
2026-07-20 09:06:23,MC_01,64.29,42.35,1.85,228.79,14.27,0
2026-07-20 09:06:23,MC_02,54.66,29.71,3.31,215.15,12.53,0
2026-07-20 09:06:23,MC_03,60.99,35.47,2.9,224.19,11.63,0
2026-07-20 09:06:23,MC_04,65.54,34.07,3.56,218.78,11.82,0
2026-07-20 09:06:23,MC_05,68.01,39.78,2.45,215.43,11.13,0
2026-07-20 09:11:23,MC_01,49.6,39.07,1.81,223.26,11.67,0
2026-07-20 09:11:23,MC_02,52.02,46.1,2.29,222.58,14.47,0
2026-07-20 09:11:23,MC_03,67.19,38.82,3.04,219.63,12.26,0
2026-07-20 09:11:23,MC_04,60.78,37.39,1.85,217.77,11.6,0
2026-07-20 09:11:23,MC_05,65.39,44.13,3.17,218.99,11.23,0
2026-07-20 09:16:23,MC_01,79.38,47.43,8.44,218.46,20.68,1
2026-07-20 09:16:23,MC_02,61.15,35.82,2.9,209.04,11.06,0
2026-07-20 09:16:23,MC_03,59.8,43.62,2.49,215.35,13.41,0
2026-07-20 09:16:23,MC_04,55.54,29.81,2.05,214.96,11.08,0
2026-07-20 09:16:23,MC_05,55.79,40.45,2.94,225.38,13.26,0
2026-07-20 09:21:23,MC_01,55.51,40.24,3.28,212.08,14.02,0
2026-07-20 09:21:23,MC_02,55.02,40.76,3.61,218.5,9.54,0
2026-07-20 09:21:23,MC_03,62.77,43.53,2.48,222.18,12.22,0
2026-07-20 09:21:23,MC_04,68.96,38.52,2.16,224.4,10.61,0
2026-07-20 09:21:23,MC_05,61.96,39.32,2.45,232.19,13.85,0
2026-07-20 09:26:23,MC_01,65.11,41.05,2.79,220.99,12.14,0
2026-07-20 09:26:23,MC_02,58.01,41.09,2.24,223.52,8.98,0
2026-07-20 09:26:23,MC_03,66.79,41.64,2.77,230.39,12.44,0
2026-07-20 09:26:23,MC_04,67.95,49.7,2.41,222.71,11.89,0
2026-07-20 09:26:23,MC_05,59.53,30.66,2.66,226.01,12.33,0
2026-07-20 09:31:23,MC_01,60.55,42.23,2.77,210.21,12.17,0
2026-07-20 09:31:23,MC_02,52.14,39.85,2.25,225.17,12.37,0
2026-07-20 09:31:23,MC_03,65.26,33.61,2.05,226.43,11.35,0
2026-07-20 09:31:23,MC_04,49.27,45.81,3.04,223.55,12.14,0
2026-07-20 09:31:23,MC_05,67.74,42.78,2.56,218.0,10.1,0
2026-07-20 09:36:23,MC_01,62.51,42.34,2.33,223.07,11.5,0
2026-07-20 09:36:23,MC_02,64.34,36.47,1.97,218.8,13.24,0
2026-07-20 09:36:23,MC_03,54.21,39.01,1.79,206.95,12.55,0
2026-07-20 09:36:23,MC_04,57.42,41.77,2.32,219.01,11.4,0
2026-07-20 09:36:23,MC_05,57.09,36.99,1.99,218.1,11.04,0
2026-07-20 09:41:23,MC_01,66.16,40.0,2.53,216.54,13.6,0
2026-07-20 09:41:23,MC_02,68.69,39.34,2.24,221.71,12.19,0
2026-07-20 09:41:23,MC_03,64.69,36.86,3.77,212.34,10.72,0
2026-07-20 09:41:23,MC_04,61.17,48.99,2.22,214.67,12.82,0
2026-07-20 09:41:23,MC_05,58.76,42.66,2.46,215.71,15.52,0
2026-07-20 09:46:23,MC_01,45.23,37.02,3.44,213.14,13.51,0
2026-07-20 09:46:23,MC_02,54.26,37.0,2.51,215.87,8.95,0
2026-07-20 09:46:23,MC_03,62.32,40.69,2.98,219.62,13.52,0
2026-07-20 09:46:23,MC_04,66.88,45.42,2.79,215.55,10.55,0
2026-07-20 09:46:23,MC_05,66.64,49.37,2.73,214.46,11.59,0
2026-07-20 09:51:23,MC_01,66.25,36.17,1.83,223.01,11.24,0
2026-07-20 09:51:23,MC_02,72.12,44.85,2.87,223.17,11.82,0
2026-07-20 09:51:23,MC_03,66.59,26.26,2.28,212.02,11.25,0
2026-07-20 09:51:23,MC_04,59.63,40.83,3.54,218.24,13.44,0
2026-07-20 09:51:23,MC_05,57.71,34.89,2.1,228.51,12.34,0
2026-07-20 09:56:23,MC_01,63.94,42.71,3.13,221.59,12.73,0
2026-07-20 09:56:23,MC_02,53.83,42.83,3.17,222.02,9.3,0
2026-07-20 09:56:23,MC_03,68.18,43.81,3.04,211.0,12.18,0
2026-07-20 09:56:23,MC_04,62.29,45.79,2.77,219.63,12.29,0
2026-07-20 09:56:23,MC_05,67.62,37.49,2.08,225.12,10.68,0
2026-07-20 10:01:23,MC_01,48.22,41.91,2.56,210.45,10.95,0
2026-07-20 10:01:23,MC_02,50.97,43.4,2.99,217.41,12.82,0
2026-07-20 10:01:23,MC_03,79.2,44.7,2.31,165.17,28.05,1
2026-07-20 10:01:23,MC_04,58.9,36.75,2.32,221.08,12.64,0
2026-07-20 10:01:23,MC_05,54.99,37.78,2.85,224.53,13.53,0
2026-07-20 10:06:23,MC_01,59.98,38.58,2.59,225.44,9.1,0
2026-07-20 10:06:23,MC_02,51.98,45.27,1.85,220.54,13.54,0
2026-07-20 10:06:23,MC_03,82.41,65.69,8.01,218.76,18.15,1
2026-07-20 10:06:23,MC_04,58.17,44.73,2.05,207.71,11.8,0
2026-07-20 10:06:23,MC_05,68.24,40.14,1.81,211.88,13.8,0
2026-07-20 10:11:23,MC_01,63.27,36.92,3.08,215.38,9.83,0
2026-07-20 10:11:23,MC_02,55.67,43.07,3.07,218.02,9.2,0
2026-07-20 10:11:23,MC_03,52.22,35.73,1.85,221.33,14.91,0
2026-07-20 10:11:23,MC_04,63.98,35.49,2.15,217.5,12.58,0
2026-07-20 10:11:23,MC_05,67.69,48.42,2.33,218.12,11.46,0
2026-07-20 10:16:23,MC_01,60.31,33.8,2.23,221.65,13.31,0
2026-07-20 10:16:23,MC_02,56.74,30.93,1.95,211.16,11.22,0
2026-07-20 10:16:23,MC_03,58.86,41.88,2.35,222.35,12.17,0
2026-07-20 10:16:23,MC_04,62.92,46.59,3.77,224.68,14.19,0
2026-07-20 10:16:23,MC_05,62.31,39.58,2.8,217.4,11.78,0
2026-07-20 10:21:23,MC_01,55.2,40.13,2.75,222.93,13.16,0
2026-07-20 10:21:23,MC_02,58.93,32.12,2.77,221.49,13.52,0
2026-07-20 10:21:23,MC_03,59.54,43.55,2.74,219.27,9.5,0
2026-07-20 10:21:23,MC_04,54.87,38.73,2.52,225.75,12.92,0
2026-07-20 10:21:23,MC_05,55.77,37.55,2.03,222.95,10.96,0
2026-07-20 10:26:23,MC_01,58.03,42.63,2.11,220.76,14.48,0
2026-07-20 10:26:23,MC_02,55.42,36.03,3.22,226.28,11.06,0
2026-07-20 10:26:23,MC_03,56.77,36.15,2.38,212.73,13.91,0
2026-07-20 10:26:23,MC_04,62.18,35.05,2.25,220.32,13.01,0
2026-07-20 10:26:23,MC_05,58.89,44.76,2.64,230.66,13.59,0
2026-07-20 10:31:23,MC_01,60.22,42.52,2.37,218.65,10.04,0
2026-07-20 10:31:23,MC_02,55.96,37.38,2.45,219.7,12.58,0
2026-07-20 10:31:23,MC_03,57.65,41.78,3.07,226.33,11.6,0
2026-07-20 10:31:23,MC_04,63.06,35.42,2.14,214.13,11.93,0
2026-07-20 10:31:23,MC_05,58.07,33.09,3.16,217.21,13.48,0
2026-07-20 10:36:23,MC_01,57.54,40.35,3.44,217.67,11.33,0
2026-07-20 10:36:23,MC_02,60.77,53.34,2.36,213.65,10.5,0
2026-07-20 10:36:23,MC_03,58.63,46.26,2.72,225.42,12.58,0
2026-07-20 10:36:23,MC_04,57.17,37.78,2.67,229.71,9.69,0
2026-07-20 10:36:23,MC_05,49.85,38.95,3.02,220.26,10.25,0
2026-07-20 10:41:23,MC_01,63.14,38.76,2.46,222.14,12.31,0
2026-07-20 10:41:23,MC_02,57.29,44.13,2.9,211.13,11.65,0
2026-07-20 10:41:23,MC_03,62.68,38.32,2.43,216.65,12.56,0
2026-07-20 10:41:23,MC_04,63.39,48.68,2.41,212.76,11.24,0
2026-07-20 10:41:23,MC_05,52.59,36.99,2.23,214.59,12.33,0
2026-07-20 10:46:23,MC_01,59.6,42.23,2.25,214.35,11.19,0
2026-07-20 10:46:23,MC_02,51.91,47.15,2.57,216.02,11.43,0
2026-07-20 10:46:23,MC_03,47.75,40.43,2.66,213.66,10.21,0
2026-07-20 10:46:23,MC_04,65.31,38.47,2.67,224.89,9.56,0
2026-07-20 10:46:23,MC_05,69.23,43.7,2.99,221.46,14.14,0
2026-07-20 10:51:23,MC_01,66.61,29.24,2.72,223.62,9.44,0
2026-07-20 10:51:23,MC_02,61.41,39.62,2.03,225.55,11.37,0
2026-07-20 10:51:23,MC_03,61.35,45.26,2.04,220.04,11.26,0
2026-07-20 10:51:23,MC_04,58.64,41.25,2.76,222.15,9.26,0
2026-07-20 10:51:23,MC_05,68.66,42.47,2.59,218.47,15.91,0
2026-07-20 10:56:23,MC_01,63.02,37.38,2.53,215.35,13.02,0
2026-07-20 10:56:23,MC_02,64.91,39.78,2.79,223.15,9.81,0
2026-07-20 10:56:23,MC_03,68.66,42.89,1.26,216.72,13.26,0
2026-07-20 10:56:23,MC_04,60.46,44.92,2.56,227.12,10.53,0
2026-07-20 10:56:23,MC_05,59.36,38.89,2.39,216.48,11.31,0
2026-07-20 11:01:23,MC_01,48.49,40.24,1.12,219.03,11.43,0
2026-07-20 11:01:23,MC_02,62.71,43.39,1.74,218.58,14.29,0
2026-07-20 11:01:23,MC_03,67.02,37.84,3.06,215.45,7.67,0
2026-07-20 11:01:23,MC_04,66.14,41.75,2.75,214.54,10.48,0
2026-07-20 11:01:23,MC_05,59.41,40.88,3.25,223.62,11.29,0
2026-07-20 11:06:23,MC_01,52.98,35.27,3.16,224.36,12.58,0
2026-07-20 11:06:23,MC_02,65.14,38.78,2.24,220.39,11.28,0
2026-07-20 11:06:23,MC_03,71.06,38.46,1.97,227.94,11.15,0
2026-07-20 11:06:23,MC_04,63.93,42.7,2.47,215.14,11.93,0
2026-07-20 11:06:23,MC_05,54.15,46.87,1.96,218.75,11.21,0
2026-07-20 11:11:23,MC_01,55.36,33.23,1.78,216.7,14.51,0
2026-07-20 11:11:23,MC_02,61.74,41.53,2.74,217.63,11.04,0
2026-07-20 11:11:23,MC_03,53.44,37.6,2.36,221.72,11.94,0
2026-07-20 11:11:23,MC_04,58.17,38.01,2.68,210.43,12.5,0
2026-07-20 11:11:23,MC_05,59.02,43.66,1.86,219.55,11.71,0
2026-07-20 11:16:23,MC_01,65.18,46.99,1.28,224.07,10.95,0
2026-07-20 11:16:23,MC_02,61.47,45.74,2.25,218.2,13.18,0
2026-07-20 11:16:23,MC_03,57.8,43.47,1.71,218.29,12.42,0
2026-07-20 11:16:23,MC_04,61.48,37.89,2.4,214.09,11.28,0
2026-07-20 11:16:23,MC_05,52.37,36.34,3.39,218.77,12.43,0
2026-07-20 11:21:23,MC_01,61.62,38.67,2.5,224.03,11.22,0
2026-07-20 11:21:23,MC_02,53.34,43.72,2.83,217.82,10.0,0
2026-07-20 11:21:23,MC_03,91.49,52.19,8.06,212.65,23.06,1
2026-07-20 11:21:23,MC_04,63.29,36.71,2.13,221.08,12.41,0
2026-07-20 11:21:23,MC_05,58.89,43.62,2.53,217.57,11.02,0
2026-07-20 11:26:23,MC_01,56.39,40.43,2.08,219.16,11.92,0
2026-07-20 11:26:23,MC_02,64.04,36.93,3.17,216.51,13.55,0
2026-07-20 11:26:23,MC_03,61.11,42.06,2.79,218.82,15.89,0
2026-07-20 11:26:23,MC_04,69.73,41.35,1.84,215.0,11.6,0
2026-07-20 11:26:23,MC_05,59.52,32.04,1.42,220.07,14.39,0
2026-07-20 11:31:23,MC_01,59.91,41.49,2.24,214.5,12.97,0
2026-07-20 11:31:23,MC_02,81.21,58.12,9.41,216.57,17.47,1
2026-07-20 11:31:23,MC_03,62.84,37.89,2.78,219.88,10.73,0
2026-07-20 11:31:23,MC_04,56.19,45.0,2.0,214.16,12.52,0
2026-07-20 11:31:23,MC_05,57.4,36.73,2.18,232.62,11.55,0
2026-07-20 11:36:23,MC_01,55.59,48.09,2.94,223.62,10.75,0
2026-07-20 11:36:23,MC_02,65.96,43.27,2.57,211.42,11.97,0
2026-07-20 11:36:23,MC_03,68.65,39.09,2.42,216.0,11.94,0
2026-07-20 11:36:23,MC_04,56.23,45.1,2.88,223.17,12.65,0
2026-07-20 11:36:23,MC_05,55.35,35.17,1.98,221.53,10.82,0
2026-07-20 11:41:23,MC_01,64.12,36.98,2.62,221.64,11.28,0
2026-07-20 11:41:23,MC_02,58.8,36.15,2.39,223.74,10.29,0
2026-07-20 11:41:23,MC_03,57.56,42.07,1.46,229.28,13.57,0
2026-07-20 11:41:23,MC_04,52.31,35.52,2.98,221.97,12.19,0
2026-07-20 11:41:23,MC_05,63.77,42.41,3.1,214.91,13.93,0
2026-07-20 11:46:23,MC_01,58.68,32.49,2.98,210.88,10.55,0
2026-07-20 11:46:23,MC_02,57.74,32.19,1.95,221.22,11.48,0
2026-07-20 11:46:23,MC_03,58.68,38.7,1.68,219.0,10.14,0
2026-07-20 11:46:23,MC_04,72.61,43.87,2.43,222.9,8.87,0
2026-07-20 11:46:23,MC_05,83.97,37.09,2.19,178.01,26.74,1
2026-07-20 11:51:23,MC_01,56.76,41.53,2.79,219.02,12.98,0
2026-07-20 11:51:23,MC_02,67.81,45.73,2.72,218.44,9.66,0
2026-07-20 11:51:23,MC_03,53.04,37.37,2.48,221.35,10.46,0
2026-07-20 11:51:23,MC_04,48.1,38.25,1.48,218.4,12.56,0
2026-07-20 11:51:23,MC_05,58.53,32.12,2.54,216.08,10.01,0
2026-07-20 11:56:23,MC_01,63.39,41.08,2.19,219.22,12.24,0
2026-07-20 11:56:23,MC_02,54.54,41.99,3.28,222.96,12.18,0
2026-07-20 11:56:23,MC_03,54.86,35.95,2.86,226.65,13.11,0
2026-07-20 11:56:23,MC_04,57.66,36.48,2.06,226.99,10.34,0
2026-07-20 11:56:23,MC_05,57.26,35.94,2.46,211.51,11.7,0
2026-07-20 12:01:23,MC_01,69.39,42.97,1.91,220.54,11.9,0
2026-07-20 12:01:23,MC_02,69.33,41.07,1.97,212.38,11.66,0
2026-07-20 12:01:23,MC_03,59.5,37.32,1.53,221.17,12.61,0
2026-07-20 12:01:23,MC_04,63.35,41.6,2.59,207.13,9.75,0
2026-07-20 12:01:23,MC_05,61.34,42.61,2.84,220.93,12.74,0
2026-07-20 12:06:23,MC_01,67.67,41.83,2.91,227.75,10.36,0
2026-07-20 12:06:23,MC_02,52.77,39.0,3.41,220.02,12.02,0
2026-07-20 12:06:23,MC_03,58.0,38.13,3.24,220.93,11.38,0
2026-07-20 12:06:23,MC_04,57.74,38.74,2.31,210.85,15.85,0
2026-07-20 12:06:23,MC_05,56.53,29.05,2.43,220.6,11.18,0
2026-07-20 12:11:23,MC_01,61.44,41.69,1.92,214.22,11.02,0
2026-07-20 12:11:23,MC_02,70.0,37.11,2.02,217.5,11.21,0
2026-07-20 12:11:23,MC_03,56.37,46.25,2.47,219.01,12.04,0
2026-07-20 12:11:23,MC_04,64.57,44.07,1.97,215.81,12.16,0
2026-07-20 12:11:23,MC_05,54.49,36.55,3.06,218.17,11.31,0
2026-07-20 12:16:23,MC_01,55.86,34.84,2.15,219.42,12.96,0
2026-07-20 12:16:23,MC_02,57.29,37.59,2.17,218.11,13.33,0
2026-07-20 12:16:23,MC_03,63.37,35.53,2.32,225.83,8.84,0
2026-07-20 12:16:23,MC_04,63.12,41.68,2.81,222.45,16.2,0
2026-07-20 12:16:23,MC_05,68.92,38.5,3.07,225.94,10.72,0
2026-07-20 12:21:23,MC_01,50.0,32.67,3.09,226.8,12.03,0
2026-07-20 12:21:23,MC_02,61.62,42.72,2.49,217.84,11.58,0
2026-07-20 12:21:23,MC_03,56.13,42.61,2.43,215.9,13.69,0
2026-07-20 12:21:23,MC_04,62.76,41.83,2.33,233.85,15.42,0
2026-07-20 12:21:23,MC_05,55.51,32.5,3.35,219.25,10.36,0
2026-07-20 12:26:23,MC_01,51.34,41.65,3.04,224.48,10.07,0
2026-07-20 12:26:23,MC_02,56.91,34.13,1.81,224.68,13.38,0
2026-07-20 12:26:23,MC_03,60.64,36.23,2.47,219.2,11.34,0
2026-07-20 12:26:23,MC_04,62.7,41.34,1.78,229.97,12.87,0
2026-07-20 12:26:23,MC_05,52.04,40.72,2.78,221.94,13.63,0
2026-07-20 12:31:23,MC_01,62.52,34.38,1.96,218.48,9.45,0
2026-07-20 12:31:23,MC_02,84.31,54.71,8.15,228.21,22.61,1
2026-07-20 12:31:23,MC_03,58.46,35.98,2.26,220.64,11.31,0
2026-07-20 12:31:23,MC_04,69.59,37.53,1.97,224.04,13.4,0
2026-07-20 12:31:23,MC_05,50.5,44.88,2.93,217.8,12.09,0
2026-07-20 12:36:23,MC_01,58.87,37.52,2.14,221.55,12.08,0
2026-07-20 12:36:23,MC_02,61.0,36.48,3.24,217.73,13.78,0
2026-07-20 12:36:23,MC_03,75.7,39.47,3.52,218.6,12.37,0
2026-07-20 12:36:23,MC_04,63.78,40.37,2.74,221.07,11.09,0
2026-07-20 12:36:23,MC_05,58.66,44.98,3.43,217.39,12.2,0
2026-07-20 12:41:23,MC_01,62.82,43.11,1.96,218.13,11.29,0
2026-07-20 12:41:23,MC_02,52.46,40.64,2.63,221.97,12.66,0
2026-07-20 12:41:23,MC_03,56.21,42.62,2.43,225.63,12.84,0
2026-07-20 12:41:23,MC_04,69.59,41.36,2.46,222.67,12.99,0
2026-07-20 12:41:23,MC_05,84.09,47.99,9.5,217.96,26.18,1
2026-07-20 12:46:23,MC_01,50.07,43.17,2.72,223.43,12.11,0
2026-07-20 12:46:23,MC_02,59.9,35.61,3.23,218.45,9.42,0
2026-07-20 12:46:23,MC_03,55.88,32.17,2.11,228.79,12.69,0
2026-07-20 12:46:23,MC_04,59.31,44.46,1.59,234.7,10.68,0
2026-07-20 12:46:23,MC_05,58.75,37.31,2.94,225.7,13.43,0
2026-07-20 12:51:23,MC_01,59.07,39.65,2.01,220.89,14.7,0
2026-07-20 12:51:23,MC_02,59.15,43.54,2.17,217.93,12.78,0
2026-07-20 12:51:23,MC_03,55.05,41.73,3.03,220.81,13.3,0
2026-07-20 12:51:23,MC_04,53.54,41.54,3.29,205.08,11.07,0
2026-07-20 12:51:23,MC_05,48.55,35.08,2.26,224.3,13.21,0
2026-07-20 12:56:23,MC_01,63.89,43.21,2.16,222.24,10.62,0
2026-07-20 12:56:23,MC_02,61.73,36.64,2.83,213.43,14.55,0
2026-07-20 12:56:23,MC_03,56.24,38.35,2.04,226.73,13.13,0
2026-07-20 12:56:23,MC_04,57.35,37.56,1.59,221.36,12.52,0
2026-07-20 12:56:23,MC_05,60.61,36.42,2.34,226.92,13.74,0
2026-07-20 13:01:23,MC_01,62.55,42.54,3.24,223.48,14.47,0
2026-07-20 13:01:23,MC_02,60.14,40.95,2.05,216.44,11.37,0
2026-07-20 13:01:23,MC_03,63.67,43.18,1.8,221.55,11.9,0
2026-07-20 13:01:23,MC_04,65.26,38.05,1.9,208.72,11.92,0
2026-07-20 13:01:23,MC_05,53.58,34.59,2.61,228.49,13.94,0
2026-07-20 13:06:23,MC_01,58.53,39.42,1.83,205.9,12.27,0
2026-07-20 13:06:23,MC_02,52.86,38.95,2.23,227.16,14.13,0
2026-07-20 13:06:23,MC_03,55.75,41.17,2.03,220.6,8.81,0
2026-07-20 13:06:23,MC_04,61.93,38.22,2.54,214.9,14.11,0
2026-07-20 13:06:23,MC_05,67.24,42.84,2.37,215.88,13.27,0
2026-07-20 13:11:23,MC_01,65.29,38.21,2.07,224.73,10.82,0
2026-07-20 13:11:23,MC_02,60.63,41.37,1.91,217.51,15.62,0
2026-07-20 13:11:23,MC_03,64.74,39.08,1.87,210.5,13.82,0
2026-07-20 13:11:23,MC_04,66.18,44.54,1.76,229.99,13.11,0
2026-07-20 13:11:23,MC_05,56.58,34.66,2.89,214.48,10.0,0
2026-07-20 13:16:23,MC_01,62.42,38.8,2.3,209.82,12.75,0
2026-07-20 13:16:23,MC_02,63.8,41.33,2.13,217.92,12.82,0
2026-07-20 13:16:23,MC_03,59.74,39.0,2.55,216.03,11.85,0
2026-07-20 13:16:23,MC_04,58.17,35.33,2.22,223.07,11.64,0
2026-07-20 13:16:23,MC_05,54.24,44.48,2.43,215.02,13.44,0
2026-07-20 13:21:23,MC_01,55.15,34.79,1.98,216.95,9.16,0
2026-07-20 13:21:23,MC_02,51.37,39.34,2.47,222.82,10.77,0
2026-07-20 13:21:23,MC_03,55.21,42.44,2.53,214.77,10.54,0
2026-07-20 13:21:23,MC_04,62.4,43.56,3.12,218.87,12.25,0
2026-07-20 13:21:23,MC_05,63.35,35.41,3.02,226.82,10.89,0
2026-07-20 13:26:23,MC_01,74.35,31.69,2.45,222.11,12.46,0
2026-07-20 13:26:23,MC_02,63.4,42.37,2.97,220.59,11.95,0
2026-07-20 13:26:23,MC_03,62.56,46.08,2.96,222.12,9.95,0
2026-07-20 13:26:23,MC_04,64.15,42.19,2.33,225.26,10.21,0
2026-07-20 13:26:23,MC_05,60.28,43.65,2.54,219.89,10.17,0
2026-07-20 13:31:23,MC_01,59.22,42.69,1.95,215.19,12.63,0
2026-07-20 13:31:23,MC_02,64.13,48.06,2.36,218.76,13.25,0
2026-07-20 13:31:23,MC_03,59.86,37.49,1.92,219.32,14.28,0
2026-07-20 13:31:23,MC_04,56.41,42.13,2.71,226.35,13.59,0
2026-07-20 13:31:23,MC_05,56.25,42.76,2.45,224.25,12.63,0
2026-07-20 13:36:23,MC_01,57.63,40.74,2.09,219.24,13.63,0
2026-07-20 13:36:23,MC_02,66.82,34.94,3.15,213.2,12.02,0
2026-07-20 13:36:23,MC_03,55.94,32.94,2.17,216.37,11.14,0
2026-07-20 13:36:23,MC_04,59.58,46.2,2.62,224.41,12.87,0
2026-07-20 13:36:23,MC_05,55.51,32.9,2.74,219.11,10.88,0
2026-07-20 13:41:23,MC_01,51.38,35.13,1.53,217.81,11.06,0
2026-07-20 13:41:23,MC_02,60.8,36.85,3.55,223.07,12.77,0
2026-07-20 13:41:23,MC_03,58.77,39.19,2.26,218.26,13.24,0
2026-07-20 13:41:23,MC_04,59.71,33.01,2.03,228.2,15.01,0
2026-07-20 13:41:23,MC_05,62.13,45.05,3.43,214.25,12.31,0
2026-07-20 13:46:23,MC_01,58.39,36.0,2.7,216.52,11.95,0
2026-07-20 13:46:23,MC_02,61.6,39.64,2.86,215.58,12.15,0
2026-07-20 13:46:23,MC_03,63.17,41.46,2.84,215.47,11.09,0
2026-07-20 13:46:23,MC_04,56.26,41.3,2.32,215.31,13.05,0
2026-07-20 13:46:23,MC_05,52.95,37.34,2.79,223.76,12.35,0
2026-07-20 13:51:23,MC_01,59.55,36.6,3.71,220.67,10.07,0
2026-07-20 13:51:23,MC_02,58.34,38.76,2.44,222.82,10.6,0
2026-07-20 13:51:23,MC_03,61.74,41.14,2.77,219.81,9.65,0
2026-07-20 13:51:23,MC_04,61.14,36.5,3.36,228.77,10.28,0
2026-07-20 13:51:23,MC_05,55.72,30.77,2.87,217.13,12.41,0
2026-07-20 13:56:23,MC_01,57.3,45.16,2.49,214.87,11.78,0
2026-07-20 13:56:23,MC_02,62.57,39.19,1.95,230.1,9.73,0
2026-07-20 13:56:23,MC_03,71.37,40.86,2.06,226.64,12.92,0
2026-07-20 13:56:23,MC_04,59.31,31.2,1.64,219.89,11.52,0
2026-07-20 13:56:23,MC_05,59.55,34.47,2.08,223.77,10.77,0
2026-07-20 14:01:23,MC_01,65.93,37.94,2.35,218.5,12.87,0
2026-07-20 14:01:23,MC_02,61.26,40.56,2.46,217.15,13.65,0
2026-07-20 14:01:23,MC_03,61.0,38.31,3.7,226.15,11.19,0
2026-07-20 14:01:23,MC_04,70.26,43.53,2.71,220.83,13.52,0
2026-07-20 14:01:23,MC_05,53.23,36.58,3.5,223.26,12.81,0
2026-07-20 14:06:23,MC_01,60.54,43.98,3.33,223.39,11.26,0
2026-07-20 14:06:23,MC_02,59.42,39.37,2.23,216.68,11.82,0
2026-07-20 14:06:23,MC_03,52.08,44.26,2.24,219.41,12.84,0
2026-07-20 14:06:23,MC_04,58.56,37.05,2.64,230.99,13.18,0
2026-07-20 14:06:23,MC_05,56.21,35.87,2.8,218.37,12.48,0
2026-07-20 14:11:23,MC_01,57.04,35.98,1.83,215.4,11.36,0
2026-07-20 14:11:23,MC_02,64.44,38.23,2.99,221.46,14.73,0
2026-07-20 14:11:23,MC_03,66.24,42.52,2.41,217.56,9.08,0
2026-07-20 14:11:23,MC_04,58.8,40.21,1.72,215.04,12.58,0
2026-07-20 14:11:23,MC_05,53.67,39.82,1.8,222.63,12.99,0
2026-07-20 14:16:23,MC_01,66.17,32.95,2.5,222.29,12.18,0
2026-07-20 14:16:23,MC_02,60.13,42.98,1.77,220.95,10.1,0
2026-07-20 14:16:23,MC_03,59.1,36.75,2.3,217.14,12.95,0
2026-07-20 14:16:23,MC_04,61.46,41.15,1.97,218.68,12.36,0
2026-07-20 14:16:23,MC_05,55.6,36.02,1.91,221.01,11.56,0
2026-07-20 14:21:23,MC_01,60.35,40.48,2.63,227.21,10.86,0
2026-07-20 14:21:23,MC_02,62.44,38.76,2.88,216.35,11.3,0
2026-07-20 14:21:23,MC_03,59.07,39.08,2.69,221.3,12.4,0
2026-07-20 14:21:23,MC_04,66.61,39.17,3.03,214.68,11.81,0
2026-07-20 14:21:23,MC_05,59.66,34.77,2.52,220.58,12.9,0
2026-07-20 14:26:23,MC_01,62.41,38.15,2.2,222.45,13.28,0
2026-07-20 14:26:23,MC_02,64.56,36.28,1.1,222.69,13.37,0
2026-07-20 14:26:23,MC_03,52.03,39.92,2.25,220.64,8.9,0
2026-07-20 14:26:23,MC_04,59.33,46.02,2.79,215.18,13.08,0
2026-07-20 14:26:23,MC_05,68.54,43.3,2.42,209.42,12.83,0
2026-07-20 14:31:23,MC_01,54.5,35.78,2.16,219.16,12.81,0
2026-07-20 14:31:23,MC_02,54.39,43.71,2.34,208.82,14.4,0
2026-07-20 14:31:23,MC_03,60.61,44.51,2.47,220.34,12.27,0
2026-07-20 14:31:23,MC_04,62.09,39.72,2.79,227.58,11.99,0
2026-07-20 14:31:23,MC_05,57.75,41.33,2.72,225.65,9.7,0
2026-07-20 14:36:23,MC_01,61.11,30.33,2.31,224.07,10.78,0
2026-07-20 14:36:23,MC_02,61.5,40.92,2.18,213.43,13.42,0
2026-07-20 14:36:23,MC_03,76.69,39.32,2.66,219.7,15.29,0
2026-07-20 14:36:23,MC_04,60.38,42.27,3.17,222.46,12.34,0
2026-07-20 14:36:23,MC_05,57.79,40.81,2.39,215.09,14.34,0
2026-07-20 14:41:23,MC_01,52.08,39.33,2.72,215.47,9.27,0
2026-07-20 14:41:23,MC_02,58.12,46.34,2.67,221.28,12.49,0
2026-07-20 14:41:23,MC_03,55.32,49.89,2.43,220.11,12.07,0
2026-07-20 14:41:23,MC_04,56.22,42.86,2.37,225.64,12.78,0
2026-07-20 14:41:23,MC_05,60.35,43.02,2.56,213.21,13.48,0
2026-07-20 14:46:23,MC_01,63.78,43.26,2.2,213.37,10.39,0
2026-07-20 14:46:23,MC_02,59.46,43.72,1.96,214.6,11.54,0
2026-07-20 14:46:23,MC_03,63.44,37.3,2.1,226.86,10.11,0
2026-07-20 14:46:23,MC_04,59.21,35.68,2.76,220.52,12.71,0
2026-07-20 14:46:23,MC_05,62.89,42.71,3.17,216.08,11.6,0
2026-07-20 14:51:23,MC_01,53.68,41.33,2.25,230.6,13.49,0
2026-07-20 14:51:23,MC_02,65.8,38.63,2.08,215.44,15.2,0
2026-07-20 14:51:23,MC_03,64.81,50.49,1.73,223.0,10.32,0
2026-07-20 14:51:23,MC_04,65.78,41.77,1.81,222.22,11.3,0
2026-07-20 14:51:23,MC_05,64.54,39.6,3.15,226.58,11.62,0
2026-07-20 14:56:23,MC_01,59.78,39.53,2.08,221.83,10.33,0
2026-07-20 14:56:23,MC_02,55.87,38.33,2.18,225.27,12.08,0
2026-07-20 14:56:23,MC_03,58.17,39.18,1.94,224.19,10.36,0
2026-07-20 14:56:23,MC_04,59.22,39.95,3.35,213.27,10.09,0
2026-07-20 14:56:23,MC_05,64.8,38.23,3.06,224.05,11.79,0
2026-07-20 15:01:23,MC_01,54.99,36.26,1.48,227.45,10.99,0
2026-07-20 15:01:23,MC_02,60.07,42.16,2.01,215.76,10.62,0
2026-07-20 15:01:23,MC_03,71.69,37.88,2.25,218.15,12.47,0
2026-07-20 15:01:23,MC_04,64.41,36.66,2.73,219.57,12.45,0
2026-07-20 15:01:23,MC_05,62.26,36.1,2.24,222.31,11.79,0
2026-07-20 15:06:23,MC_01,63.96,32.15,2.66,213.55,13.68,0
2026-07-20 15:06:23,MC_02,59.25,38.64,2.09,223.32,12.85,0
2026-07-20 15:06:23,MC_03,58.59,40.34,2.89,229.06,12.42,0
2026-07-20 15:06:23,MC_04,55.24,39.27,2.31,221.5,12.33,0
2026-07-20 15:06:23,MC_05,68.79,41.43,2.85,220.42,11.23,0
2026-07-20 15:11:23,MC_01,66.89,41.32,1.98,224.88,12.7,0
2026-07-20 15:11:23,MC_02,56.78,44.74,2.79,224.78,12.31,0
2026-07-20 15:11:23,MC_03,65.37,41.78,2.37,220.11,13.5,0
2026-07-20 15:11:23,MC_04,62.82,37.64,2.51,218.56,11.92,0
2026-07-20 15:11:23,MC_05,64.77,42.29,2.37,218.39,9.92,0
2026-07-20 15:16:23,MC_01,65.33,41.31,2.01,220.43,10.97,0
2026-07-20 15:16:23,MC_02,56.58,38.85,2.29,219.36,13.58,0
2026-07-20 15:16:23,MC_03,49.44,37.87,2.82,220.97,10.83,0
2026-07-20 15:16:23,MC_04,59.92,36.03,2.37,214.36,12.6,0
2026-07-20 15:16:23,MC_05,62.88,43.94,2.7,221.14,10.49,0
2026-07-20 15:21:23,MC_01,60.4,43.45,3.08,224.19,11.45,0
2026-07-20 15:21:23,MC_02,69.3,43.07,3.2,228.96,13.5,0
2026-07-20 15:21:23,MC_03,58.61,36.79,2.64,211.52,11.54,0
2026-07-20 15:21:23,MC_04,57.35,42.33,2.61,227.43,13.23,0
2026-07-20 15:21:23,MC_05,51.36,42.93,2.13,216.96,14.01,0
2026-07-20 15:26:23,MC_01,61.95,45.89,2.0,216.43,13.22,0
2026-07-20 15:26:23,MC_02,68.91,38.07,2.0,220.06,13.35,0
2026-07-20 15:26:23,MC_03,65.67,51.29,2.72,219.69,11.49,0
2026-07-20 15:26:23,MC_04,61.68,43.48,2.85,223.03,13.63,0
2026-07-20 15:26:23,MC_05,64.14,34.72,2.64,217.36,13.38,0
2026-07-20 15:31:23,MC_01,62.41,44.89,2.29,233.95,11.12,0
2026-07-20 15:31:23,MC_02,54.31,47.37,1.71,220.18,13.23,0
2026-07-20 15:31:23,MC_03,67.24,36.64,3.02,215.38,11.52,0
2026-07-20 15:31:23,MC_04,63.79,42.12,1.41,214.0,14.62,0
2026-07-20 15:31:23,MC_05,63.44,38.62,2.56,214.14,12.19,0
2026-07-20 15:36:23,MC_01,57.55,42.05,2.36,224.07,9.97,0
2026-07-20 15:36:23,MC_02,61.18,41.98,2.09,218.27,11.97,0
2026-07-20 15:36:23,MC_03,63.9,38.72,2.17,216.13,12.4,0
2026-07-20 15:36:23,MC_04,54.15,41.85,1.95,216.53,13.39,0
2026-07-20 15:36:23,MC_05,60.86,48.93,2.41,225.99,10.74,0
2026-07-20 15:41:23,MC_01,56.52,39.13,2.17,225.62,10.19,0
2026-07-20 15:41:23,MC_02,66.54,39.77,3.13,218.9,10.93,0
2026-07-20 15:41:23,MC_03,69.8,43.65,2.67,227.17,9.82,0
2026-07-20 15:41:23,MC_04,62.81,38.88,3.06,210.69,12.71,0
2026-07-20 15:41:23,MC_05,59.75,46.47,2.23,220.27,10.16,0
2026-07-20 15:46:23,MC_01,62.53,33.96,2.36,218.83,13.7,0
2026-07-20 15:46:23,MC_02,65.75,48.3,2.73,222.35,14.74,0
2026-07-20 15:46:23,MC_03,54.43,43.76,2.48,226.67,13.77,0
2026-07-20 15:46:23,MC_04,66.75,38.11,2.56,214.41,11.46,0
2026-07-20 15:46:23,MC_05,65.08,41.54,2.12,210.61,13.03,0
2026-07-20 15:51:23,MC_01,75.86,38.3,2.81,175.41,30.4,1
2026-07-20 15:51:23,MC_02,62.07,42.21,2.28,216.94,10.33,0
2026-07-20 15:51:23,MC_03,60.97,42.49,2.87,225.76,14.22,0
2026-07-20 15:51:23,MC_04,53.13,39.7,2.09,227.22,11.12,0
2026-07-20 15:51:23,MC_05,58.81,47.43,2.74,218.47,11.7,0
2026-07-20 15:56:23,MC_01,58.96,34.37,2.38,219.88,10.34,0
2026-07-20 15:56:23,MC_02,55.98,45.0,2.5,217.63,8.37,0
2026-07-20 15:56:23,MC_03,66.11,36.44,3.3,214.68,11.45,0
2026-07-20 15:56:23,MC_04,58.92,37.06,2.45,224.52,13.69,0
2026-07-20 15:56:23,MC_05,53.12,43.54,2.71,215.39,14.3,0
2026-07-20 16:01:23,MC_01,59.1,39.97,2.31,216.29,13.84,0
2026-07-20 16:01:23,MC_02,57.54,45.7,3.07,218.03,13.84,0
2026-07-20 16:01:23,MC_03,57.62,45.49,3.54,221.6,11.15,0
2026-07-20 16:01:23,MC_04,59.38,37.14,2.46,220.6,11.78,0
2026-07-20 16:01:23,MC_05,58.89,43.04,2.39,219.17,11.74,0
2026-07-20 16:06:23,MC_01,67.72,37.01,2.67,222.73,13.63,0
2026-07-20 16:06:23,MC_02,56.08,43.86,3.54,224.17,10.11,0
2026-07-20 16:06:23,MC_03,64.0,40.75,2.68,220.33,11.1,0
2026-07-20 16:06:23,MC_04,66.27,34.56,2.61,213.87,10.75,0
2026-07-20 16:06:23,MC_05,57.43,43.5,2.52,220.94,13.9,0
2026-07-20 16:11:23,MC_01,67.43,43.26,2.62,217.71,11.18,0
2026-07-20 16:11:23,MC_02,58.32,34.22,1.53,215.24,11.39,0
2026-07-20 16:11:23,MC_03,61.27,41.67,1.99,227.3,11.0,0
2026-07-20 16:11:23,MC_04,88.99,58.98,8.19,214.45,18.22,1
2026-07-20 16:11:23,MC_05,65.5,46.2,2.21,205.76,12.11,0
2026-07-20 16:16:23,MC_01,50.91,41.37,2.07,214.18,10.29,0
2026-07-20 16:16:23,MC_02,61.99,34.71,2.77,228.89,14.51,0
2026-07-20 16:16:23,MC_03,52.02,35.73,2.81,211.45,11.89,0
2026-07-20 16:16:23,MC_04,59.42,39.48,2.8,216.66,9.86,0
2026-07-20 16:16:23,MC_05,47.38,39.9,2.47,222.13,13.45,0
2026-07-20 16:21:23,MC_01,50.37,38.62,2.59,225.06,7.63,0
2026-07-20 16:21:23,MC_02,53.31,39.2,1.94,216.5,11.79,0
2026-07-20 16:21:23,MC_03,53.1,42.01,2.04,213.46,11.22,0
2026-07-20 16:21:23,MC_04,97.62,58.08,10.45,224.74,18.65,1
2026-07-20 16:21:23,MC_05,56.35,44.75,2.41,216.15,13.8,0
2026-07-20 16:26:23,MC_01,55.64,43.58,2.73,218.17,10.0,0
2026-07-20 16:26:23,MC_02,56.14,40.98,3.0,220.56,12.36,0
2026-07-20 16:26:23,MC_03,65.16,46.15,2.44,213.31,10.05,0
2026-07-20 16:26:23,MC_04,51.59,47.39,2.76,217.38,11.95,0
2026-07-20 16:26:23,MC_05,51.07,42.04,1.58,217.93,13.86,0
2026-07-20 16:31:23,MC_01,63.14,41.86,2.54,222.48,11.08,0
2026-07-20 16:31:23,MC_02,69.66,40.76,2.81,223.97,12.83,0
2026-07-20 16:31:23,MC_03,52.74,38.81,2.66,223.04,12.59,0
2026-07-20 16:31:23,MC_04,51.22,34.76,2.08,220.01,14.12,0
2026-07-20 16:31:23,MC_05,57.0,41.35,3.11,219.57,9.83,0
2026-07-20 16:36:23,MC_01,53.83,40.75,3.0,229.08,10.23,0
2026-07-20 16:36:23,MC_02,55.51,36.07,2.33,215.59,15.72,0
2026-07-20 16:36:23,MC_03,57.7,48.93,2.67,224.18,11.11,0
2026-07-20 16:36:23,MC_04,58.11,35.68,2.38,218.38,13.3,0
2026-07-20 16:36:23,MC_05,58.84,45.17,1.67,229.02,14.09,0
2026-07-20 16:41:23,MC_01,65.26,34.52,2.17,213.42,12.01,0
2026-07-20 16:41:23,MC_02,67.33,38.59,2.55,213.87,11.85,0
2026-07-20 16:41:23,MC_03,56.27,39.36,2.39,218.43,15.16,0
2026-07-20 16:41:23,MC_04,68.84,45.68,2.49,219.38,12.35,0
2026-07-20 16:41:23,MC_05,61.48,33.74,2.57,215.03,11.88,0
2026-07-20 16:46:23,MC_01,88.82,55.72,6.75,217.21,19.52,1
2026-07-20 16:46:23,MC_02,59.38,45.34,1.85,221.38,12.56,0
2026-07-20 16:46:23,MC_03,55.02,33.76,2.44,224.03,11.8,0
2026-07-20 16:46:23,MC_04,59.55,34.81,1.45,221.71,11.01,0
2026-07-20 16:46:23,MC_05,51.0,41.61,2.6,216.52,12.89,0
2026-07-20 16:51:23,MC_01,54.41,40.79,2.93,222.97,12.24,0
2026-07-20 16:51:23,MC_02,63.17,40.63,2.77,223.75,10.0,0
2026-07-20 16:51:23,MC_03,68.73,40.08,2.27,220.82,11.03,0
2026-07-20 16:51:23,MC_04,67.85,41.92,2.47,225.57,10.27,0
2026-07-20 16:51:23,MC_05,49.64,41.69,3.04,219.29,10.98,0
2026-07-20 16:56:23,MC_01,55.22,35.06,2.83,224.09,13.38,0
2026-07-20 16:56:23,MC_02,56.43,42.39,1.98,219.49,10.47,0
2026-07-20 16:56:23,MC_03,56.52,34.15,2.12,224.26,13.57,0
2026-07-20 16:56:23,MC_04,63.35,45.66,1.84,219.54,12.11,0
2026-07-20 16:56:23,MC_05,99.1,71.13,9.65,217.65,20.84,1
2026-07-20 17:01:23,MC_01,63.44,38.33,2.69,225.24,12.68,0
2026-07-20 17:01:23,MC_02,58.74,41.19,3.19,223.92,10.26,0
2026-07-20 17:01:23,MC_03,65.82,40.13,2.32,213.16,10.96,0
2026-07-20 17:01:23,MC_04,66.04,45.18,3.04,216.32,13.8,0
2026-07-20 17:01:23,MC_05,61.71,44.6,2.69,218.78,11.75,0
2026-07-20 17:06:23,MC_01,73.47,40.33,2.8,209.89,10.76,0
2026-07-20 17:06:23,MC_02,62.75,37.1,1.98,216.36,14.29,0
2026-07-20 17:06:23,MC_03,61.67,43.32,2.31,224.8,13.51,0
2026-07-20 17:06:23,MC_04,54.1,33.23,2.17,218.16,11.57,0
2026-07-20 17:06:23,MC_05,59.76,39.8,1.59,231.14,10.03,0
2026-07-20 17:11:23,MC_01,56.47,42.78,2.62,228.22,13.08,0
2026-07-20 17:11:23,MC_02,59.59,37.36,2.98,218.89,11.84,0
2026-07-20 17:11:23,MC_03,57.83,43.94,1.74,214.69,13.01,0
2026-07-20 17:11:23,MC_04,59.64,43.97,2.68,213.33,12.09,0
2026-07-20 17:11:23,MC_05,57.66,38.9,2.22,213.37,9.81,0
2026-07-20 17:16:23,MC_01,61.95,36.51,2.79,217.02,10.03,0
2026-07-20 17:16:23,MC_02,59.52,42.58,2.58,212.97,14.17,0
2026-07-20 17:16:23,MC_03,58.76,34.76,2.24,218.97,13.12,0
2026-07-20 17:16:23,MC_04,56.6,50.48,2.03,223.06,9.04,0
2026-07-20 17:16:23,MC_05,59.38,46.0,2.72,218.41,12.64,0
2026-07-20 17:21:23,MC_01,65.08,41.49,2.81,212.61,14.2,0
2026-07-20 17:21:23,MC_02,59.5,44.04,1.98,215.4,15.37,0
2026-07-20 17:21:23,MC_03,73.02,40.18,2.23,183.89,23.46,1
2026-07-20 17:21:23,MC_04,59.91,43.77,2.42,213.75,14.11,0
2026-07-20 17:21:23,MC_05,64.38,33.9,2.43,211.43,13.69,0
2026-07-20 17:26:23,MC_01,52.52,43.3,2.76,225.71,13.21,0
2026-07-20 17:26:23,MC_02,57.58,41.81,3.29,217.47,14.95,0
2026-07-20 17:26:23,MC_03,61.77,37.15,1.92,223.68,11.04,0
2026-07-20 17:26:23,MC_04,61.0,47.65,2.7,216.98,10.88,0
2026-07-20 17:26:23,MC_05,68.34,40.77,2.71,226.99,12.42,0
2026-07-20 17:31:23,MC_01,77.84,65.06,6.33,214.18,22.57,1
2026-07-20 17:31:23,MC_02,62.32,40.86,2.49,221.19,10.31,0
2026-07-20 17:31:23,MC_03,61.03,43.68,2.88,225.72,14.18,0
2026-07-20 17:31:23,MC_04,60.72,39.74,3.24,216.49,10.23,0
2026-07-20 17:31:23,MC_05,60.24,36.6,2.68,217.15,13.84,0
2026-07-20 17:36:23,MC_01,54.03,39.44,2.33,221.15,13.39,0
2026-07-20 17:36:23,MC_02,63.46,43.37,2.63,221.94,12.97,0
2026-07-20 17:36:23,MC_03,51.78,38.83,2.36,221.87,12.6,0
2026-07-20 17:36:23,MC_04,52.91,43.22,2.13,215.94,10.65,0
2026-07-20 17:36:23,MC_05,65.76,40.85,2.67,223.45,11.94,0
2026-07-20 17:41:23,MC_01,54.57,35.44,2.71,222.53,11.29,0
2026-07-20 17:41:23,MC_02,58.84,41.18,2.16,225.48,12.94,0
2026-07-20 17:41:23,MC_03,49.6,43.6,3.52,209.1,9.86,0
2026-07-20 17:41:23,MC_04,60.84,39.93,2.29,211.31,12.49,0
2026-07-20 17:41:23,MC_05,66.54,34.81,2.49,222.96,10.97,0
2026-07-20 17:46:23,MC_01,63.9,43.21,2.64,216.81,10.06,0
2026-07-20 17:46:23,MC_02,58.46,44.49,3.18,213.82,11.68,0
2026-07-20 17:46:23,MC_03,57.83,34.16,2.44,223.93,12.11,0
2026-07-20 17:46:23,MC_04,63.36,40.79,3.14,227.43,10.86,0
2026-07-20 17:46:23,MC_05,64.42,36.81,2.44,214.84,10.54,0
2026-07-20 17:51:23,MC_01,62.71,42.08,2.38,218.79,10.54,0
2026-07-20 17:51:23,MC_02,56.49,42.84,2.8,227.79,10.54,0
2026-07-20 17:51:23,MC_03,94.77,48.75,8.15,227.26,21.8,1
2026-07-20 17:51:23,MC_04,61.47,42.63,2.61,225.04,12.51,0
2026-07-20 17:51:23,MC_05,63.06,34.65,2.25,209.03,12.63,0
2026-07-20 17:56:23,MC_01,63.23,43.81,2.14,223.22,11.98,0
2026-07-20 17:56:23,MC_02,60.16,45.98,2.13,213.38,11.98,0
2026-07-20 17:56:23,MC_03,62.38,44.85,2.24,220.32,9.29,0
2026-07-20 17:56:23,MC_04,60.99,38.97,1.76,224.17,10.41,0
2026-07-20 17:56:23,MC_05,57.4,45.96,2.01,214.15,12.07,0
2026-07-20 18:01:23,MC_01,64.91,34.64,2.32,218.49,10.11,0
2026-07-20 18:01:23,MC_02,52.04,40.87,2.16,209.81,11.44,0
2026-07-20 18:01:23,MC_03,58.73,42.53,2.88,219.65,11.92,0
2026-07-20 18:01:23,MC_04,60.17,46.79,2.53,216.09,11.99,0
2026-07-20 18:01:23,MC_05,58.44,31.39,2.55,231.12,10.0,0
2026-07-20 18:06:23,MC_01,65.49,41.6,2.04,213.28,12.39,0
2026-07-20 18:06:23,MC_02,64.63,38.02,2.75,223.52,13.34,0
2026-07-20 18:06:23,MC_03,55.05,43.58,2.25,220.26,11.81,0
2026-07-20 18:06:23,MC_04,56.94,36.49,1.47,220.9,11.75,0
2026-07-20 18:06:23,MC_05,60.54,37.97,2.67,219.84,10.56,0
2026-07-20 18:11:23,MC_01,64.12,42.96,2.42,208.78,9.5,0
2026-07-20 18:11:23,MC_02,58.69,36.76,2.36,228.68,13.55,0
2026-07-20 18:11:23,MC_03,56.22,43.04,2.61,219.32,12.96,0
2026-07-20 18:11:23,MC_04,63.29,39.66,2.54,213.42,10.07,0
2026-07-20 18:11:23,MC_05,71.34,33.19,1.74,217.44,13.66,0
2026-07-20 18:16:23,MC_01,63.13,37.21,2.53,219.13,11.96,0
2026-07-20 18:16:23,MC_02,60.6,35.75,2.35,223.63,12.9,0
2026-07-20 18:16:23,MC_03,62.73,39.47,2.72,215.84,14.24,0
2026-07-20 18:16:23,MC_04,73.9,38.14,2.32,217.92,12.06,0
2026-07-20 18:16:23,MC_05,66.45,42.67,2.27,185.89,29.01,1
2026-07-20 18:21:23,MC_01,59.84,38.12,3.03,217.04,12.63,0
2026-07-20 18:21:23,MC_02,65.87,38.39,2.59,225.02,11.22,0
2026-07-20 18:21:23,MC_03,60.82,39.04,3.17,212.63,12.64,0
2026-07-20 18:21:23,MC_04,58.78,41.66,2.08,220.94,11.45,0
2026-07-20 18:21:23,MC_05,62.07,35.67,1.94,212.22,10.42,0
2026-07-20 18:26:23,MC_01,62.5,35.89,2.61,216.92,13.43,0
2026-07-20 18:26:23,MC_02,62.13,37.37,3.02,222.54,9.92,0
2026-07-20 18:26:23,MC_03,51.64,35.94,3.44,214.66,10.24,0
2026-07-20 18:26:23,MC_04,62.78,42.7,2.1,224.17,12.36,0
2026-07-20 18:26:23,MC_05,58.17,40.38,3.03,221.96,8.76,0
2026-07-20 18:31:23,MC_01,91.78,55.96,6.31,210.1,18.46,1
2026-07-20 18:31:23,MC_02,58.19,43.51,3.01,222.32,13.82,0
2026-07-20 18:31:23,MC_03,55.76,41.2,2.17,221.55,12.03,0
2026-07-20 18:31:23,MC_04,65.69,39.52,3.27,211.51,11.13,0
2026-07-20 18:31:23,MC_05,56.31,42.78,2.5,219.32,14.11,0
2026-07-20 18:36:23,MC_01,57.77,38.99,2.12,212.72,11.01,0
2026-07-20 18:36:23,MC_02,58.43,44.34,2.14,218.71,13.83,0
2026-07-20 18:36:23,MC_03,64.45,42.35,2.36,217.4,14.0,0
2026-07-20 18:36:23,MC_04,67.33,36.45,3.36,219.55,13.17,0
2026-07-20 18:36:23,MC_05,69.16,39.35,2.63,223.62,14.37,0
2026-07-20 18:41:23,MC_01,56.13,34.07,2.16,216.59,13.46,0
2026-07-20 18:41:23,MC_02,59.63,38.33,2.96,215.55,11.81,0
2026-07-20 18:41:23,MC_03,58.09,41.42,3.42,216.74,12.48,0
2026-07-20 18:41:23,MC_04,59.92,47.28,2.47,219.65,11.43,0
2026-07-20 18:41:23,MC_05,60.61,41.78,2.08,227.99,14.34,0
2026-07-20 18:46:23,MC_01,71.24,39.69,2.53,224.64,12.03,0
2026-07-20 18:46:23,MC_02,56.87,46.32,2.5,223.82,10.8,0
2026-07-20 18:46:23,MC_03,59.78,35.45,3.03,222.42,9.87,0
2026-07-20 18:46:23,MC_04,61.99,39.42,3.04,224.82,15.31,0
2026-07-20 18:46:23,MC_05,48.87,39.3,2.37,219.56,12.37,0
2026-07-20 18:51:23,MC_01,57.4,38.94,2.79,214.06,12.96,0
2026-07-20 18:51:23,MC_02,53.98,41.59,2.78,219.35,12.07,0
2026-07-20 18:51:23,MC_03,61.54,38.6,3.28,222.72,10.43,0
2026-07-20 18:51:23,MC_04,69.09,33.89,1.89,215.09,12.23,0
2026-07-20 18:51:23,MC_05,58.45,38.96,2.56,225.63,9.16,0
2026-07-20 18:56:23,MC_01,58.72,38.82,2.09,224.51,11.28,0
2026-07-20 18:56:23,MC_02,54.77,46.53,2.58,220.12,12.43,0
2026-07-20 18:56:23,MC_03,60.1,38.04,2.71,231.56,12.99,0
2026-07-20 18:56:23,MC_04,58.4,39.26,2.44,222.38,13.36,0
2026-07-20 18:56:23,MC_05,70.55,34.88,2.47,225.0,11.69,0
2026-07-20 19:01:23,MC_01,59.04,43.6,2.49,225.17,9.74,0
2026-07-20 19:01:23,MC_02,62.38,43.6,1.69,208.52,13.28,0
2026-07-20 19:01:23,MC_03,62.25,35.61,2.62,217.29,11.73,0
2026-07-20 19:01:23,MC_04,58.66,35.76,2.55,223.26,10.75,0
2026-07-20 19:01:23,MC_05,58.63,37.96,3.36,224.57,13.14,0
2026-07-20 19:06:23,MC_01,71.05,34.24,2.15,220.8,13.4,0
2026-07-20 19:06:23,MC_02,52.3,38.5,2.7,220.66,12.72,0
2026-07-20 19:06:23,MC_03,60.64,38.8,2.09,230.87,11.88,0
2026-07-20 19:06:23,MC_04,67.96,39.96,2.66,215.64,14.64,0
2026-07-20 19:06:23,MC_05,61.08,38.23,2.24,218.58,13.01,0
2026-07-20 19:11:23,MC_01,49.76,39.81,2.11,215.56,12.7,0
2026-07-20 19:11:23,MC_02,61.5,40.72,2.22,215.37,12.9,0
2026-07-20 19:11:23,MC_03,58.72,41.6,2.5,209.78,12.73,0
2026-07-20 19:11:23,MC_04,56.87,47.6,2.2,222.36,10.93,0
2026-07-20 19:11:23,MC_05,58.99,39.47,2.92,220.94,12.67,0
2026-07-20 19:16:23,MC_01,56.88,41.72,2.68,225.65,12.76,0
2026-07-20 19:16:23,MC_02,61.13,41.59,1.84,215.04,13.64,0
2026-07-20 19:16:23,MC_03,69.83,40.19,3.01,222.48,13.24,0
2026-07-20 19:16:23,MC_04,55.47,36.48,1.89,221.14,12.5,0
2026-07-20 19:16:23,MC_05,63.15,36.27,1.78,221.09,10.97,0
2026-07-20 19:21:23,MC_01,57.11,37.36,2.13,219.99,12.36,0
2026-07-20 19:21:23,MC_02,56.33,41.55,2.86,214.78,10.76,0
2026-07-20 19:21:23,MC_03,70.81,36.19,2.15,184.01,28.73,1
2026-07-20 19:21:23,MC_04,63.56,41.03,2.98,221.29,11.43,0
2026-07-20 19:21:23,MC_05,62.48,38.03,2.95,217.77,12.0,0
2026-07-20 19:26:23,MC_01,56.98,38.81,2.17,221.32,12.58,0
2026-07-20 19:26:23,MC_02,54.48,41.63,1.76,230.96,11.23,0
2026-07-20 19:26:23,MC_03,65.25,35.34,2.92,220.24,12.71,0
2026-07-20 19:26:23,MC_04,55.56,39.39,2.29,216.47,12.2,0
2026-07-20 19:26:23,MC_05,61.82,41.64,2.62,220.49,12.25,0
2026-07-20 19:31:23,MC_01,65.92,35.18,2.34,221.69,9.63,0
2026-07-20 19:31:23,MC_02,66.91,41.02,2.98,225.6,12.62,0
2026-07-20 19:31:23,MC_03,61.06,35.65,1.61,222.31,10.13,0
2026-07-20 19:31:23,MC_04,70.31,40.12,2.88,220.27,13.51,0
2026-07-20 19:31:23,MC_05,63.34,39.38,2.3,218.5,12.42,0
2026-07-20 19:36:23,MC_01,66.07,49.94,2.84,218.04,13.78,0
2026-07-20 19:36:23,MC_02,57.61,42.67,3.04,211.4,12.34,0
2026-07-20 19:36:23,MC_03,61.49,44.74,2.39,219.99,12.47,0
2026-07-20 19:36:23,MC_04,61.07,40.9,2.32,219.34,7.23,0
2026-07-20 19:36:23,MC_05,66.04,43.6,1.83,216.62,14.17,0
2026-07-20 19:41:23,MC_01,57.54,41.64,2.53,218.58,12.58,0
2026-07-20 19:41:23,MC_02,57.53,35.81,1.7,221.85,11.74,0
2026-07-20 19:41:23,MC_03,61.77,42.08,2.88,222.03,10.53,0
2026-07-20 19:41:23,MC_04,62.9,40.03,2.69,219.53,12.07,0
2026-07-20 19:41:23,MC_05,60.89,42.49,2.29,224.18,13.07,0
2026-07-20 19:46:23,MC_01,55.6,37.65,1.98,228.58,10.55,0
2026-07-20 19:46:23,MC_02,52.38,36.87,2.62,220.37,14.83,0
2026-07-20 19:46:23,MC_03,56.16,37.36,2.85,210.84,14.64,0
2026-07-20 19:46:23,MC_04,64.15,45.25,1.86,217.0,14.02,0
2026-07-20 19:46:23,MC_05,60.34,43.57,2.76,220.53,8.85,0
2026-07-20 19:51:23,MC_01,53.8,35.31,2.76,220.97,9.04,0
2026-07-20 19:51:23,MC_02,55.89,37.66,2.43,215.6,13.99,0
2026-07-20 19:51:23,MC_03,54.22,34.93,3.41,219.13,11.4,0
2026-07-20 19:51:23,MC_04,58.93,40.14,2.51,213.69,13.34,0
2026-07-20 19:51:23,MC_05,56.48,35.79,2.63,224.47,10.92,0
2026-07-20 19:56:23,MC_01,50.78,35.07,2.2,217.24,11.98,0
2026-07-20 19:56:23,MC_02,68.3,45.72,2.21,223.34,12.83,0
2026-07-20 19:56:23,MC_03,59.78,40.71,2.84,224.42,10.78,0
2026-07-20 19:56:23,MC_04,64.41,46.15,1.21,222.98,12.4,0
2026-07-20 19:56:23,MC_05,65.14,35.5,2.25,224.5,10.41,0
2026-07-20 20:01:23,MC_01,61.21,39.93,2.4,222.86,10.33,0
2026-07-20 20:01:23,MC_02,56.1,44.92,2.1,223.93,10.69,0
2026-07-20 20:01:23,MC_03,67.04,44.54,2.22,215.87,12.69,0
2026-07-20 20:01:23,MC_04,52.37,38.98,2.18,216.01,14.56,0
2026-07-20 20:01:23,MC_05,55.62,43.43,2.98,213.07,13.05,0
2026-07-20 20:06:23,MC_01,61.33,39.46,2.52,213.4,10.86,0
2026-07-20 20:06:23,MC_02,57.41,39.47,2.65,228.87,13.31,0
2026-07-20 20:06:23,MC_03,66.58,38.08,2.0,224.01,11.98,0
2026-07-20 20:06:23,MC_04,63.65,36.47,2.82,219.12,11.31,0
2026-07-20 20:06:23,MC_05,58.17,38.53,2.67,221.7,13.11,0
2026-07-20 20:11:23,MC_01,57.67,45.84,2.56,214.53,11.02,0
2026-07-20 20:11:23,MC_02,62.33,36.94,2.23,215.68,9.18,0
2026-07-20 20:11:23,MC_03,61.26,42.62,1.82,213.27,11.21,0
2026-07-20 20:11:23,MC_04,60.02,44.04,2.86,218.16,12.54,0
2026-07-20 20:11:23,MC_05,59.69,45.62,2.75,216.15,10.86,0
2026-07-20 20:16:23,MC_01,58.33,39.43,2.73,223.06,12.15,0
2026-07-20 20:16:23,MC_02,56.97,42.61,2.81,218.75,15.54,0
2026-07-20 20:16:23,MC_03,67.81,41.83,2.69,210.97,10.42,0
2026-07-20 20:16:23,MC_04,58.89,40.51,2.44,221.36,8.85,0
2026-07-20 20:16:23,MC_05,76.12,43.71,1.98,184.51,23.14,1
2026-07-20 20:21:23,MC_01,55.43,29.09,2.44,214.28,10.69,0
2026-07-20 20:21:23,MC_02,58.5,39.33,3.31,230.97,11.54,0
2026-07-20 20:21:23,MC_03,66.97,32.95,3.41,166.55,21.55,1
2026-07-20 20:21:23,MC_04,56.5,38.55,1.73,215.17,12.07,0
2026-07-20 20:21:23,MC_05,61.42,39.34,3.19,217.12,13.93,0
2026-07-20 20:26:23,MC_01,61.08,37.5,2.34,213.88,13.4,0
2026-07-20 20:26:23,MC_02,61.02,44.41,2.13,224.94,11.4,0
2026-07-20 20:26:23,MC_03,60.01,43.28,2.96,217.27,12.24,0
2026-07-20 20:26:23,MC_04,59.52,45.63,2.43,226.64,10.05,0
2026-07-20 20:26:23,MC_05,66.99,36.54,2.81,215.19,13.55,0
2026-07-20 20:31:23,MC_01,62.89,43.79,2.04,214.83,10.39,0
2026-07-20 20:31:23,MC_02,53.93,42.23,1.65,217.45,10.26,0
2026-07-20 20:31:23,MC_03,64.31,38.2,1.73,220.85,12.91,0
2026-07-20 20:31:23,MC_04,55.23,38.94,2.05,226.22,11.35,0
2026-07-20 20:31:23,MC_05,58.96,42.75,3.11,226.12,11.43,0
2026-07-20 20:36:23,MC_01,94.35,59.82,6.38,222.12,21.73,1
2026-07-20 20:36:23,MC_02,64.92,42.72,2.06,213.27,15.99,0
2026-07-20 20:36:23,MC_03,61.53,36.41,2.97,215.47,14.95,0
2026-07-20 20:36:23,MC_04,59.78,33.9,2.01,216.16,10.97,0
2026-07-20 20:36:23,MC_05,60.94,32.1,2.68,216.0,12.2,0
2026-07-20 20:41:23,MC_01,49.77,35.02,3.2,227.14,10.13,0
2026-07-20 20:41:23,MC_02,58.31,37.7,1.72,224.39,11.24,0
2026-07-20 20:41:23,MC_03,58.28,37.97,2.56,218.94,13.68,0
2026-07-20 20:41:23,MC_04,55.43,49.98,3.67,223.66,11.47,0
2026-07-20 20:41:23,MC_05,51.29,42.73,3.16,219.32,15.14,0
2026-07-20 20:46:23,MC_01,73.63,36.57,2.89,225.27,11.01,0
2026-07-20 20:46:23,MC_02,54.78,38.33,3.05,217.14,7.4,0
2026-07-20 20:46:23,MC_03,56.72,29.67,2.33,226.6,11.3,0
2026-07-20 20:46:23,MC_04,60.77,33.91,1.93,225.61,13.01,0
2026-07-20 20:46:23,MC_05,57.29,36.27,2.02,212.15,11.86,0
2026-07-20 20:51:23,MC_01,96.09,52.68,7.58,206.42,19.96,1
2026-07-20 20:51:23,MC_02,50.71,36.69,3.05,219.5,13.16,0
2026-07-20 20:51:23,MC_03,55.32,43.62,1.57,220.22,11.18,0
2026-07-20 20:51:23,MC_04,87.08,53.78,10.09,220.4,18.36,1
2026-07-20 20:51:23,MC_05,68.85,45.59,2.75,223.05,12.38,0
2026-07-20 20:56:23,MC_01,59.65,47.4,2.21,225.39,11.31,0
2026-07-20 20:56:23,MC_02,55.9,38.12,2.29,222.82,11.27,0
2026-07-20 20:56:23,MC_03,64.08,36.92,2.45,214.14,9.98,0
2026-07-20 20:56:23,MC_04,57.5,36.13,1.9,221.59,10.91,0
2026-07-20 20:56:23,MC_05,67.98,45.51,2.07,222.09,12.71,0
2026-07-20 21:01:23,MC_01,49.06,36.25,3.04,215.94,13.4,0
2026-07-20 21:01:23,MC_02,56.04,44.01,2.26,216.65,8.99,0
2026-07-20 21:01:23,MC_03,57.71,53.17,2.38,212.75,11.73,0
2026-07-20 21:01:23,MC_04,63.56,50.05,2.69,227.66,11.4,0
2026-07-20 21:01:23,MC_05,62.56,35.09,2.13,222.25,11.48,0
2026-07-20 21:06:23,MC_01,61.86,37.38,2.73,214.96,11.49,0
2026-07-20 21:06:23,MC_02,58.92,36.39,2.18,221.4,13.06,0
2026-07-20 21:06:23,MC_03,61.25,42.03,2.54,216.53,9.41,0
2026-07-20 21:06:23,MC_04,56.86,46.21,2.64,219.54,12.82,0
2026-07-20 21:06:23,MC_05,70.11,41.29,1.93,215.23,14.14,0
2026-07-20 21:11:23,MC_01,61.95,35.12,2.1,226.62,11.24,0
2026-07-20 21:11:23,MC_02,56.0,39.17,2.41,209.11,11.89,0
2026-07-20 21:11:23,MC_03,64.99,39.73,3.53,216.39,11.27,0
2026-07-20 21:11:23,MC_04,56.65,38.9,3.47,221.24,10.69,0
2026-07-20 21:11:23,MC_05,61.1,45.22,2.53,220.08,14.01,0
2026-07-20 21:16:23,MC_01,61.86,43.49,2.46,217.22,15.23,0
2026-07-20 21:16:23,MC_02,65.69,42.71,2.17,219.61,13.0,0
2026-07-20 21:16:23,MC_03,61.06,43.27,2.35,216.77,13.58,0
2026-07-20 21:16:23,MC_04,66.12,37.71,2.77,231.6,11.76,0
2026-07-20 21:16:23,MC_05,53.97,43.29,1.67,214.51,12.01,0
2026-07-20 21:21:23,MC_01,71.03,40.34,2.21,216.79,11.32,0
2026-07-20 21:21:23,MC_02,53.93,42.24,2.65,222.33,13.2,0
2026-07-20 21:21:23,MC_03,58.59,39.04,3.19,227.33,11.36,0
2026-07-20 21:21:23,MC_04,55.04,39.67,3.11,221.34,11.28,0
2026-07-20 21:21:23,MC_05,62.81,41.13,2.78,219.92,10.42,0
2026-07-20 21:26:23,MC_01,60.28,46.57,2.63,229.84,15.07,0
2026-07-20 21:26:23,MC_02,57.71,33.17,2.73,222.18,12.29,0
2026-07-20 21:26:23,MC_03,53.88,34.71,2.94,221.58,11.08,0
2026-07-20 21:26:23,MC_04,60.27,40.52,3.09,213.92,12.44,0
2026-07-20 21:26:23,MC_05,65.39,39.76,1.69,221.46,12.53,0
2026-07-20 21:31:23,MC_01,62.19,45.89,2.18,214.1,12.18,0
2026-07-20 21:31:23,MC_02,59.01,36.64,2.97,219.9,15.37,0
2026-07-20 21:31:23,MC_03,61.46,40.07,1.95,216.69,13.89,0
2026-07-20 21:31:23,MC_04,46.67,32.82,1.69,225.86,13.02,0
2026-07-20 21:31:23,MC_05,54.93,38.11,2.56,225.1,10.48,0
2026-07-20 21:36:23,MC_01,60.67,36.41,2.6,216.09,12.14,0
2026-07-20 21:36:23,MC_02,66.95,41.27,3.07,210.99,9.46,0
2026-07-20 21:36:23,MC_03,54.97,33.97,1.82,219.39,12.21,0
2026-07-20 21:36:23,MC_04,59.09,43.55,2.05,220.61,12.85,0
2026-07-20 21:36:23,MC_05,58.15,46.25,2.34,217.8,9.81,0
2026-07-20 21:41:23,MC_01,54.36,35.27,2.52,223.01,12.42,0
2026-07-20 21:41:23,MC_02,44.02,35.83,3.07,213.28,11.82,0
2026-07-20 21:41:23,MC_03,56.03,42.75,2.14,207.87,12.71,0
2026-07-20 21:41:23,MC_04,50.4,52.52,2.51,215.54,12.04,0
2026-07-20 21:41:23,MC_05,68.01,40.84,1.79,222.03,9.43,0
2026-07-20 21:46:23,MC_01,50.62,46.29,1.97,226.14,14.46,0
2026-07-20 21:46:23,MC_02,60.78,38.79,2.2,217.31,9.6,0
2026-07-20 21:46:23,MC_03,63.2,40.12,2.27,213.92,10.04,0
2026-07-20 21:46:23,MC_04,65.78,42.67,3.27,223.45,9.62,0
2026-07-20 21:46:23,MC_05,84.07,47.67,10.39,225.89,21.1,1
2026-07-20 21:51:23,MC_01,56.24,39.35,2.98,227.84,13.67,0
2026-07-20 21:51:23,MC_02,62.53,37.14,2.76,219.41,12.51,0
2026-07-20 21:51:23,MC_03,54.55,40.05,2.04,216.11,9.43,0
2026-07-20 21:51:23,MC_04,60.67,45.43,2.77,220.26,14.3,0
2026-07-20 21:51:23,MC_05,60.63,47.84,1.95,213.1,12.92,0
2026-07-20 21:56:23,MC_01,58.88,32.2,1.77,228.07,11.99,0
2026-07-20 21:56:23,MC_02,66.17,44.92,2.29,218.66,12.21,0
2026-07-20 21:56:23,MC_03,67.01,42.78,3.1,219.74,13.01,0
2026-07-20 21:56:23,MC_04,55.85,35.38,2.19,215.12,12.43,0
2026-07-20 21:56:23,MC_05,66.09,43.42,2.65,222.47,11.22,0
2026-07-20 22:01:23,MC_01,59.08,42.87,3.05,217.67,11.88,0
2026-07-20 22:01:23,MC_02,60.4,44.09,2.43,221.7,14.1,0
2026-07-20 22:01:23,MC_03,57.15,37.61,2.67,221.21,12.83,0
2026-07-20 22:01:23,MC_04,60.38,44.24,2.67,222.52,11.55,0
2026-07-20 22:01:23,MC_05,80.63,54.27,9.46,219.49,21.36,1
2026-07-20 22:06:23,MC_01,70.17,36.96,3.6,221.77,9.63,0
2026-07-20 22:06:23,MC_02,60.51,34.24,2.08,220.53,12.81,0
2026-07-20 22:06:23,MC_03,47.38,39.1,3.27,228.56,11.07,0
2026-07-20 22:06:23,MC_04,73.27,37.31,3.32,217.07,10.39,0
2026-07-20 22:06:23,MC_05,58.48,38.72,2.37,224.58,13.23,0
2026-07-20 22:11:23,MC_01,49.33,37.88,2.08,217.04,14.43,0
2026-07-20 22:11:23,MC_02,56.96,37.92,2.8,221.23,14.78,0
2026-07-20 22:11:23,MC_03,63.49,42.12,1.51,209.3,9.59,0
2026-07-20 22:11:23,MC_04,61.07,40.15,2.95,225.97,11.54,0
2026-07-20 22:11:23,MC_05,64.03,41.31,2.63,216.98,12.31,0
2026-07-20 22:16:23,MC_01,58.3,35.72,2.65,214.89,11.94,0
2026-07-20 22:16:23,MC_02,67.03,46.55,2.35,224.99,9.63,0
2026-07-20 22:16:23,MC_03,54.09,41.5,2.64,219.76,15.55,0
2026-07-20 22:16:23,MC_04,62.43,36.4,3.48,212.98,12.43,0
2026-07-20 22:16:23,MC_05,63.72,43.93,2.34,223.72,10.43,0
2026-07-20 22:21:23,MC_01,57.52,37.45,2.65,212.1,13.33,0
2026-07-20 22:21:23,MC_02,80.86,53.47,8.02,223.31,22.27,1
2026-07-20 22:21:23,MC_03,49.54,45.19,2.22,211.28,10.56,0
2026-07-20 22:21:23,MC_04,56.39,34.64,2.99,217.75,12.34,0
2026-07-20 22:21:23,MC_05,66.49,41.13,3.25,186.33,22.14,1
2026-07-20 22:26:23,MC_01,63.84,40.26,3.31,223.31,13.14,0
2026-07-20 22:26:23,MC_02,60.58,42.9,3.05,219.74,12.31,0
2026-07-20 22:26:23,MC_03,57.15,40.07,3.23,225.82,13.03,0
2026-07-20 22:26:23,MC_04,64.74,39.39,1.68,229.16,11.69,0
2026-07-20 22:26:23,MC_05,65.27,39.71,1.58,223.78,11.66,0
2026-07-20 22:31:23,MC_01,54.85,42.68,1.72,218.46,9.2,0
2026-07-20 22:31:23,MC_02,61.75,36.26,3.18,224.54,12.35,0
2026-07-20 22:31:23,MC_03,59.92,35.6,2.93,226.3,14.56,0
2026-07-20 22:31:23,MC_04,58.28,37.47,2.0,225.43,11.18,0
2026-07-20 22:31:23,MC_05,53.07,38.22,1.57,215.8,11.01,0
2026-07-20 22:36:23,MC_01,56.25,35.97,3.17,221.49,11.23,0
2026-07-20 22:36:23,MC_02,60.43,35.51,2.23,213.82,10.96,0
2026-07-20 22:36:23,MC_03,63.43,40.57,1.75,213.77,12.71,0
2026-07-20 22:36:23,MC_04,58.29,47.6,2.97,227.49,10.23,0
2026-07-20 22:36:23,MC_05,68.35,37.92,3.29,221.79,12.94,0
2026-07-20 22:41:23,MC_01,62.92,35.92,2.44,223.9,12.16,0
2026-07-20 22:41:23,MC_02,58.25,44.18,1.46,219.88,13.14,0
2026-07-20 22:41:23,MC_03,65.5,37.24,3.34,218.95,11.63,0
2026-07-20 22:41:23,MC_04,63.64,38.76,2.55,222.86,10.16,0
2026-07-20 22:41:23,MC_05,63.06,33.23,2.49,218.22,10.03,0
2026-07-20 22:46:23,MC_01,68.46,40.57,3.74,215.02,12.99,0
2026-07-20 22:46:23,MC_02,56.7,39.35,2.58,226.6,9.79,0
2026-07-20 22:46:23,MC_03,68.5,40.24,2.43,220.18,12.78,0
2026-07-20 22:46:23,MC_04,63.52,39.08,2.55,225.79,13.78,0
2026-07-20 22:46:23,MC_05,65.24,41.85,3.38,223.96,11.06,0
2026-07-20 22:51:23,MC_01,59.61,38.52,2.24,216.1,14.31,0
2026-07-20 22:51:23,MC_02,46.56,43.94,2.65,219.98,11.12,0
2026-07-20 22:51:23,MC_03,64.0,37.23,1.59,223.32,13.16,0
2026-07-20 22:51:23,MC_04,64.16,35.1,3.14,213.25,13.05,0
2026-07-20 22:51:23,MC_05,69.13,47.45,2.58,217.58,13.55,0
2026-07-20 22:56:23,MC_01,52.1,44.85,3.51,222.9,10.26,0
2026-07-20 22:56:23,MC_02,59.3,36.12,1.93,225.77,11.89,0
2026-07-20 22:56:23,MC_03,59.57,39.91,2.5,227.48,13.24,0
2026-07-20 22:56:23,MC_04,65.23,34.79,3.35,219.8,12.8,0
2026-07-20 22:56:23,MC_05,57.79,46.15,2.8,215.17,13.06,0
2026-07-20 23:01:23,MC_01,61.41,40.68,2.03,226.66,13.0,0
2026-07-20 23:01:23,MC_02,64.94,40.1,2.91,214.01,14.72,0
2026-07-20 23:01:23,MC_03,58.98,47.4,2.65,229.42,11.89,0
2026-07-20 23:01:23,MC_04,54.44,41.18,2.43,216.98,13.86,0
2026-07-20 23:01:23,MC_05,59.07,34.55,2.69,220.91,11.77,0
2026-07-20 23:06:23,MC_01,56.85,38.06,2.7,216.1,13.47,0
2026-07-20 23:06:23,MC_02,56.7,36.15,2.55,211.95,13.37,0
2026-07-20 23:06:23,MC_03,63.33,39.56,3.28,217.97,10.21,0
2026-07-20 23:06:23,MC_04,56.09,43.96,2.02,225.99,11.7,0
2026-07-20 23:06:23,MC_05,51.03,41.49,2.19,226.15,12.67,0
2026-07-20 23:11:23,MC_01,58.84,36.54,1.79,219.36,11.87,0
2026-07-20 23:11:23,MC_02,67.95,39.57,3.45,212.17,14.03,0
2026-07-20 23:11:23,MC_03,57.5,43.57,3.29,218.24,10.36,0
2026-07-20 23:11:23,MC_04,54.03,39.09,2.82,221.23,11.43,0
2026-07-20 23:11:23,MC_05,61.42,43.3,1.75,220.79,12.4,0
2026-07-20 23:16:23,MC_01,55.28,37.72,2.07,230.78,13.2,0
2026-07-20 23:16:23,MC_02,56.14,42.29,2.09,215.67,11.8,0
2026-07-20 23:16:23,MC_03,63.19,36.71,2.37,226.52,13.8,0
2026-07-20 23:16:23,MC_04,66.24,44.05,3.46,221.04,13.13,0
2026-07-20 23:16:23,MC_05,55.97,43.15,2.19,212.17,11.13,0
2026-07-20 23:21:23,MC_01,65.31,39.15,2.73,217.01,13.56,0
2026-07-20 23:21:23,MC_02,59.47,46.31,3.17,218.36,11.11,0
2026-07-20 23:21:23,MC_03,55.34,36.61,1.87,212.41,10.04,0
2026-07-20 23:21:23,MC_04,59.74,37.91,2.33,221.84,12.29,0
2026-07-20 23:21:23,MC_05,62.81,36.15,3.37,223.16,13.11,0
2026-07-20 23:26:23,MC_01,54.7,42.95,1.92,222.23,14.19,0
2026-07-20 23:26:23,MC_02,56.46,36.25,2.13,219.18,13.43,0
2026-07-20 23:26:23,MC_03,65.06,39.25,2.06,222.02,13.35,0
2026-07-20 23:26:23,MC_04,57.5,47.69,2.05,222.66,15.22,0
2026-07-20 23:26:23,MC_05,84.98,63.91,7.39,223.06,17.21,1
2026-07-20 23:31:23,MC_01,55.17,38.77,2.51,212.3,10.42,0
2026-07-20 23:31:23,MC_02,56.7,39.78,1.98,216.12,9.84,0
2026-07-20 23:31:23,MC_03,63.35,34.7,2.95,222.34,11.89,0
2026-07-20 23:31:23,MC_04,64.7,52.41,2.74,214.4,14.23,0
2026-07-20 23:31:23,MC_05,57.47,45.13,2.5,233.28,11.58,0
2026-07-20 23:36:23,MC_01,75.01,46.8,2.11,224.85,11.56,0
2026-07-20 23:36:23,MC_02,62.86,42.12,2.21,220.62,8.5,0
2026-07-20 23:36:23,MC_03,90.97,55.92,9.78,216.18,22.77,1
2026-07-20 23:36:23,MC_04,56.91,40.56,1.85,219.07,10.25,0
2026-07-20 23:36:23,MC_05,62.42,37.73,2.14,225.5,10.39,0
2026-07-20 23:41:23,MC_01,63.21,32.78,2.41,223.78,14.5,0
2026-07-20 23:41:23,MC_02,60.16,34.4,2.49,217.59,12.51,0
2026-07-20 23:41:23,MC_03,65.48,43.61,2.83,221.31,15.11,0
2026-07-20 23:41:23,MC_04,66.45,35.66,3.19,220.24,9.11,0
2026-07-20 23:41:23,MC_05,55.79,38.23,2.4,226.48,14.14,0
2026-07-20 23:46:23,MC_01,71.16,34.39,2.9,212.11,12.5,0
2026-07-20 23:46:23,MC_02,61.92,39.18,2.27,219.82,10.91,0
2026-07-20 23:46:23,MC_03,58.36,35.35,2.76,220.17,13.3,0
2026-07-20 23:46:23,MC_04,49.83,43.64,3.13,223.25,10.68,0
2026-07-20 23:46:23,MC_05,62.77,40.7,1.52,226.21,10.4,0
2026-07-20 23:51:23,MC_01,77.25,36.55,2.25,178.57,22.97,1
2026-07-20 23:51:23,MC_02,67.12,31.3,2.48,216.7,12.48,0
2026-07-20 23:51:23,MC_03,66.55,40.33,2.93,220.92,12.7,0
2026-07-20 23:51:23,MC_04,53.2,39.92,2.64,225.01,11.44,0
2026-07-20 23:51:23,MC_05,52.08,38.59,2.58,219.84,13.98,0
2026-07-20 23:56:23,MC_01,55.2,41.71,1.74,223.72,10.6,0
2026-07-20 23:56:23,MC_02,66.16,40.48,1.84,230.07,11.71,0
2026-07-20 23:56:23,MC_03,61.24,37.44,2.47,220.65,10.04,0
2026-07-20 23:56:23,MC_04,68.34,44.0,2.37,219.02,13.52,0
2026-07-20 23:56:23,MC_05,61.42,36.04,3.74,222.14,11.05,0
2026-07-21 00:01:23,MC_01,52.25,41.43,3.47,214.31,13.11,0
2026-07-21 00:01:23,MC_02,55.94,39.92,3.1,223.13,10.79,0
2026-07-21 00:01:23,MC_03,61.38,36.71,1.76,214.33,11.93,0
2026-07-21 00:01:23,MC_04,61.75,41.11,2.28,225.2,11.08,0
2026-07-21 00:01:23,MC_05,66.62,36.71,3.48,222.92,12.65,0
2026-07-21 00:06:23,MC_01,57.42,38.64,2.13,213.46,13.29,0
2026-07-21 00:06:23,MC_02,58.61,43.94,2.54,217.64,11.04,0
2026-07-21 00:06:23,MC_03,50.09,51.71,2.33,216.67,9.45,0
2026-07-21 00:06:23,MC_04,67.76,36.33,2.86,217.39,14.02,0
2026-07-21 00:06:23,MC_05,62.68,32.21,1.92,214.49,11.04,0
2026-07-21 00:11:23,MC_01,60.57,39.9,2.67,213.75,12.11,0
2026-07-21 00:11:23,MC_02,67.17,39.34,2.75,222.01,13.29,0
2026-07-21 00:11:23,MC_03,61.44,43.38,2.75,223.29,12.66,0
2026-07-21 00:11:23,MC_04,54.97,35.32,2.32,227.76,11.74,0
2026-07-21 00:11:23,MC_05,60.97,40.34,1.16,221.45,9.52,0
2026-07-21 00:16:23,MC_01,56.37,38.21,2.23,217.91,12.24,0
2026-07-21 00:16:23,MC_02,54.26,33.09,3.0,217.82,12.11,0
2026-07-21 00:16:23,MC_03,63.27,42.59,3.32,217.44,11.31,0
2026-07-21 00:16:23,MC_04,59.31,46.37,1.66,212.89,9.49,0
2026-07-21 00:16:23,MC_05,66.01,39.51,2.49,208.95,12.28,0
2026-07-21 00:21:23,MC_01,54.11,42.83,1.93,221.1,13.94,0
2026-07-21 00:21:23,MC_02,64.87,34.0,2.28,218.87,11.55,0
2026-07-21 00:21:23,MC_03,54.1,46.18,2.57,224.9,13.44,0
2026-07-21 00:21:23,MC_04,70.39,40.73,2.3,218.15,14.24,0
2026-07-21 00:21:23,MC_05,61.18,39.39,2.98,213.31,11.9,0
2026-07-21 00:26:23,MC_01,59.06,39.63,2.43,215.88,11.45,0
2026-07-21 00:26:23,MC_02,65.16,46.72,2.72,218.3,11.3,0
2026-07-21 00:26:23,MC_03,62.45,40.8,2.41,218.69,13.76,0
2026-07-21 00:26:23,MC_04,60.91,38.53,2.11,219.23,12.76,0
2026-07-21 00:26:23,MC_05,58.11,39.5,1.86,222.8,11.6,0
2026-07-21 00:31:23,MC_01,60.42,44.9,2.7,225.04,10.71,0
2026-07-21 00:31:23,MC_02,62.31,42.01,1.73,227.53,10.26,0
2026-07-21 00:31:23,MC_03,53.51,28.61,2.74,211.78,11.22,0
2026-07-21 00:31:23,MC_04,64.19,33.64,2.45,224.28,13.05,0
2026-07-21 00:31:23,MC_05,53.41,41.24,2.61,219.98,10.88,0
2026-07-21 00:36:23,MC_01,46.73,41.14,2.98,221.73,13.1,0
2026-07-21 00:36:23,MC_02,60.14,28.36,2.17,216.93,11.84,0
2026-07-21 00:36:23,MC_03,55.35,44.41,2.02,216.98,10.98,0
2026-07-21 00:36:23,MC_04,58.36,38.79,2.13,218.7,12.32,0
2026-07-21 00:36:23,MC_05,58.92,39.4,3.01,221.37,10.27,0
2026-07-21 00:41:23,MC_01,62.61,40.41,3.07,216.3,11.71,0
2026-07-21 00:41:23,MC_02,54.68,41.29,2.47,220.78,13.18,0
2026-07-21 00:41:23,MC_03,57.22,39.68,2.34,218.97,14.43,0
2026-07-21 00:41:23,MC_04,60.5,42.98,3.93,226.73,11.34,0
2026-07-21 00:41:23,MC_05,61.53,38.93,2.35,208.76,13.18,0
2026-07-21 00:46:23,MC_01,58.52,38.34,2.63,226.02,12.61,0
2026-07-21 00:46:23,MC_02,61.0,36.67,2.6,223.42,12.13,0
2026-07-21 00:46:23,MC_03,57.88,35.6,2.09,211.97,12.05,0
2026-07-21 00:46:23,MC_04,67.74,37.24,2.63,217.99,14.47,0
2026-07-21 00:46:23,MC_05,66.52,26.21,1.78,210.74,9.83,0
2026-07-21 00:51:23,MC_01,54.7,36.32,3.8,219.69,13.49,0
2026-07-21 00:51:23,MC_02,60.88,32.06,3.27,222.01,11.82,0
2026-07-21 00:51:23,MC_03,59.28,38.62,3.04,224.07,12.42,0
2026-07-21 00:51:23,MC_04,54.74,44.64,1.71,227.97,13.93,0
2026-07-21 00:51:23,MC_05,56.44,41.72,3.21,225.93,11.35,0
2026-07-21 00:56:23,MC_01,66.27,44.69,2.41,219.95,14.31,0
2026-07-21 00:56:23,MC_02,65.29,44.9,3.79,222.74,12.49,0
2026-07-21 00:56:23,MC_03,66.79,39.19,1.99,221.71,13.33,0
2026-07-21 00:56:23,MC_04,55.26,44.54,2.27,217.33,13.69,0
2026-07-21 00:56:23,MC_05,56.87,39.47,3.1,224.16,9.38,0
2026-07-21 01:01:23,MC_01,65.17,44.3,2.38,217.62,12.32,0
2026-07-21 01:01:23,MC_02,64.6,37.84,1.75,223.23,11.42,0
2026-07-21 01:01:23,MC_03,62.99,41.29,2.92,227.1,9.57,0
2026-07-21 01:01:23,MC_04,57.17,39.07,2.01,218.67,9.67,0
2026-07-21 01:01:23,MC_05,61.0,40.21,2.78,207.7,12.68,0
2026-07-21 01:06:23,MC_01,58.62,41.65,3.15,220.95,10.92,0
2026-07-21 01:06:23,MC_02,62.85,41.43,2.48,221.01,11.9,0
2026-07-21 01:06:23,MC_03,58.1,45.16,3.06,221.39,12.89,0
2026-07-21 01:06:23,MC_04,61.71,33.67,2.71,215.2,10.73,0
2026-07-21 01:06:23,MC_05,57.35,43.43,2.59,229.62,12.45,0
2026-07-21 01:11:23,MC_01,54.09,42.48,1.95,223.21,14.56,0
2026-07-21 01:11:23,MC_02,64.73,38.46,2.44,217.17,10.03,0
2026-07-21 01:11:23,MC_03,53.56,45.59,3.11,221.98,12.61,0
2026-07-21 01:11:23,MC_04,59.07,40.17,2.27,220.16,12.21,0
2026-07-21 01:11:23,MC_05,58.95,39.6,2.14,217.26,13.37,0
2026-07-21 01:16:23,MC_01,57.53,37.08,3.06,220.71,11.58,0
2026-07-21 01:16:23,MC_02,56.26,34.44,3.17,224.94,12.57,0
2026-07-21 01:16:23,MC_03,64.6,35.52,2.83,212.67,12.06,0
2026-07-21 01:16:23,MC_04,57.59,44.8,2.13,223.53,11.0,0
2026-07-21 01:16:23,MC_05,62.74,45.29,2.56,225.92,11.96,0
2026-07-21 01:21:23,MC_01,63.09,32.38,2.76,215.3,10.22,0
2026-07-21 01:21:23,MC_02,62.69,34.58,2.16,217.91,12.29,0
2026-07-21 01:21:23,MC_03,59.64,41.98,3.0,221.72,13.35,0
2026-07-21 01:21:23,MC_04,58.65,42.74,3.38,220.44,11.03,0
2026-07-21 01:21:23,MC_05,60.77,47.04,2.46,224.66,14.27,0
2026-07-21 01:26:23,MC_01,60.49,38.54,2.09,226.66,12.46,0
2026-07-21 01:26:23,MC_02,62.54,33.72,2.86,222.04,14.48,0
2026-07-21 01:26:23,MC_03,58.91,45.51,2.48,220.7,12.42,0
2026-07-21 01:26:23,MC_04,62.48,40.17,2.49,222.92,13.66,0
2026-07-21 01:26:23,MC_05,62.66,39.81,2.0,229.91,11.72,0
2026-07-21 01:31:23,MC_01,58.51,42.43,3.05,216.54,13.78,0
2026-07-21 01:31:23,MC_02,58.48,42.94,2.52,214.37,9.88,0
2026-07-21 01:31:23,MC_03,56.29,43.97,1.53,221.67,12.37,0
2026-07-21 01:31:23,MC_04,51.59,36.81,2.1,220.26,14.2,0
2026-07-21 01:31:23,MC_05,55.85,33.77,2.31,215.51,11.95,0
2026-07-21 01:36:23,MC_01,60.01,37.22,2.24,227.18,12.78,0
2026-07-21 01:36:23,MC_02,64.62,45.7,2.79,221.03,11.11,0
2026-07-21 01:36:23,MC_03,55.88,43.53,2.44,213.2,8.86,0
2026-07-21 01:36:23,MC_04,56.57,44.91,1.9,222.66,14.73,0
2026-07-21 01:36:23,MC_05,70.57,38.21,2.49,218.02,11.97,0
2026-07-21 01:41:23,MC_01,63.24,39.22,3.18,226.58,11.39,0
2026-07-21 01:41:23,MC_02,59.45,30.11,2.94,228.23,12.38,0
2026-07-21 01:41:23,MC_03,61.11,43.26,2.51,219.74,11.01,0
2026-07-21 01:41:23,MC_04,60.87,42.47,2.66,227.37,14.49,0
2026-07-21 01:41:23,MC_05,57.4,38.06,2.3,221.74,10.72,0
2026-07-21 01:46:23,MC_01,56.45,39.74,2.38,215.79,9.59,0
2026-07-21 01:46:23,MC_02,68.16,38.85,3.86,223.86,14.74,0
2026-07-21 01:46:23,MC_03,64.97,36.09,3.06,221.33,12.92,0
2026-07-21 01:46:23,MC_04,57.64,44.05,2.4,220.45,13.08,0
2026-07-21 01:46:23,MC_05,59.71,32.73,3.02,226.27,9.25,0
2026-07-21 01:51:23,MC_01,61.16,40.01,2.29,214.85,11.71,0
2026-07-21 01:51:23,MC_02,64.87,47.06,2.21,221.51,13.51,0
2026-07-21 01:51:23,MC_03,55.34,40.71,3.44,218.3,13.6,0
2026-07-21 01:51:23,MC_04,59.29,40.26,1.76,216.5,10.94,0
2026-07-21 01:51:23,MC_05,58.67,35.25,2.46,222.3,9.7,0
2026-07-21 01:56:23,MC_01,56.83,32.73,1.8,221.13,12.15,0
2026-07-21 01:56:23,MC_02,57.06,48.77,3.81,218.68,13.31,0
2026-07-21 01:56:23,MC_03,64.62,44.22,2.18,229.7,11.9,0
2026-07-21 01:56:23,MC_04,59.3,41.11,1.91,210.14,11.68,0
2026-07-21 01:56:23,MC_05,55.6,40.05,3.24,219.97,9.81,0
2026-07-21 02:01:23,MC_01,50.58,39.62,2.79,233.26,13.81,0
2026-07-21 02:01:23,MC_02,60.66,35.8,2.83,220.81,12.43,0
2026-07-21 02:01:23,MC_03,60.17,39.98,2.55,214.72,11.66,0
2026-07-21 02:01:23,MC_04,53.78,37.52,3.1,219.1,12.89,0
2026-07-21 02:01:23,MC_05,54.96,38.4,2.59,222.9,12.18,0
2026-07-21 02:06:23,MC_01,63.25,33.92,2.93,214.36,13.48,0
2026-07-21 02:06:23,MC_02,62.51,32.52,2.87,224.98,13.89,0
2026-07-21 02:06:23,MC_03,56.16,42.95,2.7,217.87,13.48,0
2026-07-21 02:06:23,MC_04,91.73,53.46,7.81,216.36,24.51,1
2026-07-21 02:06:23,MC_05,64.75,38.17,2.05,223.36,12.58,0
2026-07-21 02:11:23,MC_01,63.38,41.21,0.81,231.54,12.81,0
2026-07-21 02:11:23,MC_02,65.62,37.88,3.5,218.41,11.9,0
2026-07-21 02:11:23,MC_03,69.28,38.56,2.51,213.37,14.92,0
2026-07-21 02:11:23,MC_04,56.2,39.32,2.46,217.92,9.39,0
2026-07-21 02:11:23,MC_05,51.72,38.96,3.11,219.76,12.45,0
2026-07-21 02:16:23,MC_01,56.64,44.93,3.06,223.08,12.49,0
2026-07-21 02:16:23,MC_02,56.43,40.29,2.89,218.31,8.26,0
2026-07-21 02:16:23,MC_03,66.31,42.58,2.24,220.12,12.5,0
2026-07-21 02:16:23,MC_04,60.62,49.3,3.15,224.8,12.72,0
2026-07-21 02:16:23,MC_05,68.46,45.72,2.88,223.11,11.65,0
2026-07-21 02:21:23,MC_01,54.84,41.79,2.44,215.31,10.68,0
2026-07-21 02:21:23,MC_02,60.52,38.63,3.0,207.25,11.64,0
2026-07-21 02:21:23,MC_03,58.96,38.45,2.81,219.74,14.65,0
2026-07-21 02:21:23,MC_04,63.11,43.26,2.54,229.4,11.16,0
2026-07-21 02:21:23,MC_05,58.69,39.45,3.49,216.04,11.91,0
2026-07-21 02:26:23,MC_01,51.84,40.58,1.83,213.04,10.67,0
2026-07-21 02:26:23,MC_02,53.62,44.16,3.17,228.27,9.7,0
2026-07-21 02:26:23,MC_03,82.18,58.05,7.21,215.36,18.99,1
2026-07-21 02:26:23,MC_04,65.93,45.62,2.63,222.66,12.76,0
2026-07-21 02:26:23,MC_05,56.64,36.17,2.46,214.7,10.09,0
2026-07-21 02:31:23,MC_01,67.79,39.87,2.79,217.18,8.9,0
2026-07-21 02:31:23,MC_02,55.53,39.6,2.36,217.13,12.52,0
2026-07-21 02:31:23,MC_03,57.07,48.27,2.34,217.6,11.16,0
2026-07-21 02:31:23,MC_04,57.65,43.95,2.73,220.16,12.56,0
2026-07-21 02:31:23,MC_05,65.98,42.63,2.64,222.11,10.27,0
2026-07-21 02:36:23,MC_01,72.86,39.89,1.35,218.67,12.11,0
2026-07-21 02:36:23,MC_02,58.3,43.09,3.13,220.85,11.15,0
2026-07-21 02:36:23,MC_03,58.19,41.74,2.28,222.65,12.68,0
2026-07-21 02:36:23,MC_04,55.58,46.27,1.65,226.59,9.41,0
2026-07-21 02:36:23,MC_05,56.13,40.1,2.39,215.32,12.78,0
2026-07-21 02:41:23,MC_01,58.21,42.88,2.88,215.55,11.06,0
2026-07-21 02:41:23,MC_02,56.37,40.73,2.95,220.98,8.71,0
2026-07-21 02:41:23,MC_03,56.42,40.79,2.46,224.36,11.08,0
2026-07-21 02:41:23,MC_04,55.17,42.52,2.54,226.63,13.72,0
2026-07-21 02:41:23,MC_05,63.92,39.19,2.3,216.59,11.74,0
2026-07-21 02:46:23,MC_01,56.87,40.88,2.78,218.53,10.89,0
2026-07-21 02:46:23,MC_02,49.97,43.08,2.54,219.12,13.76,0
2026-07-21 02:46:23,MC_03,53.56,42.62,1.39,224.02,13.14,0
2026-07-21 02:46:23,MC_04,55.49,41.71,2.91,214.98,10.05,0
2026-07-21 02:46:23,MC_05,65.48,47.76,2.75,222.84,11.5,0
2026-07-21 02:51:23,MC_01,59.09,45.4,2.59,221.53,11.76,0
2026-07-21 02:51:23,MC_02,59.7,40.68,2.59,218.18,9.89,0
2026-07-21 02:51:23,MC_03,66.25,35.71,3.22,229.83,13.57,0
2026-07-21 02:51:23,MC_04,78.35,43.19,2.08,172.94,20.77,1
2026-07-21 02:51:23,MC_05,62.19,43.0,2.13,221.63,11.91,0
2026-07-21 02:56:23,MC_01,65.7,42.89,3.2,222.12,11.54,0
2026-07-21 02:56:23,MC_02,65.59,34.6,1.99,220.52,12.47,0
2026-07-21 02:56:23,MC_03,67.36,38.93,1.74,227.21,13.33,0
2026-07-21 02:56:23,MC_04,65.38,42.16,2.48,220.19,9.78,0
2026-07-21 02:56:23,MC_05,65.37,39.21,3.03,223.67,12.15,0
2026-07-21 03:01:23,MC_01,52.63,39.39,2.72,224.3,12.14,0
2026-07-21 03:01:23,MC_02,55.49,45.22,2.32,221.94,12.76,0
2026-07-21 03:01:23,MC_03,56.64,41.87,3.29,223.39,12.73,0
2026-07-21 03:01:23,MC_04,50.06,42.28,2.63,222.53,13.84,0
2026-07-21 03:01:23,MC_05,70.01,40.06,2.56,186.58,30.77,1
2026-07-21 03:06:23,MC_01,59.4,34.65,2.6,221.59,14.16,0
2026-07-21 03:06:23,MC_02,62.03,44.44,2.95,223.11,12.41,0
2026-07-21 03:06:23,MC_03,57.09,35.87,1.9,221.97,12.75,0
2026-07-21 03:06:23,MC_04,65.25,39.48,2.89,214.99,11.91,0
2026-07-21 03:06:23,MC_05,50.84,40.28,2.86,221.37,11.14,0
2026-07-21 03:11:23,MC_01,63.58,37.53,1.81,221.03,11.13,0
2026-07-21 03:11:23,MC_02,59.11,39.61,2.53,215.84,11.58,0
2026-07-21 03:11:23,MC_03,58.92,45.55,1.62,220.92,10.82,0
2026-07-21 03:11:23,MC_04,66.68,39.28,1.98,218.92,12.52,0
2026-07-21 03:11:23,MC_05,54.0,45.22,1.75,220.05,11.27,0
2026-07-21 03:16:23,MC_01,56.8,44.23,3.16,222.13,11.65,0
2026-07-21 03:16:23,MC_02,61.29,43.22,3.0,221.85,14.29,0
2026-07-21 03:16:23,MC_03,56.92,37.56,2.62,221.51,11.79,0
2026-07-21 03:16:23,MC_04,56.55,39.05,2.21,215.72,13.59,0
2026-07-21 03:16:23,MC_05,59.48,44.16,2.4,216.69,12.39,0
2026-07-21 03:21:23,MC_01,62.23,41.03,2.45,219.77,10.5,0
2026-07-21 03:21:23,MC_02,59.94,40.74,2.86,220.97,12.02,0
2026-07-21 03:21:23,MC_03,58.82,41.87,2.48,218.59,12.23,0
2026-07-21 03:21:23,MC_04,60.84,47.39,2.01,217.49,16.17,0
2026-07-21 03:21:23,MC_05,58.86,40.24,2.43,222.13,9.63,0
2026-07-21 03:26:23,MC_01,60.93,44.48,1.45,230.74,12.93,0
2026-07-21 03:26:23,MC_02,56.25,37.18,1.6,215.68,10.88,0
2026-07-21 03:26:23,MC_03,64.09,41.08,1.58,221.37,15.24,0
2026-07-21 03:26:23,MC_04,63.64,43.38,2.03,227.37,10.78,0
2026-07-21 03:26:23,MC_05,68.37,41.48,2.83,223.55,13.72,0
2026-07-21 03:31:23,MC_01,59.61,37.33,2.2,228.27,12.93,0
2026-07-21 03:31:23,MC_02,62.88,44.29,2.81,229.34,8.86,0
2026-07-21 03:31:23,MC_03,55.01,37.2,1.81,220.56,12.24,0
2026-07-21 03:31:23,MC_04,69.88,43.62,2.25,222.47,9.26,0
2026-07-21 03:31:23,MC_05,55.49,39.2,2.15,215.34,13.01,0
2026-07-21 03:36:23,MC_01,65.17,37.35,2.3,218.9,10.69,0
2026-07-21 03:36:23,MC_02,63.82,34.4,2.16,224.3,13.31,0
2026-07-21 03:36:23,MC_03,53.99,41.21,2.66,216.46,12.54,0
2026-07-21 03:36:23,MC_04,52.1,36.29,2.8,220.15,12.12,0
2026-07-21 03:36:23,MC_05,76.37,43.17,2.56,180.64,22.77,1
2026-07-21 03:41:23,MC_01,68.33,37.23,2.14,217.99,11.55,0
2026-07-21 03:41:23,MC_02,58.16,33.78,2.75,217.82,11.77,0
2026-07-21 03:41:23,MC_03,53.93,33.9,2.45,227.77,14.28,0
2026-07-21 03:41:23,MC_04,55.46,29.34,2.21,221.11,11.66,0
2026-07-21 03:41:23,MC_05,50.5,32.69,1.78,219.61,10.75,0
2026-07-21 03:46:23,MC_01,67.79,35.19,3.76,223.31,8.67,0
2026-07-21 03:46:23,MC_02,64.64,39.96,2.32,218.73,10.24,0
2026-07-21 03:46:23,MC_03,57.8,40.78,3.03,227.43,11.98,0
2026-07-21 03:46:23,MC_04,54.37,39.79,2.42,226.59,13.31,0
2026-07-21 03:46:23,MC_05,61.16,46.08,2.25,223.13,11.24,0
2026-07-21 03:51:23,MC_01,60.5,40.52,2.43,222.27,13.5,0
2026-07-21 03:51:23,MC_02,59.91,44.31,2.77,229.11,12.4,0
2026-07-21 03:51:23,MC_03,63.21,41.9,1.73,227.44,13.5,0
2026-07-21 03:51:23,MC_04,61.57,28.61,2.33,229.56,12.72,0
2026-07-21 03:51:23,MC_05,58.01,44.52,1.75,225.29,13.18,0
2026-07-21 03:56:23,MC_01,71.21,39.81,2.0,221.94,14.61,0
2026-07-21 03:56:23,MC_02,56.9,33.8,3.3,221.16,12.74,0
2026-07-21 03:56:23,MC_03,64.31,33.43,2.24,225.75,12.67,0
2026-07-21 03:56:23,MC_04,59.27,41.24,2.19,219.39,12.23,0
2026-07-21 03:56:23,MC_05,62.13,34.96,2.81,218.73,11.33,0
2026-07-21 04:01:23,MC_01,58.74,38.99,1.62,228.65,11.83,0
2026-07-21 04:01:23,MC_02,60.07,42.73,2.46,215.64,13.86,0
2026-07-21 04:01:23,MC_03,60.28,42.38,1.96,223.25,9.86,0
2026-07-21 04:01:23,MC_04,58.01,40.53,3.37,223.29,14.16,0
2026-07-21 04:01:23,MC_05,54.48,43.05,2.0,212.28,10.54,0
2026-07-21 04:06:23,MC_01,61.34,41.71,2.59,221.94,12.91,0
2026-07-21 04:06:23,MC_02,66.3,42.51,2.3,223.86,10.0,0
2026-07-21 04:06:23,MC_03,64.28,47.99,1.85,222.87,14.12,0
2026-07-21 04:06:23,MC_04,46.93,40.93,2.94,225.58,13.83,0
2026-07-21 04:06:23,MC_05,64.63,48.05,3.13,216.67,13.6,0
2026-07-21 04:11:23,MC_01,59.89,38.86,2.96,217.95,11.06,0
2026-07-21 04:11:23,MC_02,65.46,35.18,2.59,216.35,13.64,0
2026-07-21 04:11:23,MC_03,79.29,60.48,6.5,220.36,23.51,1
2026-07-21 04:11:23,MC_04,62.99,32.1,2.82,219.58,11.92,0
2026-07-21 04:11:23,MC_05,61.33,44.01,2.52,214.83,11.87,0
2026-07-21 04:16:23,MC_01,77.9,42.48,2.67,180.74,30.31,1
2026-07-21 04:16:23,MC_02,61.6,44.82,1.64,218.98,13.52,0
2026-07-21 04:16:23,MC_03,51.6,35.61,2.16,214.05,12.42,0
2026-07-21 04:16:23,MC_04,56.4,43.63,1.72,226.48,13.12,0
2026-07-21 04:16:23,MC_05,65.23,38.29,2.29,216.07,12.87,0
2026-07-21 04:21:23,MC_01,58.23,41.48,1.87,215.24,14.02,0
2026-07-21 04:21:23,MC_02,55.47,34.58,3.19,228.73,11.13,0
2026-07-21 04:21:23,MC_03,60.79,41.26,2.51,220.51,12.01,0
2026-07-21 04:21:23,MC_04,57.12,32.46,2.45,215.79,9.54,0
2026-07-21 04:21:23,MC_05,57.25,45.57,2.2,227.23,10.87,0
2026-07-21 04:26:23,MC_01,62.41,44.9,2.87,229.89,13.31,0
2026-07-21 04:26:23,MC_02,48.22,34.82,1.66,216.0,13.64,0
2026-07-21 04:26:23,MC_03,78.8,51.59,9.84,225.94,23.11,1
2026-07-21 04:26:23,MC_04,53.99,40.1,2.5,217.02,10.85,0
2026-07-21 04:26:23,MC_05,62.79,45.52,1.9,219.05,9.95,0
2026-07-21 04:31:23,MC_01,67.4,37.48,3.12,226.96,9.12,0
2026-07-21 04:31:23,MC_02,64.25,52.04,3.29,219.36,14.13,0
2026-07-21 04:31:23,MC_03,62.64,42.82,2.25,221.91,13.28,0
2026-07-21 04:31:23,MC_04,48.39,42.65,3.19,216.94,10.37,0
2026-07-21 04:31:23,MC_05,58.87,38.67,2.79,221.58,12.24,0
2026-07-21 04:36:23,MC_01,68.18,38.82,2.12,214.91,9.92,0
2026-07-21 04:36:23,MC_02,61.58,38.8,2.49,225.77,12.26,0
2026-07-21 04:36:23,MC_03,55.39,41.93,2.96,218.81,9.91,0
2026-07-21 04:36:23,MC_04,62.53,41.01,2.64,213.09,11.04,0
2026-07-21 04:36:23,MC_05,55.31,39.83,2.98,227.45,12.53,0
2026-07-21 04:41:23,MC_01,56.37,44.04,2.06,223.49,14.58,0
2026-07-21 04:41:23,MC_02,63.27,39.68,1.83,220.82,13.51,0
2026-07-21 04:41:23,MC_03,61.83,41.17,2.34,212.72,11.36,0
2026-07-21 04:41:23,MC_04,57.83,44.33,2.64,217.48,10.78,0
2026-07-21 04:41:23,MC_05,58.14,35.69,3.0,220.76,12.41,0
2026-07-21 04:46:23,MC_01,55.89,31.89,2.89,216.48,11.6,0
2026-07-21 04:46:23,MC_02,62.13,39.1,1.92,227.53,9.7,0
2026-07-21 04:46:23,MC_03,48.82,43.5,1.77,226.26,12.57,0
2026-07-21 04:46:23,MC_04,55.87,38.49,2.06,226.04,10.89,0
2026-07-21 04:46:23,MC_05,62.53,44.02,2.06,221.88,10.66,0
2026-07-21 04:51:23,MC_01,56.52,40.63,1.89,224.65,10.38,0
2026-07-21 04:51:23,MC_02,53.66,38.99,2.31,221.78,12.13,0
2026-07-21 04:51:23,MC_03,58.61,40.97,3.6,226.43,12.32,0
2026-07-21 04:51:23,MC_04,53.13,38.39,2.42,214.27,12.67,0
2026-07-21 04:51:23,MC_05,57.76,42.58,2.45,224.4,11.99,0
2026-07-21 04:56:23,MC_01,55.88,38.59,2.59,216.32,12.62,0
2026-07-21 04:56:23,MC_02,71.88,35.97,2.68,220.28,10.46,0
2026-07-21 04:56:23,MC_03,58.31,38.93,2.41,229.73,10.76,0
2026-07-21 04:56:23,MC_04,50.11,38.52,2.72,220.18,12.06,0
2026-07-21 04:56:23,MC_05,56.96,47.85,2.05,217.59,12.04,0
2026-07-21 05:01:23,MC_01,53.56,35.65,1.93,211.8,13.9,0
2026-07-21 05:01:23,MC_02,62.61,39.33,2.49,225.07,14.46,0
2026-07-21 05:01:23,MC_03,53.71,50.08,1.84,217.69,12.11,0
2026-07-21 05:01:23,MC_04,60.83,41.65,3.02,221.73,10.99,0
2026-07-21 05:01:23,MC_05,55.79,45.05,2.47,214.4,10.56,0
2026-07-21 05:06:23,MC_01,62.67,41.94,2.09,220.46,11.5,0
2026-07-21 05:06:23,MC_02,59.03,39.55,2.17,223.76,10.49,0
2026-07-21 05:06:23,MC_03,53.51,41.36,1.61,222.99,11.93,0
2026-07-21 05:06:23,MC_04,53.33,40.69,1.87,218.25,11.48,0
2026-07-21 05:06:23,MC_05,63.85,40.16,2.85,214.02,11.84,0
2026-07-21 05:11:23,MC_01,54.3,36.64,2.75,228.06,12.43,0
2026-07-21 05:11:23,MC_02,54.45,35.64,2.57,221.79,11.67,0
2026-07-21 05:11:23,MC_03,58.26,42.11,1.61,226.01,10.97,0
2026-07-21 05:11:23,MC_04,66.72,40.98,3.33,217.01,14.49,0
2026-07-21 05:11:23,MC_05,60.8,39.5,3.42,223.61,11.65,0
2026-07-21 05:16:23,MC_01,62.12,37.74,2.55,225.98,11.76,0
2026-07-21 05:16:23,MC_02,60.37,36.77,1.78,214.01,13.76,0
2026-07-21 05:16:23,MC_03,59.29,37.67,2.19,218.62,9.51,0
2026-07-21 05:16:23,MC_04,92.32,62.73,10.26,217.12,25.42,1
2026-07-21 05:16:23,MC_05,62.97,40.15,3.27,222.67,12.86,0
2026-07-21 05:21:23,MC_01,57.49,40.13,1.93,212.43,9.42,0
2026-07-21 05:21:23,MC_02,58.9,43.47,2.07,221.51,15.05,0
2026-07-21 05:21:23,MC_03,51.53,34.75,2.83,221.1,14.7,0
2026-07-21 05:21:23,MC_04,60.32,40.17,2.31,219.98,12.56,0
2026-07-21 05:21:23,MC_05,66.31,46.45,1.86,213.63,13.15,0
2026-07-21 05:26:23,MC_01,70.13,37.17,3.01,218.49,14.35,0
2026-07-21 05:26:23,MC_02,55.89,36.85,2.19,219.54,13.66,0
2026-07-21 05:26:23,MC_03,64.11,37.1,2.58,221.16,14.75,0
2026-07-21 05:26:23,MC_04,56.75,41.13,2.76,226.59,10.52,0
2026-07-21 05:26:23,MC_05,64.46,45.21,1.55,230.86,13.97,0
2026-07-21 05:31:23,MC_01,59.83,36.99,2.39,224.1,10.94,0
2026-07-21 05:31:23,MC_02,64.7,45.45,2.0,209.45,12.25,0
2026-07-21 05:31:23,MC_03,61.28,35.11,3.33,218.19,12.96,0
2026-07-21 05:31:23,MC_04,74.29,36.3,2.89,182.76,30.99,1
2026-07-21 05:31:23,MC_05,63.92,36.21,2.0,222.6,13.08,0
2026-07-21 05:36:23,MC_01,58.87,47.6,2.87,228.54,12.09,0
2026-07-21 05:36:23,MC_02,67.0,45.68,2.43,216.56,11.23,0
2026-07-21 05:36:23,MC_03,62.08,44.79,2.83,208.24,10.0,0
2026-07-21 05:36:23,MC_04,57.09,34.05,1.88,222.55,14.97,0
2026-07-21 05:36:23,MC_05,69.57,36.57,2.57,213.34,11.18,0
2026-07-21 05:41:23,MC_01,55.66,42.09,2.24,218.14,12.77,0
2026-07-21 05:41:23,MC_02,68.21,48.46,2.73,219.56,13.97,0
2026-07-21 05:41:23,MC_03,52.1,44.83,2.68,215.53,10.99,0
2026-07-21 05:41:23,MC_04,62.91,37.38,2.12,217.71,9.78,0
2026-07-21 05:41:23,MC_05,60.85,36.61,3.49,220.11,8.82,0
2026-07-21 05:46:23,MC_01,62.73,42.47,3.24,220.94,13.23,0
2026-07-21 05:46:23,MC_02,60.21,37.64,3.03,213.85,11.95,0
2026-07-21 05:46:23,MC_03,57.16,43.37,2.03,217.96,12.07,0
2026-07-21 05:46:23,MC_04,58.0,34.61,2.01,222.06,12.05,0
2026-07-21 05:46:23,MC_05,60.24,49.27,3.09,218.37,12.59,0
2026-07-21 05:51:23,MC_01,70.75,37.41,2.38,216.22,11.11,0
2026-07-21 05:51:23,MC_02,57.99,40.22,2.3,208.5,11.77,0
2026-07-21 05:51:23,MC_03,60.13,43.74,2.29,226.49,10.58,0
2026-07-21 05:51:23,MC_04,62.52,48.66,2.21,227.07,13.73,0
2026-07-21 05:51:23,MC_05,59.27,40.09,2.5,213.63,13.14,0
2026-07-21 05:56:23,MC_01,63.03,38.25,1.64,229.51,13.52,0
2026-07-21 05:56:23,MC_02,63.13,38.64,2.67,213.7,11.66,0
2026-07-21 05:56:23,MC_03,55.48,35.81,2.86,221.0,13.03,0
2026-07-21 05:56:23,MC_04,58.79,42.82,2.15,211.59,9.82,0
2026-07-21 05:56:23,MC_05,57.49,33.55,3.28,219.59,13.38,0
2026-07-21 06:01:23,MC_01,77.68,51.71,3.2,215.47,14.15,0
2026-07-21 06:01:23,MC_02,51.26,38.72,3.1,221.93,9.78,0
2026-07-21 06:01:23,MC_03,61.02,38.37,2.93,225.72,11.77,0
2026-07-21 06:01:23,MC_04,67.6,45.43,3.16,216.9,10.85,0
2026-07-21 06:01:23,MC_05,60.02,38.99,3.16,230.72,12.1,0
2026-07-21 06:06:23,MC_01,72.09,42.69,2.09,223.3,11.22,0
2026-07-21 06:06:23,MC_02,58.38,41.67,1.82,220.89,12.27,0
2026-07-21 06:06:23,MC_03,59.16,39.43,2.99,213.54,12.17,0
2026-07-21 06:06:23,MC_04,54.52,36.33,2.5,217.17,14.2,0
2026-07-21 06:06:23,MC_05,65.9,40.52,3.15,218.53,15.18,0
2026-07-21 06:11:23,MC_01,53.03,35.12,1.69,221.07,13.28,0
2026-07-21 06:11:23,MC_02,60.17,43.37,2.33,216.01,9.73,0
2026-07-21 06:11:23,MC_03,57.89,37.19,2.46,222.38,11.58,0
2026-07-21 06:11:23,MC_04,60.92,47.54,2.13,222.58,10.3,0
2026-07-21 06:11:23,MC_05,68.3,39.07,3.15,221.45,14.78,0
2026-07-21 06:16:23,MC_01,51.1,39.77,3.01,227.23,13.11,0
2026-07-21 06:16:23,MC_02,72.58,40.3,2.98,217.85,13.61,0
2026-07-21 06:16:23,MC_03,64.53,43.3,2.87,219.79,13.84,0
2026-07-21 06:16:23,MC_04,60.56,44.69,2.02,221.21,11.26,0
2026-07-21 06:16:23,MC_05,60.55,41.57,1.86,226.32,12.64,0
2026-07-21 06:21:23,MC_01,55.71,38.64,3.25,222.08,10.55,0
2026-07-21 06:21:23,MC_02,56.08,41.45,2.35,224.05,11.53,0
2026-07-21 06:21:23,MC_03,62.44,36.86,2.57,220.14,11.48,0
2026-07-21 06:21:23,MC_04,61.17,39.98,1.7,218.86,11.08,0
2026-07-21 06:21:23,MC_05,65.18,39.57,2.85,220.04,11.32,0
2026-07-21 06:26:23,MC_01,56.34,42.92,2.36,209.88,12.71,0
2026-07-21 06:26:23,MC_02,55.48,40.58,1.73,220.46,11.8,0
2026-07-21 06:26:23,MC_03,47.95,38.96,2.77,219.75,12.55,0
2026-07-21 06:26:23,MC_04,50.45,39.05,3.22,212.47,11.47,0
2026-07-21 06:26:23,MC_05,49.38,41.53,2.2,209.28,10.14,0
2026-07-21 06:31:23,MC_01,59.54,40.65,1.99,226.45,10.92,0
2026-07-21 06:31:23,MC_02,62.19,44.99,2.03,223.75,10.38,0
2026-07-21 06:31:23,MC_03,64.86,38.81,2.81,225.72,10.84,0
2026-07-21 06:31:23,MC_04,52.37,36.75,3.01,218.69,14.63,0
2026-07-21 06:31:23,MC_05,51.77,30.39,2.53,224.53,12.75,0
2026-07-21 06:36:23,MC_01,56.38,47.43,2.16,224.13,15.9,0
2026-07-21 06:36:23,MC_02,59.05,39.32,2.78,218.58,14.01,0
2026-07-21 06:36:23,MC_03,57.98,39.06,2.0,221.73,9.5,0
2026-07-21 06:36:23,MC_04,64.9,36.52,3.39,226.85,12.8,0
2026-07-21 06:36:23,MC_05,52.31,36.92,3.29,219.24,11.01,0
2026-07-21 06:41:23,MC_01,56.26,37.87,2.77,211.86,12.15,0
2026-07-21 06:41:23,MC_02,62.12,39.81,3.22,226.01,11.09,0
2026-07-21 06:41:23,MC_03,58.36,40.38,2.92,216.96,11.4,0
2026-07-21 06:41:23,MC_04,53.76,43.98,1.82,218.09,13.87,0
2026-07-21 06:41:23,MC_05,60.05,42.17,2.64,217.12,13.32,0
2026-07-21 06:46:23,MC_01,53.99,42.19,2.42,217.62,14.04,0
2026-07-21 06:46:23,MC_02,68.73,43.92,2.1,208.7,12.16,0
2026-07-21 06:46:23,MC_03,87.62,57.29,11.1,217.01,23.83,1
2026-07-21 06:46:23,MC_04,67.26,47.64,1.64,223.44,13.38,0
2026-07-21 06:46:23,MC_05,96.62,60.1,9.55,222.47,23.98,1
2026-07-21 06:51:23,MC_01,59.61,36.43,2.41,217.71,10.96,0
2026-07-21 06:51:23,MC_02,54.71,44.48,1.8,228.03,12.44,0
2026-07-21 06:51:23,MC_03,50.61,33.51,3.36,216.5,12.81,0
2026-07-21 06:51:23,MC_04,59.44,31.66,3.16,219.51,11.24,0
2026-07-21 06:51:23,MC_05,61.04,39.34,2.86,218.93,10.45,0
2026-07-21 06:56:23,MC_01,61.81,38.92,1.59,220.99,11.19,0
2026-07-21 06:56:23,MC_02,53.97,44.72,2.92,219.97,12.66,0
2026-07-21 06:56:23,MC_03,84.23,51.78,10.52,222.97,20.41,1
2026-07-21 06:56:23,MC_04,61.11,41.96,3.17,226.29,12.49,0
2026-07-21 06:56:23,MC_05,50.16,37.48,3.02,224.12,11.72,0
2026-07-21 07:01:23,MC_01,61.01,34.47,2.96,223.51,12.28,0
2026-07-21 07:01:23,MC_02,60.95,38.57,2.53,217.1,11.81,0
2026-07-21 07:01:23,MC_03,52.12,38.48,2.44,216.26,13.94,0
2026-07-21 07:01:23,MC_04,62.19,33.84,2.16,220.33,11.89,0
2026-07-21 07:01:23,MC_05,65.48,38.25,2.79,226.48,12.52,0
2026-07-21 07:06:23,MC_01,59.17,36.97,2.2,218.4,11.67,0
2026-07-21 07:06:23,MC_02,58.12,34.66,1.63,224.12,14.55,0
2026-07-21 07:06:23,MC_03,60.52,48.28,3.11,226.73,10.25,0
2026-07-21 07:06:23,MC_04,53.96,37.79,2.59,222.69,11.59,0
2026-07-21 07:06:23,MC_05,60.05,37.99,2.44,217.29,13.34,0
2026-07-21 07:11:23,MC_01,58.81,44.17,2.32,223.63,13.78,0
2026-07-21 07:11:23,MC_02,62.46,36.58,1.9,225.46,12.57,0
2026-07-21 07:11:23,MC_03,56.68,43.71,2.17,221.58,12.46,0
2026-07-21 07:11:23,MC_04,55.9,35.97,3.51,221.96,12.08,0
2026-07-21 07:11:23,MC_05,67.51,34.5,2.52,218.61,14.84,0
2026-07-21 07:16:23,MC_01,88.35,57.69,8.33,219.81,21.34,1
2026-07-21 07:16:23,MC_02,61.11,42.03,2.7,227.02,15.29,0
2026-07-21 07:16:23,MC_03,54.33,39.49,1.14,219.04,13.85,0
2026-07-21 07:16:23,MC_04,50.46,43.48,2.62,217.16,11.37,0
2026-07-21 07:16:23,MC_05,52.5,42.0,2.02,230.99,14.34,0
2026-07-21 07:21:23,MC_01,56.83,36.46,3.51,219.29,13.25,0
2026-07-21 07:21:23,MC_02,56.9,32.12,2.89,222.62,11.2,0
2026-07-21 07:21:23,MC_03,61.19,42.76,2.09,233.49,11.69,0
2026-07-21 07:21:23,MC_04,59.35,47.74,2.55,217.35,10.32,0
2026-07-21 07:21:23,MC_05,61.39,42.49,2.63,217.45,14.01,0
2026-07-21 07:26:23,MC_01,73.37,45.98,2.32,222.51,12.85,0
2026-07-21 07:26:23,MC_02,55.18,44.54,2.7,214.46,13.06,0
2026-07-21 07:26:23,MC_03,81.59,40.12,2.84,172.25,29.65,1
2026-07-21 07:26:23,MC_04,54.38,37.71,1.59,215.96,14.02,0
2026-07-21 07:26:23,MC_05,60.74,39.07,2.06,221.04,11.67,0
2026-07-21 07:31:23,MC_01,62.27,37.46,2.49,222.31,10.62,0
2026-07-21 07:31:23,MC_02,62.97,43.3,2.74,221.19,11.05,0
2026-07-21 07:31:23,MC_03,45.05,42.07,2.43,212.79,11.62,0
2026-07-21 07:31:23,MC_04,59.66,41.42,2.48,215.39,12.7,0
2026-07-21 07:31:23,MC_05,61.54,39.13,2.24,213.86,11.2,0
2026-07-21 07:36:23,MC_01,55.93,45.26,2.88,232.21,12.35,0
2026-07-21 07:36:23,MC_02,63.6,39.71,3.26,219.74,13.46,0
2026-07-21 07:36:23,MC_03,60.93,44.59,2.45,215.82,11.92,0
2026-07-21 07:36:23,MC_04,48.76,43.74,2.83,229.49,10.56,0
2026-07-21 07:36:23,MC_05,56.28,38.34,2.09,222.0,13.65,0
2026-07-21 07:41:23,MC_01,65.86,38.98,2.37,222.56,10.97,0
2026-07-21 07:41:23,MC_02,65.12,35.39,2.93,226.78,11.77,0
2026-07-21 07:41:23,MC_03,61.48,35.37,2.17,223.8,13.82,0
2026-07-21 07:41:23,MC_04,64.75,33.85,1.49,213.12,16.23,0
2026-07-21 07:41:23,MC_05,70.39,33.61,2.39,217.84,13.94,0
2026-07-21 07:46:23,MC_01,63.27,43.09,1.57,222.66,11.97,0
2026-07-21 07:46:23,MC_02,54.27,37.63,2.64,220.62,11.72,0
2026-07-21 07:46:23,MC_03,58.49,46.86,2.32,222.53,14.43,0
2026-07-21 07:46:23,MC_04,59.45,39.91,1.69,213.9,12.36,0
2026-07-21 07:46:23,MC_05,58.11,43.02,3.08,222.66,11.05,0
2026-07-21 07:51:23,MC_01,63.42,41.12,2.04,215.21,13.27,0
2026-07-21 07:51:23,MC_02,61.57,42.41,2.24,219.36,13.12,0
2026-07-21 07:51:23,MC_03,60.18,37.0,2.16,220.22,8.12,0
2026-07-21 07:51:23,MC_04,68.75,42.55,2.63,213.17,10.4,0
2026-07-21 07:51:23,MC_05,76.24,61.0,10.94,214.35,18.38,1
2026-07-21 07:56:23,MC_01,63.8,44.78,1.98,210.35,13.07,0
2026-07-21 07:56:23,MC_02,62.77,32.13,2.07,208.06,12.39,0
2026-07-21 07:56:23,MC_03,67.87,47.14,2.81,231.9,12.24,0
2026-07-21 07:56:23,MC_04,59.26,40.99,1.29,228.69,12.59,0
2026-07-21 07:56:23,MC_05,59.46,37.79,2.78,220.22,12.67,0
2026-07-21 08:01:23,MC_01,53.4,45.11,2.26,220.29,11.1,0
2026-07-21 08:01:23,MC_02,58.56,43.6,2.72,217.02,12.55,0
2026-07-21 08:01:23,MC_03,62.67,34.9,1.49,225.95,11.8,0
2026-07-21 08:01:23,MC_04,62.08,36.53,3.13,221.75,11.73,0
2026-07-21 08:01:23,MC_05,61.87,45.95,2.66,220.93,11.52,0
2026-07-21 08:06:23,MC_01,65.41,41.43,2.62,222.01,10.84,0
2026-07-21 08:06:23,MC_02,66.01,35.54,1.97,230.3,13.72,0
2026-07-21 08:06:23,MC_03,55.92,33.21,1.45,219.89,14.34,0
2026-07-21 08:06:23,MC_04,67.61,45.04,2.92,221.59,13.73,0
2026-07-21 08:06:23,MC_05,49.95,36.35,2.85,224.64,11.09,0
2026-07-21 08:11:23,MC_01,58.45,40.62,3.54,218.59,11.63,0
2026-07-21 08:11:23,MC_02,60.75,45.88,2.38,215.72,14.96,0
2026-07-21 08:11:23,MC_03,69.31,44.5,3.3,227.17,15.97,0
2026-07-21 08:11:23,MC_04,54.82,37.92,2.56,217.55,10.22,0
2026-07-21 08:11:23,MC_05,65.72,37.7,2.9,213.39,7.2,0
2026-07-21 08:16:23,MC_01,59.33,36.0,2.15,215.06,10.65,0
2026-07-21 08:16:23,MC_02,53.21,31.48,1.4,232.31,11.91,0
2026-07-21 08:16:23,MC_03,67.62,41.23,2.82,213.77,11.43,0
2026-07-21 08:16:23,MC_04,66.49,44.25,1.45,215.6,12.16,0
2026-07-21 08:16:23,MC_05,64.21,46.1,2.18,231.69,11.93,0
2026-07-21 08:21:23,MC_01,58.88,42.25,2.66,221.27,14.99,0
2026-07-21 08:21:23,MC_02,61.24,45.89,2.84,212.22,9.59,0
2026-07-21 08:21:23,MC_03,56.61,33.28,1.94,228.23,12.75,0
2026-07-21 08:21:23,MC_04,65.0,38.51,2.42,222.08,13.63,0
2026-07-21 08:21:23,MC_05,64.11,47.71,2.4,225.95,12.87,0
2026-07-21 08:26:23,MC_01,63.07,41.38,2.67,217.12,11.85,0
2026-07-21 08:26:23,MC_02,57.6,34.69,2.21,223.57,14.18,0
2026-07-21 08:26:23,MC_03,70.38,41.34,2.38,222.01,13.65,0
2026-07-21 08:26:23,MC_04,57.51,37.91,2.3,216.87,13.8,0
2026-07-21 08:26:23,MC_05,56.18,40.92,2.3,228.42,11.05,0
2026-07-21 08:31:23,MC_01,58.48,34.71,2.04,210.22,10.66,0
2026-07-21 08:31:23,MC_02,59.62,38.7,2.25,219.83,11.83,0
2026-07-21 08:31:23,MC_03,57.83,43.11,2.8,219.84,13.79,0
2026-07-21 08:31:23,MC_04,60.41,39.36,2.47,220.83,10.62,0
2026-07-21 08:31:23,MC_05,64.17,36.0,3.04,211.77,11.16,0
2026-07-21 08:36:23,MC_01,68.53,41.01,3.1,212.77,13.98,0
2026-07-21 08:36:23,MC_02,56.93,46.73,2.48,213.36,12.71,0
2026-07-21 08:36:23,MC_03,66.51,43.25,2.29,222.96,12.54,0
2026-07-21 08:36:23,MC_04,61.04,40.66,2.49,220.45,13.81,0
2026-07-21 08:36:23,MC_05,61.77,32.37,2.98,212.18,14.14,0
2026-07-21 08:41:23,MC_01,50.07,42.92,2.71,223.09,13.42,0
2026-07-21 08:41:23,MC_02,60.89,38.23,3.1,215.81,9.24,0
2026-07-21 08:41:23,MC_03,58.49,42.42,1.5,205.09,12.4,0
2026-07-21 08:41:23,MC_04,65.02,33.16,2.76,225.95,11.99,0
2026-07-21 08:41:23,MC_05,58.69,43.28,3.46,217.21,11.87,0
2026-07-21 08:46:23,MC_01,55.05,44.63,3.21,223.94,13.57,0
2026-07-21 08:46:23,MC_02,62.18,40.08,3.5,210.39,12.93,0
2026-07-21 08:46:23,MC_03,63.02,38.64,1.68,227.29,16.05,0
2026-07-21 08:46:23,MC_04,58.29,37.44,1.84,214.52,11.12,0
2026-07-21 08:46:23,MC_05,66.04,36.39,1.92,222.25,12.52,0
2026-07-21 08:51:23,MC_01,66.8,43.06,2.86,221.85,11.72,0
2026-07-21 08:51:23,MC_02,56.42,42.27,1.72,221.7,11.54,0
2026-07-21 08:51:23,MC_03,60.89,49.42,2.74,218.51,11.84,0
2026-07-21 08:51:23,MC_04,54.14,41.33,1.97,223.9,10.6,0
2026-07-21 08:51:23,MC_05,57.1,36.83,2.47,225.05,13.34,0
2026-07-21 08:56:23,MC_01,63.54,41.94,2.26,225.6,9.4,0
2026-07-21 08:56:23,MC_02,59.55,37.11,2.48,216.21,12.77,0
2026-07-21 08:56:23,MC_03,64.73,43.04,2.94,216.11,9.69,0
2026-07-21 08:56:23,MC_04,61.39,43.7,1.71,220.34,13.69,0
2026-07-21 08:56:23,MC_05,59.42,39.27,2.32,218.25,12.2,0
2026-07-21 09:01:23,MC_01,48.64,39.92,3.52,210.05,11.72,0
2026-07-21 09:01:23,MC_02,58.93,36.45,1.53,217.33,11.0,0
2026-07-21 09:01:23,MC_03,54.07,39.67,2.32,214.63,13.34,0
2026-07-21 09:01:23,MC_04,58.59,40.22,2.79,221.44,12.22,0
2026-07-21 09:01:23,MC_05,60.79,36.15,2.9,219.35,12.97,0
2026-07-21 09:06:23,MC_01,55.07,39.4,2.96,212.94,11.58,0
2026-07-21 09:06:23,MC_02,71.38,40.81,2.09,221.76,13.66,0
2026-07-21 09:06:23,MC_03,55.87,41.85,2.4,222.01,13.28,0
2026-07-21 09:06:23,MC_04,59.9,47.02,2.67,226.2,11.23,0
2026-07-21 09:06:23,MC_05,61.31,44.91,1.94,225.76,14.53,0
2026-07-21 09:11:23,MC_01,59.88,40.72,2.32,214.07,14.21,0
2026-07-21 09:11:23,MC_02,55.7,34.11,1.73,217.84,13.24,0
2026-07-21 09:11:23,MC_03,66.95,43.19,2.6,220.82,13.01,0
2026-07-21 09:11:23,MC_04,71.63,35.09,2.58,223.87,11.83,0
2026-07-21 09:11:23,MC_05,55.06,43.47,2.28,209.39,11.32,0
2026-07-21 09:16:23,MC_01,59.71,34.84,2.56,217.33,11.46,0
2026-07-21 09:16:23,MC_02,55.01,39.8,4.07,229.28,10.5,0
2026-07-21 09:16:23,MC_03,60.33,38.74,2.57,224.58,11.81,0
2026-07-21 09:16:23,MC_04,53.83,40.76,1.76,214.87,13.12,0
2026-07-21 09:16:23,MC_05,56.6,36.68,1.87,222.75,9.68,0
2026-07-21 09:21:23,MC_01,58.29,38.38,2.14,213.91,11.04,0
2026-07-21 09:21:23,MC_02,63.29,44.47,2.8,213.62,12.67,0
2026-07-21 09:21:23,MC_03,52.07,38.24,2.59,222.96,11.22,0
2026-07-21 09:21:23,MC_04,49.82,47.96,2.49,226.56,10.41,0
2026-07-21 09:21:23,MC_05,61.85,36.43,2.8,217.49,15.03,0
2026-07-21 09:26:23,MC_01,68.97,30.79,2.8,216.28,12.97,0
2026-07-21 09:26:23,MC_02,53.28,45.76,3.02,212.93,11.73,0
2026-07-21 09:26:23,MC_03,60.81,42.88,2.49,223.93,11.89,0
2026-07-21 09:26:23,MC_04,59.87,44.6,3.21,220.87,11.85,0
2026-07-21 09:26:23,MC_05,66.84,39.57,2.52,214.48,10.13,0
2026-07-21 09:31:23,MC_01,79.82,39.34,3.01,190.89,19.71,1
2026-07-21 09:31:23,MC_02,64.97,39.97,3.02,218.39,11.56,0
2026-07-21 09:31:23,MC_03,67.02,40.4,3.73,220.76,11.43,0
2026-07-21 09:31:23,MC_04,60.45,28.76,2.26,208.41,12.77,0
2026-07-21 09:31:23,MC_05,52.64,39.66,2.58,217.53,11.93,0
2026-07-21 09:36:23,MC_01,51.58,40.35,2.44,218.8,11.33,0
2026-07-21 09:36:23,MC_02,59.33,42.16,3.28,222.01,13.13,0
2026-07-21 09:36:23,MC_03,55.71,47.11,1.88,230.87,13.72,0
2026-07-21 09:36:23,MC_04,55.48,42.5,1.46,212.47,13.19,0
2026-07-21 09:36:23,MC_05,65.95,36.53,2.12,222.26,11.7,0
2026-07-21 09:41:23,MC_01,54.87,42.98,2.85,218.52,12.43,0
2026-07-21 09:41:23,MC_02,58.54,26.42,2.44,215.03,10.72,0
2026-07-21 09:41:23,MC_03,65.38,41.36,2.34,221.65,13.65,0
2026-07-21 09:41:23,MC_04,68.31,41.24,1.6,221.38,12.33,0
2026-07-21 09:41:23,MC_05,60.39,42.21,3.08,219.65,11.41,0
2026-07-21 09:46:23,MC_01,58.18,46.85,2.18,218.82,13.43,0
2026-07-21 09:46:23,MC_02,63.28,39.77,2.4,217.49,10.64,0
2026-07-21 09:46:23,MC_03,59.88,42.34,2.68,219.59,12.48,0
2026-07-21 09:46:23,MC_04,52.84,41.02,2.8,220.52,12.01,0
2026-07-21 09:46:23,MC_05,54.71,39.73,2.36,211.92,12.55,0
2026-07-21 09:51:23,MC_01,58.78,34.68,2.56,222.49,8.61,0
2026-07-21 09:51:23,MC_02,59.82,41.97,3.03,222.84,11.46,0
2026-07-21 09:51:23,MC_03,63.73,43.38,3.02,225.6,13.19,0
2026-07-21 09:51:23,MC_04,60.14,40.58,2.56,224.93,15.15,0
2026-07-21 09:51:23,MC_05,54.97,40.78,1.66,216.51,12.03,0
2026-07-21 09:56:23,MC_01,65.35,39.86,3.23,217.98,12.65,0
2026-07-21 09:56:23,MC_02,57.14,36.97,1.63,227.73,11.46,0
2026-07-21 09:56:23,MC_03,62.39,35.57,2.52,222.53,12.13,0
2026-07-21 09:56:23,MC_04,49.76,33.69,2.44,208.02,10.82,0
2026-07-21 09:56:23,MC_05,57.64,46.08,2.17,217.39,9.23,0
2026-07-21 10:01:23,MC_01,54.54,43.66,2.92,217.2,9.11,0
2026-07-21 10:01:23,MC_02,73.39,46.14,2.57,175.47,29.95,1
2026-07-21 10:01:23,MC_03,62.78,38.02,2.97,226.17,9.56,0
2026-07-21 10:01:23,MC_04,53.52,43.05,2.41,225.14,12.36,0
2026-07-21 10:01:23,MC_05,61.7,41.37,2.16,225.01,9.16,0
2026-07-21 10:06:23,MC_01,61.04,43.94,1.95,214.29,12.87,0
2026-07-21 10:06:23,MC_02,63.22,36.89,2.99,210.31,12.71,0
2026-07-21 10:06:23,MC_03,53.77,45.13,2.25,219.61,11.34,0
2026-07-21 10:06:23,MC_04,61.54,39.89,2.88,218.79,11.69,0
2026-07-21 10:06:23,MC_05,63.83,43.39,2.16,220.33,11.06,0
2026-07-21 10:11:23,MC_01,61.7,26.42,3.15,225.16,10.64,0
2026-07-21 10:11:23,MC_02,67.94,48.24,2.36,222.05,12.2,0
2026-07-21 10:11:23,MC_03,58.86,43.68,2.91,219.79,14.09,0
2026-07-21 10:11:23,MC_04,61.17,39.76,2.53,216.06,16.4,0
2026-07-21 10:11:23,MC_05,69.54,34.63,2.81,220.12,14.69,0
2026-07-21 10:16:23,MC_01,55.45,38.03,2.27,230.14,12.19,0
2026-07-21 10:16:23,MC_02,62.02,41.35,2.21,211.86,11.92,0
2026-07-21 10:16:23,MC_03,59.61,42.3,2.57,218.2,14.6,0
2026-07-21 10:16:23,MC_04,57.74,41.2,2.83,213.32,10.97,0
2026-07-21 10:16:23,MC_05,62.24,40.69,2.01,221.39,12.92,0
2026-07-21 10:21:23,MC_01,63.63,39.84,2.34,228.77,11.01,0
2026-07-21 10:21:23,MC_02,89.23,61.74,8.17,218.39,27.1,1
2026-07-21 10:21:23,MC_03,61.85,45.49,2.09,222.39,14.01,0
2026-07-21 10:21:23,MC_04,65.92,46.11,1.35,217.87,9.39,0
2026-07-21 10:21:23,MC_05,57.86,45.44,1.9,220.9,14.4,0
2026-07-21 10:26:23,MC_01,59.24,36.6,3.27,216.61,11.64,0
2026-07-21 10:26:23,MC_02,51.78,42.47,2.15,217.53,11.86,0
2026-07-21 10:26:23,MC_03,57.11,41.21,2.88,219.67,12.1,0
2026-07-21 10:26:23,MC_04,60.45,40.51,2.45,219.24,11.82,0
2026-07-21 10:26:23,MC_05,60.93,43.97,3.5,232.31,12.2,0
2026-07-21 10:31:23,MC_01,60.73,44.33,2.14,219.38,10.48,0
2026-07-21 10:31:23,MC_02,68.33,40.26,1.83,222.27,12.58,0
2026-07-21 10:31:23,MC_03,51.14,37.08,2.35,218.55,11.24,0
2026-07-21 10:31:23,MC_04,60.64,44.71,2.68,218.4,11.73,0
2026-07-21 10:31:23,MC_05,66.67,40.03,1.8,219.03,9.76,0
2026-07-21 10:36:23,MC_01,59.33,40.59,2.44,218.62,11.42,0
2026-07-21 10:36:23,MC_02,65.67,41.13,1.74,220.66,14.28,0
2026-07-21 10:36:23,MC_03,57.69,36.58,1.91,212.18,13.02,0
2026-07-21 10:36:23,MC_04,64.35,37.66,1.92,224.35,11.81,0
2026-07-21 10:36:23,MC_05,49.97,45.55,2.92,224.48,10.68,0
2026-07-21 10:41:23,MC_01,60.09,42.59,2.56,227.22,11.35,0
2026-07-21 10:41:23,MC_02,60.21,45.3,2.44,232.33,9.98,0
2026-07-21 10:41:23,MC_03,66.23,36.47,2.2,212.93,14.2,0
2026-07-21 10:41:23,MC_04,51.39,40.48,3.75,225.69,13.85,0
2026-07-21 10:41:23,MC_05,60.83,39.99,2.46,216.94,14.07,0
2026-07-21 10:46:23,MC_01,57.37,43.32,3.3,208.85,14.32,0
2026-07-21 10:46:23,MC_02,61.87,42.4,2.67,215.0,11.82,0
2026-07-21 10:46:23,MC_03,57.55,41.95,1.96,229.21,12.39,0
2026-07-21 10:46:23,MC_04,61.25,43.16,4.07,225.73,13.64,0
2026-07-21 10:46:23,MC_05,58.22,34.76,2.29,225.68,12.57,0
2026-07-21 10:51:23,MC_01,56.07,41.86,2.16,217.23,10.07,0
2026-07-21 10:51:23,MC_02,68.32,41.33,2.7,216.57,12.35,0
2026-07-21 10:51:23,MC_03,63.76,39.96,2.51,218.94,12.16,0
2026-07-21 10:51:23,MC_04,59.84,37.44,3.22,216.7,11.79,0
2026-07-21 10:51:23,MC_05,90.38,66.77,6.83,209.71,23.48,1
2026-07-21 10:56:23,MC_01,53.55,42.42,2.76,224.9,9.92,0
2026-07-21 10:56:23,MC_02,50.47,38.81,2.74,210.62,10.87,0
2026-07-21 10:56:23,MC_03,69.98,40.84,2.21,228.56,10.51,0
2026-07-21 10:56:23,MC_04,57.39,34.03,2.35,219.13,13.79,0
2026-07-21 10:56:23,MC_05,54.92,32.43,2.14,216.17,14.52,0
2026-07-21 11:01:23,MC_01,38.52,32.37,2.86,223.91,10.89,0
2026-07-21 11:01:23,MC_02,60.14,38.51,2.91,225.53,10.56,0
2026-07-21 11:01:23,MC_03,60.24,41.42,2.89,224.86,12.54,0
2026-07-21 11:01:23,MC_04,61.15,42.36,2.66,219.13,11.75,0
2026-07-21 11:01:23,MC_05,66.61,39.64,2.32,216.31,12.63,0
2026-07-21 11:06:23,MC_01,57.44,38.29,1.8,214.85,10.69,0
2026-07-21 11:06:23,MC_02,90.74,55.38,6.5,217.08,23.99,1
2026-07-21 11:06:23,MC_03,62.13,39.45,3.14,225.63,12.82,0
2026-07-21 11:06:23,MC_04,57.06,37.36,2.64,230.34,11.57,0
2026-07-21 11:06:23,MC_05,60.29,41.45,2.74,229.7,10.43,0
2026-07-21 11:11:23,MC_01,61.42,37.86,1.63,223.21,10.89,0
2026-07-21 11:11:23,MC_02,58.83,28.12,1.7,218.61,15.46,0
2026-07-21 11:11:23,MC_03,66.73,42.82,2.71,220.61,9.14,0
2026-07-21 11:11:23,MC_04,52.1,44.83,2.52,216.82,11.58,0
2026-07-21 11:11:23,MC_05,66.87,40.51,2.83,217.58,9.11,0
2026-07-21 11:16:23,MC_01,63.27,40.34,3.71,215.29,10.37,0
2026-07-21 11:16:23,MC_02,59.02,39.61,2.34,217.27,10.51,0
2026-07-21 11:16:23,MC_03,62.78,41.48,3.06,221.08,13.06,0
2026-07-21 11:16:23,MC_04,58.81,47.59,3.39,215.81,12.75,0
2026-07-21 11:16:23,MC_05,58.69,44.55,2.55,210.72,14.88,0
2026-07-21 11:21:23,MC_01,51.35,35.92,1.88,226.51,11.09,0
2026-07-21 11:21:23,MC_02,54.19,41.86,2.68,221.27,9.08,0
2026-07-21 11:21:23,MC_03,64.74,43.04,2.41,228.63,9.92,0
2026-07-21 11:21:23,MC_04,48.66,44.4,1.79,223.21,10.89,0
2026-07-21 11:21:23,MC_05,55.81,46.63,2.51,220.58,13.78,0
2026-07-21 11:26:23,MC_01,66.57,40.2,1.75,219.56,11.47,0
2026-07-21 11:26:23,MC_02,66.39,38.71,2.27,222.69,14.46,0
2026-07-21 11:26:23,MC_03,57.08,47.73,3.03,218.18,12.42,0
2026-07-21 11:26:23,MC_04,55.86,37.24,3.09,221.14,12.54,0
2026-07-21 11:26:23,MC_05,57.52,37.64,2.19,215.67,9.93,0
2026-07-21 11:31:23,MC_01,68.3,34.65,2.3,223.67,8.79,0
2026-07-21 11:31:23,MC_02,63.87,36.7,1.96,222.92,13.05,0
2026-07-21 11:31:23,MC_03,66.04,38.22,2.0,219.38,11.86,0
2026-07-21 11:31:23,MC_04,58.71,42.52,2.32,212.8,14.38,0
2026-07-21 11:31:23,MC_05,59.19,40.08,2.06,217.57,13.19,0
2026-07-21 11:36:23,MC_01,54.46,37.66,2.51,220.55,10.69,0
2026-07-21 11:36:23,MC_02,62.12,39.71,2.1,223.16,12.22,0
2026-07-21 11:36:23,MC_03,59.65,39.39,1.39,223.69,10.27,0
2026-07-21 11:36:23,MC_04,53.52,37.03,3.43,217.82,14.51,0
2026-07-21 11:36:23,MC_05,62.32,38.96,2.59,221.67,12.67,0
2026-07-21 11:41:23,MC_01,63.07,47.83,1.72,219.42,13.2,0
2026-07-21 11:41:23,MC_02,53.07,36.12,2.03,221.92,12.79,0
2026-07-21 11:41:23,MC_03,56.76,45.02,2.76,223.67,14.38,0
2026-07-21 11:41:23,MC_04,63.46,34.75,1.95,222.98,14.51,0
2026-07-21 11:41:23,MC_05,52.48,40.54,2.0,221.95,10.01,0
2026-07-21 11:46:23,MC_01,60.82,37.88,1.72,225.12,11.56,0
2026-07-21 11:46:23,MC_02,56.72,37.37,3.22,220.41,11.34,0
2026-07-21 11:46:23,MC_03,51.7,38.32,3.26,227.16,11.61,0
2026-07-21 11:46:23,MC_04,65.59,38.91,3.51,217.3,11.46,0
2026-07-21 11:46:23,MC_05,59.21,43.09,2.36,230.77,13.16,0
2026-07-21 11:51:23,MC_01,63.59,42.74,2.17,218.81,13.49,0
2026-07-21 11:51:23,MC_02,64.05,39.18,3.09,221.31,12.68,0
2026-07-21 11:51:23,MC_03,52.26,44.42,2.88,229.32,12.12,0
2026-07-21 11:51:23,MC_04,55.03,25.68,2.75,224.68,13.83,0
2026-07-21 11:51:23,MC_05,55.49,42.04,2.79,223.09,11.1,0
2026-07-21 11:56:23,MC_01,61.78,44.47,1.56,219.93,13.5,0
2026-07-21 11:56:23,MC_02,64.72,47.47,2.99,208.37,11.33,0
2026-07-21 11:56:23,MC_03,67.13,43.1,3.44,217.84,9.25,0
2026-07-21 11:56:23,MC_04,58.94,34.31,2.27,206.03,12.03,0
2026-07-21 11:56:23,MC_05,62.17,41.29,2.18,226.27,13.07,0
2026-07-21 12:01:23,MC_01,56.89,45.17,2.52,224.42,9.0,0
2026-07-21 12:01:23,MC_02,60.74,41.14,1.92,216.29,13.13,0
2026-07-21 12:01:23,MC_03,66.51,42.3,3.2,215.47,12.36,0
2026-07-21 12:01:23,MC_04,60.49,38.17,2.7,217.56,13.71,0
2026-07-21 12:01:23,MC_05,60.11,40.34,2.23,216.14,11.19,0
2026-07-21 12:06:23,MC_01,59.22,35.45,1.9,215.43,12.5,0
2026-07-21 12:06:23,MC_02,62.13,41.48,3.42,231.62,13.59,0
2026-07-21 12:06:23,MC_03,63.52,35.42,1.72,220.79,10.87,0
2026-07-21 12:06:23,MC_04,63.97,35.5,2.63,216.18,9.93,0
2026-07-21 12:06:23,MC_05,55.93,37.41,2.49,216.98,10.61,0
2026-07-21 12:11:23,MC_01,58.1,40.14,2.29,220.99,13.45,0
2026-07-21 12:11:23,MC_02,65.3,43.91,2.19,215.36,11.16,0
2026-07-21 12:11:23,MC_03,56.19,44.31,1.95,217.39,12.31,0
2026-07-21 12:11:23,MC_04,64.17,35.05,3.03,214.79,11.28,0
2026-07-21 12:11:23,MC_05,54.9,41.89,2.71,223.77,12.43,0
2026-07-21 12:16:23,MC_01,61.12,36.08,2.16,219.49,11.97,0
2026-07-21 12:16:23,MC_02,71.58,41.62,2.16,223.91,11.06,0
2026-07-21 12:16:23,MC_03,61.77,37.63,2.54,217.49,11.24,0
2026-07-21 12:16:23,MC_04,70.83,29.99,1.39,220.29,13.13,0
2026-07-21 12:16:23,MC_05,53.28,40.86,2.42,216.99,12.57,0
2026-07-21 12:21:23,MC_01,50.44,39.67,2.55,219.17,11.23,0
2026-07-21 12:21:23,MC_02,63.14,37.27,2.55,217.26,11.51,0
2026-07-21 12:21:23,MC_03,59.52,39.22,3.04,220.24,13.2,0
2026-07-21 12:21:23,MC_04,56.4,46.63,2.6,216.97,11.66,0
2026-07-21 12:21:23,MC_05,57.95,39.94,2.63,215.93,11.45,0
2026-07-21 12:26:23,MC_01,66.69,44.8,2.1,229.47,10.81,0
2026-07-21 12:26:23,MC_02,62.04,45.31,2.1,214.36,12.74,0
2026-07-21 12:26:23,MC_03,59.64,38.61,1.82,226.59,12.38,0
2026-07-21 12:26:23,MC_04,51.31,40.72,1.74,223.75,14.02,0
2026-07-21 12:26:23,MC_05,59.55,39.72,2.79,222.38,11.67,0
2026-07-21 12:31:23,MC_01,63.54,39.06,2.65,213.73,13.73,0
2026-07-21 12:31:23,MC_02,55.64,38.23,2.24,222.61,14.22,0
2026-07-21 12:31:23,MC_03,65.2,37.15,3.66,214.7,13.09,0
2026-07-21 12:31:23,MC_04,52.32,35.93,2.01,217.01,13.24,0
2026-07-21 12:31:23,MC_05,64.03,36.03,2.45,226.12,10.72,0
2026-07-21 12:36:23,MC_01,62.87,37.1,2.02,218.51,10.34,0
2026-07-21 12:36:23,MC_02,62.6,42.06,2.27,209.99,12.68,0
2026-07-21 12:36:23,MC_03,57.76,37.51,3.1,227.34,11.24,0
2026-07-21 12:36:23,MC_04,56.13,28.98,1.7,216.08,13.61,0
2026-07-21 12:36:23,MC_05,62.26,44.23,2.85,220.0,12.14,0
2026-07-21 12:41:23,MC_01,62.69,39.11,2.66,221.81,12.36,0
2026-07-21 12:41:23,MC_02,57.16,45.35,3.16,213.68,8.97,0
2026-07-21 12:41:23,MC_03,51.77,38.5,3.21,222.29,13.23,0
2026-07-21 12:41:23,MC_04,66.61,44.67,2.1,212.4,14.1,0
2026-07-21 12:41:23,MC_05,67.69,38.37,2.23,222.79,10.36,0
2026-07-21 12:46:23,MC_01,58.8,44.4,2.63,219.32,13.47,0
2026-07-21 12:46:23,MC_02,60.76,37.14,3.13,219.87,7.01,0
2026-07-21 12:46:23,MC_03,61.4,32.32,3.54,221.81,12.54,0
2026-07-21 12:46:23,MC_04,61.99,35.94,2.3,222.18,11.17,0
2026-07-21 12:46:23,MC_05,50.4,35.58,2.11,219.01,14.88,0
2026-07-21 12:51:23,MC_01,70.38,44.31,2.64,214.47,9.41,0
2026-07-21 12:51:23,MC_02,57.55,39.1,2.58,221.73,12.31,0
2026-07-21 12:51:23,MC_03,60.03,37.5,2.22,220.16,10.93,0
2026-07-21 12:51:23,MC_04,64.53,42.76,1.85,227.36,10.02,0
2026-07-21 12:51:23,MC_05,71.21,29.85,2.57,219.87,11.07,0
2026-07-21 12:56:23,MC_01,64.95,36.28,1.54,216.27,12.86,0
2026-07-21 12:56:23,MC_02,62.6,41.41,2.6,228.74,11.57,0
2026-07-21 12:56:23,MC_03,55.31,43.62,2.5,221.27,11.57,0
2026-07-21 12:56:23,MC_04,65.91,42.34,1.74,218.31,11.63,0
2026-07-21 12:56:23,MC_05,62.77,40.58,0.99,214.85,11.45,0
2026-07-21 13:01:23,MC_01,57.62,39.05,2.89,225.82,11.76,0
2026-07-21 13:01:23,MC_02,62.93,42.69,3.53,223.49,9.57,0
2026-07-21 13:01:23,MC_03,64.49,34.75,3.05,224.94,9.9,0
2026-07-21 13:01:23,MC_04,63.54,41.17,2.5,219.58,9.14,0
2026-07-21 13:01:23,MC_05,55.88,39.77,2.25,217.86,9.24,0
2026-07-21 13:06:23,MC_01,63.3,44.79,2.93,219.67,13.87,0
2026-07-21 13:06:23,MC_02,54.42,31.07,2.15,218.06,9.55,0
2026-07-21 13:06:23,MC_03,55.81,42.96,2.63,216.2,13.86,0
2026-07-21 13:06:23,MC_04,58.84,40.38,2.65,225.99,13.06,0
2026-07-21 13:06:23,MC_05,65.47,36.21,1.85,224.52,9.06,0
2026-07-21 13:11:23,MC_01,58.94,35.42,2.13,229.33,11.61,0
2026-07-21 13:11:23,MC_02,55.58,47.7,2.36,222.43,10.2,0
2026-07-21 13:11:23,MC_03,52.59,40.19,2.63,220.64,9.58,0
2026-07-21 13:11:23,MC_04,55.17,31.84,2.98,227.55,13.72,0
2026-07-21 13:11:23,MC_05,70.84,44.29,2.09,227.55,12.25,0
2026-07-21 13:16:23,MC_01,66.6,39.46,2.62,220.46,10.46,0
2026-07-21 13:16:23,MC_02,58.62,33.7,2.38,230.72,12.68,0
2026-07-21 13:16:23,MC_03,58.42,37.12,3.34,214.66,11.41,0
2026-07-21 13:16:23,MC_04,54.47,44.25,2.41,220.69,13.78,0
2026-07-21 13:16:23,MC_05,62.41,50.48,3.08,220.61,12.09,0
2026-07-21 13:21:23,MC_01,62.64,44.88,2.35,215.77,12.93,0
2026-07-21 13:21:23,MC_02,57.81,38.22,2.68,217.15,14.3,0
2026-07-21 13:21:23,MC_03,61.88,34.84,2.83,227.28,11.97,0
2026-07-21 13:21:23,MC_04,60.63,44.73,2.51,231.8,13.06,0
2026-07-21 13:21:23,MC_05,53.46,38.94,2.65,222.17,11.25,0
2026-07-21 13:26:23,MC_01,60.65,47.77,2.13,222.07,12.86,0
2026-07-21 13:26:23,MC_02,63.36,39.87,2.22,222.45,13.99,0
2026-07-21 13:26:23,MC_03,61.54,35.29,1.96,221.77,12.55,0
2026-07-21 13:26:23,MC_04,60.36,34.18,2.04,218.89,12.17,0
2026-07-21 13:26:23,MC_05,57.65,32.89,2.18,223.63,12.19,0
2026-07-21 13:31:23,MC_01,64.94,43.39,1.67,216.99,13.12,0
2026-07-21 13:31:23,MC_02,62.79,42.21,3.03,226.66,9.47,0
2026-07-21 13:31:23,MC_03,64.2,47.19,3.27,226.01,11.37,0
2026-07-21 13:31:23,MC_04,88.39,58.68,7.57,221.43,26.5,1
2026-07-21 13:31:23,MC_05,59.98,39.21,3.01,222.41,10.22,0
2026-07-21 13:36:23,MC_01,55.12,31.36,2.13,218.61,11.4,0
2026-07-21 13:36:23,MC_02,63.6,31.06,2.11,223.98,11.0,0
2026-07-21 13:36:23,MC_03,53.94,37.28,2.72,218.73,10.91,0
2026-07-21 13:36:23,MC_04,62.41,41.5,1.87,220.47,10.05,0
2026-07-21 13:36:23,MC_05,65.85,44.92,2.36,225.32,10.87,0
2026-07-21 13:41:23,MC_01,59.88,40.26,2.5,219.55,12.19,0
2026-07-21 13:41:23,MC_02,66.28,38.6,2.46,226.65,12.91,0
2026-07-21 13:41:23,MC_03,59.18,43.68,1.87,222.09,12.84,0
2026-07-21 13:41:23,MC_04,65.73,38.73,2.34,218.4,10.05,0
2026-07-21 13:41:23,MC_05,68.72,43.99,2.63,224.07,13.13,0
2026-07-21 13:46:23,MC_01,55.04,37.29,1.73,214.19,11.86,0
2026-07-21 13:46:23,MC_02,56.73,40.0,2.25,219.82,12.9,0
2026-07-21 13:46:23,MC_03,55.21,39.98,2.46,221.78,12.28,0
2026-07-21 13:46:23,MC_04,56.86,43.72,2.67,224.42,11.82,0
2026-07-21 13:46:23,MC_05,53.46,35.36,2.86,215.27,11.41,0
2026-07-21 13:51:23,MC_01,58.18,46.36,2.44,215.5,13.47,0
2026-07-21 13:51:23,MC_02,56.39,40.85,2.52,219.85,12.23,0
2026-07-21 13:51:23,MC_03,54.8,37.3,2.96,216.09,12.74,0
2026-07-21 13:51:23,MC_04,64.2,43.26,2.43,217.98,13.25,0
2026-07-21 13:51:23,MC_05,93.04,46.73,6.02,217.73,17.26,1
2026-07-21 13:56:23,MC_01,58.56,41.07,1.44,219.19,12.7,0
2026-07-21 13:56:23,MC_02,57.37,44.18,2.73,218.85,12.76,0
2026-07-21 13:56:23,MC_03,64.58,36.6,3.14,215.18,11.95,0
2026-07-21 13:56:23,MC_04,49.53,38.29,3.34,219.04,12.71,0
2026-07-21 13:56:23,MC_05,44.37,42.62,2.52,213.6,10.86,0
2026-07-21 14:01:23,MC_01,58.83,43.31,2.81,228.77,12.16,0
2026-07-21 14:01:23,MC_02,58.87,40.37,1.16,218.13,12.91,0
2026-07-21 14:01:23,MC_03,58.46,46.31,2.63,219.17,15.62,0
2026-07-21 14:01:23,MC_04,53.38,36.87,3.12,214.91,12.02,0
2026-07-21 14:01:23,MC_05,56.63,42.19,2.26,219.98,10.37,0
2026-07-21 14:06:23,MC_01,53.37,41.35,3.69,218.29,11.94,0
2026-07-21 14:06:23,MC_02,65.52,42.13,2.41,223.4,12.59,0
2026-07-21 14:06:23,MC_03,59.7,37.2,1.97,212.05,10.59,0
2026-07-21 14:06:23,MC_04,59.42,41.18,2.8,213.92,11.35,0
2026-07-21 14:06:23,MC_05,54.18,40.31,2.09,222.73,12.39,0
2026-07-21 14:11:23,MC_01,80.45,45.91,6.91,222.12,24.88,1
2026-07-21 14:11:23,MC_02,70.52,38.6,2.05,219.69,12.5,0
2026-07-21 14:11:23,MC_03,56.97,43.4,2.2,224.12,10.9,0
2026-07-21 14:11:23,MC_04,61.88,43.47,3.15,218.46,12.52,0
2026-07-21 14:11:23,MC_05,72.31,31.21,2.25,223.98,13.89,0
2026-07-21 14:16:23,MC_01,53.09,37.39,2.44,212.86,11.62,0
2026-07-21 14:16:23,MC_02,67.48,39.32,1.98,176.26,26.52,1
2026-07-21 14:16:23,MC_03,60.07,38.51,2.43,214.75,12.13,0
2026-07-21 14:16:23,MC_04,59.46,46.41,2.33,227.54,13.57,0
2026-07-21 14:16:23,MC_05,58.95,37.3,2.57,217.97,13.2,0
2026-07-21 14:21:23,MC_01,62.99,41.36,2.49,216.13,14.72,0
2026-07-21 14:21:23,MC_02,63.11,49.56,2.13,220.15,12.1,0
2026-07-21 14:21:23,MC_03,61.66,35.69,2.86,215.13,11.51,0
2026-07-21 14:21:23,MC_04,56.08,35.47,2.2,217.08,12.97,0
2026-07-21 14:21:23,MC_05,58.83,38.69,3.36,216.61,11.66,0
2026-07-21 14:26:23,MC_01,61.81,41.36,2.89,226.51,11.7,0
2026-07-21 14:26:23,MC_02,67.01,41.3,2.09,216.6,10.33,0
2026-07-21 14:26:23,MC_03,59.6,44.34,2.52,216.54,12.69,0
2026-07-21 14:26:23,MC_04,63.18,43.5,3.15,219.43,13.94,0
2026-07-21 14:26:23,MC_05,58.08,38.15,2.65,225.71,13.41,0
2026-07-21 14:31:23,MC_01,64.8,40.11,2.66,233.94,13.32,0
2026-07-21 14:31:23,MC_02,60.1,38.71,2.4,216.41,14.66,0
2026-07-21 14:31:23,MC_03,59.48,35.39,2.47,217.89,10.48,0
2026-07-21 14:31:23,MC_04,63.8,38.94,1.61,220.0,12.03,0
2026-07-21 14:31:23,MC_05,56.94,41.99,2.18,223.53,13.73,0
2026-07-21 14:36:23,MC_01,47.6,40.37,3.15,226.25,13.39,0
2026-07-21 14:36:23,MC_02,63.2,39.89,2.44,226.19,12.54,0
2026-07-21 14:36:23,MC_03,58.74,41.21,2.27,224.66,9.59,0
2026-07-21 14:36:23,MC_04,70.97,42.53,2.62,216.98,11.34,0
2026-07-21 14:36:23,MC_05,53.8,43.48,3.01,218.88,10.8,0
2026-07-21 14:41:23,MC_01,54.41,42.14,3.01,220.03,13.39,0
2026-07-21 14:41:23,MC_02,64.74,39.35,2.29,220.43,9.89,0
2026-07-21 14:41:23,MC_03,59.82,30.77,2.84,213.53,11.99,0
2026-07-21 14:41:23,MC_04,67.42,40.52,2.37,224.66,11.83,0
2026-07-21 14:41:23,MC_05,65.58,41.74,2.94,219.53,13.93,0
2026-07-21 14:46:23,MC_01,57.44,40.48,2.64,220.78,13.83,0
2026-07-21 14:46:23,MC_02,64.9,33.29,2.86,226.58,13.08,0
2026-07-21 14:46:23,MC_03,61.58,39.48,1.85,221.92,10.49,0
2026-07-21 14:46:23,MC_04,53.56,36.22,1.84,219.82,12.92,0
2026-07-21 14:46:23,MC_05,56.78,39.86,2.25,216.08,13.92,0
2026-07-21 14:51:23,MC_01,59.56,42.11,2.73,212.0,13.83,0
2026-07-21 14:51:23,MC_02,76.68,42.28,3.83,183.31,24.39,1
2026-07-21 14:51:23,MC_03,61.1,46.78,2.1,221.34,11.96,0
2026-07-21 14:51:23,MC_04,59.75,35.61,2.84,220.35,9.36,0
2026-07-21 14:51:23,MC_05,55.64,40.64,1.84,216.58,12.06,0
2026-07-21 14:56:23,MC_01,51.57,40.32,2.72,215.54,10.58,0
2026-07-21 14:56:23,MC_02,56.5,47.31,2.59,219.15,11.42,0
2026-07-21 14:56:23,MC_03,65.04,37.22,2.28,219.94,12.94,0
2026-07-21 14:56:23,MC_04,68.5,40.12,2.15,213.33,11.27,0
2026-07-21 14:56:23,MC_05,54.61,40.15,2.26,211.05,13.25,0
2026-07-21 15:01:23,MC_01,55.44,38.36,2.21,213.33,10.64,0
2026-07-21 15:01:23,MC_02,59.93,35.19,2.32,223.9,10.59,0
2026-07-21 15:01:23,MC_03,65.64,37.97,2.83,225.08,14.31,0
2026-07-21 15:01:23,MC_04,53.23,44.01,2.19,203.82,12.12,0
2026-07-21 15:01:23,MC_05,60.91,41.26,3.29,218.14,10.54,0
2026-07-21 15:06:23,MC_01,64.59,40.13,2.31,223.46,14.53,0
2026-07-21 15:06:23,MC_02,52.35,35.71,2.78,219.65,10.34,0
2026-07-21 15:06:23,MC_03,60.04,46.99,2.79,222.96,12.0,0
2026-07-21 15:06:23,MC_04,58.16,43.03,2.13,218.6,14.2,0
2026-07-21 15:06:23,MC_05,61.94,42.19,2.09,228.31,12.77,0
2026-07-21 15:11:23,MC_01,65.55,47.66,2.31,225.33,12.05,0
2026-07-21 15:11:23,MC_02,50.01,44.04,2.8,223.85,15.88,0
2026-07-21 15:11:23,MC_03,59.37,46.54,1.87,226.19,12.02,0
2026-07-21 15:11:23,MC_04,55.84,36.57,2.53,215.13,14.95,0
2026-07-21 15:11:23,MC_05,57.86,45.57,2.01,218.19,13.78,0
2026-07-21 15:16:23,MC_01,61.71,39.39,2.53,224.73,12.36,0
2026-07-21 15:16:23,MC_02,65.38,37.12,1.42,218.87,12.57,0
2026-07-21 15:16:23,MC_03,57.92,37.9,2.32,219.88,10.05,0
2026-07-21 15:16:23,MC_04,62.7,41.25,2.75,210.36,12.44,0
2026-07-21 15:16:23,MC_05,57.29,35.29,1.65,216.93,13.22,0
2026-07-21 15:21:23,MC_01,65.76,40.73,2.54,218.34,11.97,0
2026-07-21 15:21:23,MC_02,66.08,38.61,2.83,217.36,13.52,0
2026-07-21 15:21:23,MC_03,69.41,29.67,2.88,222.35,12.67,0
2026-07-21 15:21:23,MC_04,61.2,43.62,2.91,219.88,11.72,0
2026-07-21 15:21:23,MC_05,68.9,34.92,2.87,223.72,11.2,0
2026-07-21 15:26:23,MC_01,61.48,45.25,3.06,216.45,10.34,0
2026-07-21 15:26:23,MC_02,60.83,35.04,1.05,217.55,15.26,0
2026-07-21 15:26:23,MC_03,57.76,41.52,2.85,219.79,11.5,0
2026-07-21 15:26:23,MC_04,59.54,43.19,1.99,213.68,9.56,0
2026-07-21 15:26:23,MC_05,62.84,40.2,1.81,218.22,13.35,0
2026-07-21 15:31:23,MC_01,57.73,42.88,1.61,218.87,11.42,0
2026-07-21 15:31:23,MC_02,53.01,37.03,3.15,220.81,13.17,0
2026-07-21 15:31:23,MC_03,70.43,43.42,1.96,221.13,10.51,0
2026-07-21 15:31:23,MC_04,66.97,41.04,1.94,218.63,12.56,0
2026-07-21 15:31:23,MC_05,59.22,36.67,2.27,219.9,10.63,0
2026-07-21 15:36:23,MC_01,59.87,35.02,2.19,222.94,9.78,0
2026-07-21 15:36:23,MC_02,60.53,40.11,1.21,217.53,12.5,0
2026-07-21 15:36:23,MC_03,58.94,43.96,2.77,216.22,9.81,0
2026-07-21 15:36:23,MC_04,57.36,40.8,3.07,226.43,12.09,0
2026-07-21 15:36:23,MC_05,57.45,38.84,2.84,220.98,11.26,0
2026-07-21 15:41:23,MC_01,57.31,34.47,3.06,219.4,14.14,0
2026-07-21 15:41:23,MC_02,57.76,38.75,1.88,222.01,12.16,0
2026-07-21 15:41:23,MC_03,67.37,34.17,3.11,215.11,12.52,0
2026-07-21 15:41:23,MC_04,54.27,37.32,2.55,228.78,8.81,0
2026-07-21 15:41:23,MC_05,50.42,35.5,2.26,222.34,12.13,0
2026-07-21 15:46:23,MC_01,53.44,32.66,2.71,219.02,14.42,0
2026-07-21 15:46:23,MC_02,62.72,43.29,2.72,222.27,8.56,0
2026-07-21 15:46:23,MC_03,58.82,35.99,2.36,224.0,12.45,0
2026-07-21 15:46:23,MC_04,61.3,37.82,1.85,222.43,10.84,0
2026-07-21 15:46:23,MC_05,58.79,44.31,2.39,217.78,11.58,0
2026-07-21 15:51:23,MC_01,68.39,37.8,2.89,214.91,12.82,0
2026-07-21 15:51:23,MC_02,60.85,41.66,2.39,219.11,12.87,0
2026-07-21 15:51:23,MC_03,95.1,52.57,8.37,229.03,23.54,1
2026-07-21 15:51:23,MC_04,57.15,36.44,2.96,224.06,15.6,0
2026-07-21 15:51:23,MC_05,60.18,41.43,2.81,210.7,9.75,0
2026-07-21 15:56:23,MC_01,64.87,39.15,2.66,217.71,14.76,0
2026-07-21 15:56:23,MC_02,59.2,38.43,2.46,224.51,12.19,0
2026-07-21 15:56:23,MC_03,57.04,32.22,2.95,223.09,14.34,0
2026-07-21 15:56:23,MC_04,61.9,33.97,2.58,220.92,13.11,0
2026-07-21 15:56:23,MC_05,68.99,39.33,3.78,224.41,11.61,0
2026-07-21 16:01:23,MC_01,66.8,39.02,2.84,218.07,12.11,0
2026-07-21 16:01:23,MC_02,66.37,38.53,0.98,216.22,14.22,0
2026-07-21 16:01:23,MC_03,67.93,37.14,1.7,217.66,13.45,0
2026-07-21 16:01:23,MC_04,58.9,44.13,3.29,209.69,13.72,0
2026-07-21 16:01:23,MC_05,51.76,32.58,2.12,215.92,11.84,0
2026-07-21 16:06:23,MC_01,67.4,39.72,1.73,214.91,12.5,0
2026-07-21 16:06:23,MC_02,65.77,42.6,2.23,215.09,14.95,0
2026-07-21 16:06:23,MC_03,56.5,39.64,1.89,220.19,13.98,0
2026-07-21 16:06:23,MC_04,57.2,41.56,2.74,220.41,11.3,0
2026-07-21 16:06:23,MC_05,59.39,41.05,2.38,215.79,13.88,0
2026-07-21 16:11:23,MC_01,87.43,57.45,6.27,227.07,15.54,1
2026-07-21 16:11:23,MC_02,54.96,34.27,3.2,216.31,12.35,0
2026-07-21 16:11:23,MC_03,56.03,41.19,2.01,221.57,11.82,0
2026-07-21 16:11:23,MC_04,63.15,42.91,2.34,221.83,11.33,0
2026-07-21 16:11:23,MC_05,58.99,38.12,2.13,230.17,12.73,0
2026-07-21 16:16:23,MC_01,60.34,37.82,2.56,231.01,10.56,0
2026-07-21 16:16:23,MC_02,62.64,38.86,2.2,221.13,11.32,0
2026-07-21 16:16:23,MC_03,48.34,35.69,2.58,216.21,11.93,0
2026-07-21 16:16:23,MC_04,62.96,47.24,2.46,219.69,10.42,0
2026-07-21 16:16:23,MC_05,77.98,47.83,2.95,187.23,24.16,1
2026-07-21 16:21:23,MC_01,60.31,36.98,1.52,222.75,11.47,0
2026-07-21 16:21:23,MC_02,63.42,39.87,2.4,227.9,12.24,0
2026-07-21 16:21:23,MC_03,51.93,45.66,2.62,219.2,9.88,0
2026-07-21 16:21:23,MC_04,60.86,42.21,3.22,227.64,12.16,0
2026-07-21 16:21:23,MC_05,54.98,41.91,1.99,218.13,14.01,0
2026-07-21 16:26:23,MC_01,55.78,44.4,3.23,215.47,12.96,0
2026-07-21 16:26:23,MC_02,65.55,38.27,2.78,214.02,15.29,0
2026-07-21 16:26:23,MC_03,56.28,38.85,2.43,220.41,12.67,0
2026-07-21 16:26:23,MC_04,53.76,46.79,3.08,213.49,12.59,0
2026-07-21 16:26:23,MC_05,64.06,44.09,2.86,216.56,11.48,0
2026-07-21 16:31:23,MC_01,52.27,39.13,2.32,209.78,12.46,0
2026-07-21 16:31:23,MC_02,63.39,34.2,2.5,213.12,12.18,0
2026-07-21 16:31:23,MC_03,58.53,48.45,2.13,215.32,11.99,0
2026-07-21 16:31:23,MC_04,72.08,41.01,2.17,222.98,13.12,0
2026-07-21 16:31:23,MC_05,64.68,39.49,2.44,224.21,8.33,0
2026-07-21 16:36:23,MC_01,47.04,42.78,2.26,225.86,12.22,0
2026-07-21 16:36:23,MC_02,61.39,34.81,2.88,223.82,10.08,0
2026-07-21 16:36:23,MC_03,60.54,44.22,2.16,215.67,11.57,0
2026-07-21 16:36:23,MC_04,68.33,36.43,2.68,223.41,12.73,0
2026-07-21 16:36:23,MC_05,55.1,37.49,2.74,221.04,9.97,0
2026-07-21 16:41:23,MC_01,50.54,38.8,2.56,216.4,12.47,0
2026-07-21 16:41:23,MC_02,58.56,47.62,1.78,221.6,12.03,0
2026-07-21 16:41:23,MC_03,74.89,54.88,6.34,215.45,25.86,1
2026-07-21 16:41:23,MC_04,60.3,41.34,2.01,215.72,12.62,0
2026-07-21 16:41:23,MC_05,63.7,36.81,2.22,212.87,11.81,0
2026-07-21 16:46:23,MC_01,50.27,32.98,2.0,219.7,11.71,0
2026-07-21 16:46:23,MC_02,51.64,42.83,2.34,217.02,9.2,0
2026-07-21 16:46:23,MC_03,58.66,40.68,2.33,219.7,10.34,0
2026-07-21 16:46:23,MC_04,59.98,38.04,1.94,223.77,9.64,0
2026-07-21 16:46:23,MC_05,62.62,44.12,2.23,216.94,10.2,0
2026-07-21 16:51:23,MC_01,56.04,39.74,2.49,226.28,13.4,0
2026-07-21 16:51:23,MC_02,62.75,39.89,2.22,216.5,11.88,0
2026-07-21 16:51:23,MC_03,64.77,34.48,1.98,226.37,11.41,0
2026-07-21 16:51:23,MC_04,66.88,43.09,2.05,228.37,11.41,0
2026-07-21 16:51:23,MC_05,67.46,41.21,3.55,225.9,13.26,0
2026-07-21 16:56:23,MC_01,55.22,40.34,2.34,220.13,12.22,0
2026-07-21 16:56:23,MC_02,55.5,39.37,2.45,214.95,13.2,0
2026-07-21 16:56:23,MC_03,61.11,33.15,2.08,228.27,13.18,0
2026-07-21 16:56:23,MC_04,55.84,31.61,3.33,220.38,12.33,0
2026-07-21 16:56:23,MC_05,53.72,35.39,1.7,227.08,9.54,0
2026-07-21 17:01:23,MC_01,53.86,39.78,2.16,220.49,10.68,0
2026-07-21 17:01:23,MC_02,58.43,42.05,2.62,225.27,12.39,0
2026-07-21 17:01:23,MC_03,56.42,37.14,2.57,225.09,12.86,0
2026-07-21 17:01:23,MC_04,62.82,38.4,2.59,222.76,10.27,0
2026-07-21 17:01:23,MC_05,64.99,37.93,2.47,220.85,11.22,0
2026-07-21 17:06:23,MC_01,57.32,46.99,2.45,222.44,12.05,0
2026-07-21 17:06:23,MC_02,63.85,39.79,2.42,218.83,10.51,0
2026-07-21 17:06:23,MC_03,65.2,40.98,3.2,219.0,10.9,0
2026-07-21 17:06:23,MC_04,66.43,42.31,3.23,215.12,13.43,0
2026-07-21 17:06:23,MC_05,56.29,39.97,2.98,220.46,12.03,0
2026-07-21 17:11:23,MC_01,57.62,39.65,2.58,205.78,12.74,0
2026-07-21 17:11:23,MC_02,66.79,41.55,3.37,222.35,12.32,0
2026-07-21 17:11:23,MC_03,60.12,40.17,1.53,216.37,13.74,0
2026-07-21 17:11:23,MC_04,58.71,36.43,2.26,225.31,10.89,0
2026-07-21 17:11:23,MC_05,63.98,38.12,2.44,214.1,10.51,0
2026-07-21 17:16:23,MC_01,58.39,44.08,3.33,224.43,9.62,0
2026-07-21 17:16:23,MC_02,59.4,33.52,2.22,208.64,11.58,0
2026-07-21 17:16:23,MC_03,56.58,34.67,2.14,214.29,13.61,0
2026-07-21 17:16:23,MC_04,94.02,52.08,8.5,214.0,24.19,1
2026-07-21 17:16:23,MC_05,54.39,47.72,3.07,228.88,12.36,0
2026-07-21 17:21:23,MC_01,60.28,40.44,2.71,220.37,14.08,0
2026-07-21 17:21:23,MC_02,62.88,38.3,1.96,225.0,13.49,0
2026-07-21 17:21:23,MC_03,63.5,38.72,2.01,211.98,11.31,0
2026-07-21 17:21:23,MC_04,60.65,37.65,2.78,227.92,12.07,0
2026-07-21 17:21:23,MC_05,57.1,43.75,3.06,217.58,12.03,0
2026-07-21 17:26:23,MC_01,57.17,34.97,3.01,228.01,11.91,0
2026-07-21 17:26:23,MC_02,65.88,36.54,2.57,229.9,14.73,0
2026-07-21 17:26:23,MC_03,55.38,34.43,2.68,223.56,13.08,0
2026-07-21 17:26:23,MC_04,57.88,37.47,2.9,216.47,9.5,0
2026-07-21 17:26:23,MC_05,60.72,41.14,3.46,220.17,10.01,0
2026-07-21 17:31:23,MC_01,59.2,35.35,2.75,220.78,12.12,0
2026-07-21 17:31:23,MC_02,64.69,42.15,2.67,228.36,10.64,0
2026-07-21 17:31:23,MC_03,62.59,39.55,1.95,219.03,15.24,0
2026-07-21 17:31:23,MC_04,62.14,45.9,1.85,221.46,12.77,0
2026-07-21 17:31:23,MC_05,64.93,41.97,2.54,217.86,9.77,0
2026-07-21 17:36:23,MC_01,50.42,37.3,2.67,224.11,10.12,0
2026-07-21 17:36:23,MC_02,62.75,39.89,1.64,224.54,10.6,0
2026-07-21 17:36:23,MC_03,72.85,39.99,1.8,228.78,10.73,0
2026-07-21 17:36:23,MC_04,62.31,39.92,2.19,222.32,14.26,0
2026-07-21 17:36:23,MC_05,60.24,34.09,1.82,212.63,13.06,0
2026-07-21 17:41:23,MC_01,64.05,36.55,2.74,225.89,11.13,0
2026-07-21 17:41:23,MC_02,66.16,43.3,2.14,226.93,10.27,0
2026-07-21 17:41:23,MC_03,63.56,38.43,2.7,207.35,12.33,0
2026-07-21 17:41:23,MC_04,53.43,37.82,1.92,220.92,10.73,0
2026-07-21 17:41:23,MC_05,59.74,38.69,1.99,218.06,11.11,0
2026-07-21 17:46:23,MC_01,64.85,44.55,1.84,220.97,11.58,0
2026-07-21 17:46:23,MC_02,62.35,29.35,3.0,223.55,11.96,0
2026-07-21 17:46:23,MC_03,55.61,45.08,2.95,220.1,10.79,0
2026-07-21 17:46:23,MC_04,58.33,41.65,2.26,211.29,9.51,0
2026-07-21 17:46:23,MC_05,60.78,36.78,2.65,220.18,12.43,0
2026-07-21 17:51:23,MC_01,60.68,35.49,2.29,226.31,12.71,0
2026-07-21 17:51:23,MC_02,61.4,35.7,1.58,218.65,11.42,0
2026-07-21 17:51:23,MC_03,56.87,45.0,2.76,227.11,10.29,0
2026-07-21 17:51:23,MC_04,65.86,39.76,2.08,222.15,13.26,0
2026-07-21 17:51:23,MC_05,65.9,41.71,2.43,219.36,10.67,0
2026-07-21 17:56:23,MC_01,55.18,38.18,1.97,214.25,10.62,0
2026-07-21 17:56:23,MC_02,64.12,37.44,2.59,215.93,12.29,0
2026-07-21 17:56:23,MC_03,71.39,35.25,3.05,226.3,10.6,0
2026-07-21 17:56:23,MC_04,60.34,36.3,2.02,213.84,13.54,0
2026-07-21 17:56:23,MC_05,63.32,41.2,2.57,221.86,12.91,0
2026-07-21 18:01:23,MC_01,75.99,52.63,2.68,228.07,10.71,0
2026-07-21 18:01:23,MC_02,59.5,42.1,3.65,215.34,13.99,0
2026-07-21 18:01:23,MC_03,58.82,47.92,1.52,222.26,13.69,0
2026-07-21 18:01:23,MC_04,55.16,47.85,1.86,222.9,11.35,0
2026-07-21 18:01:23,MC_05,59.3,38.84,3.06,220.97,9.89,0
2026-07-21 18:06:23,MC_01,61.91,41.39,1.75,225.94,13.73,0
2026-07-21 18:06:23,MC_02,61.94,44.68,3.19,222.74,12.97,0
2026-07-21 18:06:23,MC_03,61.07,37.41,2.11,230.59,11.7,0
2026-07-21 18:06:23,MC_04,62.87,40.2,2.46,221.12,13.74,0
2026-07-21 18:06:23,MC_05,64.71,46.28,2.62,217.14,10.31,0
2026-07-21 18:11:23,MC_01,58.94,40.92,2.16,226.46,11.89,0
2026-07-21 18:11:23,MC_02,69.93,34.88,2.83,222.36,10.95,0
2026-07-21 18:11:23,MC_03,61.17,40.64,2.5,225.98,11.05,0
2026-07-21 18:11:23,MC_04,69.48,35.23,2.61,221.99,14.63,0
2026-07-21 18:11:23,MC_05,61.07,43.39,1.96,213.09,13.96,0
2026-07-21 18:16:23,MC_01,64.71,40.96,2.06,232.15,13.24,0
2026-07-21 18:16:23,MC_02,52.71,40.49,2.27,231.94,13.14,0
2026-07-21 18:16:23,MC_03,47.36,47.36,2.7,227.7,12.42,0
2026-07-21 18:16:23,MC_04,60.76,36.66,2.83,225.45,9.37,0
2026-07-21 18:16:23,MC_05,55.9,44.48,2.32,225.38,9.95,0
2026-07-21 18:21:23,MC_01,57.3,39.97,2.75,225.77,9.71,0
2026-07-21 18:21:23,MC_02,59.15,38.77,2.91,213.28,11.29,0
2026-07-21 18:21:23,MC_03,96.15,56.54,7.13,227.03,23.28,1
2026-07-21 18:21:23,MC_04,57.91,42.51,2.44,222.87,9.41,0
2026-07-21 18:21:23,MC_05,60.07,47.73,1.81,221.86,13.04,0
2026-07-21 18:26:23,MC_01,61.71,44.4,2.18,224.16,12.84,0
2026-07-21 18:26:23,MC_02,65.83,37.96,1.91,216.86,10.41,0
2026-07-21 18:26:23,MC_03,57.18,40.03,1.91,219.63,11.26,0
2026-07-21 18:26:23,MC_04,57.91,36.89,2.17,225.12,13.91,0
2026-07-21 18:26:23,MC_05,57.43,39.27,1.77,217.56,13.62,0
2026-07-21 18:31:23,MC_01,55.51,33.32,2.93,221.39,14.71,0
2026-07-21 18:31:23,MC_02,55.02,38.56,2.27,227.39,12.25,0
2026-07-21 18:31:23,MC_03,56.37,38.54,2.84,220.25,12.7,0
2026-07-21 18:31:23,MC_04,46.98,38.48,1.8,228.45,11.97,0
2026-07-21 18:31:23,MC_05,54.4,46.2,3.39,222.08,8.95,0
2026-07-21 18:36:23,MC_01,57.87,41.25,2.39,209.4,14.77,0
2026-07-21 18:36:23,MC_02,55.82,34.64,2.48,225.92,12.77,0
2026-07-21 18:36:23,MC_03,53.42,38.83,2.26,222.57,10.97,0
2026-07-21 18:36:23,MC_04,56.36,41.56,3.16,215.2,11.68,0
2026-07-21 18:36:23,MC_05,58.84,43.52,2.7,221.79,11.16,0
2026-07-21 18:41:23,MC_01,72.39,45.4,2.98,222.04,12.61,0
2026-07-21 18:41:23,MC_02,51.55,40.23,2.36,224.06,10.55,0
2026-07-21 18:41:23,MC_03,57.91,43.58,2.75,213.74,13.6,0
2026-07-21 18:41:23,MC_04,60.44,38.36,1.92,226.71,11.44,0
2026-07-21 18:41:23,MC_05,63.53,46.69,2.84,228.71,13.05,0
2026-07-21 18:46:23,MC_01,60.66,41.29,1.19,217.72,11.78,0
2026-07-21 18:46:23,MC_02,61.67,34.71,1.71,214.08,14.36,0
2026-07-21 18:46:23,MC_03,53.66,33.63,2.06,223.38,11.34,0
2026-07-21 18:46:23,MC_04,58.27,38.25,2.5,213.87,11.13,0
2026-07-21 18:46:23,MC_05,63.95,48.32,2.52,223.07,13.15,0
2026-07-21 18:51:23,MC_01,61.0,37.2,2.69,219.18,13.54,0
2026-07-21 18:51:23,MC_02,54.29,39.04,2.87,222.09,13.0,0
2026-07-21 18:51:23,MC_03,57.02,37.57,2.39,224.22,12.95,0
2026-07-21 18:51:23,MC_04,65.03,44.43,2.39,229.81,11.84,0
2026-07-21 18:51:23,MC_05,62.42,37.03,2.42,217.77,12.21,0
2026-07-21 18:56:23,MC_01,63.98,34.44,2.94,217.73,11.29,0
2026-07-21 18:56:23,MC_02,59.44,36.44,2.26,220.48,12.73,0
2026-07-21 18:56:23,MC_03,55.89,39.67,2.57,206.93,11.56,0
2026-07-21 18:56:23,MC_04,62.43,35.17,1.72,222.09,11.92,0
2026-07-21 18:56:23,MC_05,58.32,37.47,2.13,215.24,12.7,0
2026-07-21 19:01:23,MC_01,58.44,44.57,1.02,224.61,12.54,0
2026-07-21 19:01:23,MC_02,59.55,43.0,2.62,221.12,11.85,0
2026-07-21 19:01:23,MC_03,58.32,39.29,2.39,226.68,10.12,0
2026-07-21 19:01:23,MC_04,50.23,39.6,1.7,220.5,11.51,0
2026-07-21 19:01:23,MC_05,72.59,35.27,1.57,222.95,13.48,0
2026-07-21 19:06:23,MC_01,53.62,46.86,2.06,220.44,9.15,0
2026-07-21 19:06:23,MC_02,67.34,37.17,2.84,216.14,12.14,0
2026-07-21 19:06:23,MC_03,70.39,47.17,3.48,221.99,11.68,0
2026-07-21 19:06:23,MC_04,61.95,37.15,2.12,217.02,13.61,0
2026-07-21 19:06:23,MC_05,65.9,36.85,2.26,219.21,14.26,0
2026-07-21 19:11:23,MC_01,59.72,34.11,2.8,216.47,11.08,0
2026-07-21 19:11:23,MC_02,50.61,37.23,2.42,217.6,11.67,0
2026-07-21 19:11:23,MC_03,66.84,29.44,2.75,221.42,14.48,0
2026-07-21 19:11:23,MC_04,58.82,41.42,2.15,214.36,10.89,0
2026-07-21 19:11:23,MC_05,60.43,39.22,2.77,220.74,10.2,0
2026-07-21 19:16:23,MC_01,49.39,35.78,2.88,223.71,13.48,0
2026-07-21 19:16:23,MC_02,62.03,47.21,2.65,230.0,11.06,0
2026-07-21 19:16:23,MC_03,56.74,38.72,2.77,219.49,11.09,0
2026-07-21 19:16:23,MC_04,81.62,47.26,11.15,222.17,20.78,1
2026-07-21 19:16:23,MC_05,64.65,42.23,3.29,214.92,11.86,0
2026-07-21 19:21:23,MC_01,59.12,35.89,2.65,220.86,12.92,0
2026-07-21 19:21:23,MC_02,58.98,44.94,2.37,224.71,11.66,0
2026-07-21 19:21:23,MC_03,63.21,45.31,3.09,218.98,11.21,0
2026-07-21 19:21:23,MC_04,64.86,35.22,2.74,218.16,9.5,0
2026-07-21 19:21:23,MC_05,69.62,28.02,2.33,218.26,10.54,0
2026-07-21 19:26:23,MC_01,58.06,39.41,2.17,221.79,14.37,0
2026-07-21 19:26:23,MC_02,59.45,38.61,3.05,217.68,12.73,0
2026-07-21 19:26:23,MC_03,61.44,37.54,2.4,214.05,10.53,0
2026-07-21 19:26:23,MC_04,67.04,41.07,2.56,220.35,11.49,0
2026-07-21 19:26:23,MC_05,59.52,30.24,2.86,218.53,12.74,0
2026-07-21 19:31:23,MC_01,62.63,41.14,2.48,219.45,10.52,0
2026-07-21 19:31:23,MC_02,60.07,43.0,1.78,218.62,14.13,0
2026-07-21 19:31:23,MC_03,60.31,39.71,2.58,226.18,12.01,0
2026-07-21 19:31:23,MC_04,53.14,35.52,1.94,219.45,12.94,0
2026-07-21 19:31:23,MC_05,56.22,38.52,2.82,223.6,11.22,0
2026-07-21 19:36:23,MC_01,81.38,65.11,10.81,218.81,18.19,1
2026-07-21 19:36:23,MC_02,55.85,40.02,2.23,226.2,11.03,0
2026-07-21 19:36:23,MC_03,67.54,31.31,2.4,226.67,13.85,0
2026-07-21 19:36:23,MC_04,57.91,40.83,3.04,222.85,13.45,0
2026-07-21 19:36:23,MC_05,63.22,36.43,1.95,214.0,12.01,0
2026-07-21 19:41:23,MC_01,59.51,33.59,2.26,223.19,10.16,0
2026-07-21 19:41:23,MC_02,63.98,36.78,2.64,214.47,12.68,0
2026-07-21 19:41:23,MC_03,57.27,42.22,2.92,220.6,11.28,0
2026-07-21 19:41:23,MC_04,58.83,42.49,3.28,226.54,10.53,0
2026-07-21 19:41:23,MC_05,66.09,37.16,2.94,215.06,11.84,0
2026-07-21 19:46:23,MC_01,55.58,38.97,3.21,214.56,11.09,0
2026-07-21 19:46:23,MC_02,57.7,38.65,2.33,210.25,9.8,0
2026-07-21 19:46:23,MC_03,55.24,42.17,2.67,210.93,11.52,0
2026-07-21 19:46:23,MC_04,57.24,51.04,2.66,218.71,11.28,0
2026-07-21 19:46:23,MC_05,61.87,31.06,2.0,219.23,12.11,0
2026-07-21 19:51:23,MC_01,59.64,36.6,2.23,216.37,12.7,0
2026-07-21 19:51:23,MC_02,60.03,34.53,1.64,218.77,11.62,0
2026-07-21 19:51:23,MC_03,64.47,46.86,2.49,221.58,8.83,0
2026-07-21 19:51:23,MC_04,57.83,37.37,2.22,212.73,11.27,0
2026-07-21 19:51:23,MC_05,61.65,41.33,2.99,215.87,12.4,0
2026-07-21 19:56:23,MC_01,65.35,37.24,2.98,215.23,11.3,0
2026-07-21 19:56:23,MC_02,54.76,34.07,2.28,218.65,13.67,0
2026-07-21 19:56:23,MC_03,60.33,42.85,2.29,214.53,12.12,0
2026-07-21 19:56:23,MC_04,61.81,35.41,3.39,219.39,8.0,0
2026-07-21 19:56:23,MC_05,61.9,40.23,2.43,219.58,12.75,0
2026-07-21 20:01:23,MC_01,60.17,28.14,2.75,223.39,12.55,0
2026-07-21 20:01:23,MC_02,61.48,39.62,2.13,210.01,12.56,0
2026-07-21 20:01:23,MC_03,59.2,39.25,2.34,220.25,9.53,0
2026-07-21 20:01:23,MC_04,64.54,37.44,2.67,210.23,10.62,0
2026-07-21 20:01:23,MC_05,52.71,40.7,1.91,217.39,11.87,0
2026-07-21 20:06:23,MC_01,57.54,34.4,3.28,220.15,14.36,0
2026-07-21 20:06:23,MC_02,60.01,45.79,3.28,217.4,10.78,0
2026-07-21 20:06:23,MC_03,59.55,40.93,3.05,224.72,13.48,0
2026-07-21 20:06:23,MC_04,53.92,49.0,3.03,219.2,13.66,0
2026-07-21 20:06:23,MC_05,58.26,43.45,2.27,224.42,11.34,0
2026-07-21 20:11:23,MC_01,63.65,39.93,1.59,216.32,13.27,0
2026-07-21 20:11:23,MC_02,58.48,42.78,2.48,218.77,10.23,0
2026-07-21 20:11:23,MC_03,56.82,39.44,2.32,225.14,8.11,0
2026-07-21 20:11:23,MC_04,59.11,37.82,3.01,218.71,12.2,0
2026-07-21 20:11:23,MC_05,53.65,38.29,2.44,211.77,10.93,0
2026-07-21 20:16:23,MC_01,59.66,40.63,3.35,222.94,13.09,0
2026-07-21 20:16:23,MC_02,61.31,47.29,3.26,223.29,10.97,0
2026-07-21 20:16:23,MC_03,52.25,38.12,3.0,212.55,11.81,0
2026-07-21 20:16:23,MC_04,56.17,43.97,2.77,215.84,13.28,0
2026-07-21 20:16:23,MC_05,51.89,32.07,2.44,219.6,11.39,0
2026-07-21 20:21:23,MC_01,53.51,36.81,1.89,216.94,12.89,0
2026-07-21 20:21:23,MC_02,51.22,44.29,2.16,231.07,10.42,0
2026-07-21 20:21:23,MC_03,62.17,51.2,3.42,224.23,11.09,0
2026-07-21 20:21:23,MC_04,59.16,44.46,2.87,220.41,12.21,0
2026-07-21 20:21:23,MC_05,52.5,40.91,2.79,217.34,13.92,0
2026-07-21 20:26:23,MC_01,58.56,41.04,2.62,228.31,13.11,0
2026-07-21 20:26:23,MC_02,58.62,40.07,2.03,219.59,14.05,0
2026-07-21 20:26:23,MC_03,66.62,37.63,1.61,213.68,12.53,0
2026-07-21 20:26:23,MC_04,65.85,38.31,2.24,225.08,12.62,0
2026-07-21 20:26:23,MC_05,59.79,38.27,2.39,214.12,13.71,0
2026-07-21 20:31:23,MC_01,57.57,43.74,2.79,217.78,13.73,0
2026-07-21 20:31:23,MC_02,57.88,34.86,2.47,225.42,12.15,0
2026-07-21 20:31:23,MC_03,65.98,41.1,2.49,219.35,13.62,0
2026-07-21 20:31:23,MC_04,65.07,42.07,3.3,219.65,13.7,0
2026-07-21 20:31:23,MC_05,65.1,43.24,2.18,221.45,15.16,0
2026-07-21 20:36:23,MC_01,81.42,57.8,8.24,221.28,26.67,1
2026-07-21 20:36:23,MC_02,62.51,39.42,3.21,215.13,11.78,0
2026-07-21 20:36:23,MC_03,53.76,40.22,2.02,212.5,11.5,0
2026-07-21 20:36:23,MC_04,56.27,36.91,3.56,219.88,13.43,0
2026-07-21 20:36:23,MC_05,53.67,40.23,1.63,215.46,12.55,0
2026-07-21 20:41:23,MC_01,65.7,33.97,2.63,220.38,13.63,0
2026-07-21 20:41:23,MC_02,47.52,41.76,1.96,226.85,12.46,0
2026-07-21 20:41:23,MC_03,62.49,37.22,2.79,216.7,13.81,0
2026-07-21 20:41:23,MC_04,65.05,37.66,2.37,214.75,12.99,0
2026-07-21 20:41:23,MC_05,57.4,39.93,2.59,217.26,11.65,0
2026-07-21 20:46:23,MC_01,57.67,29.77,3.2,223.81,12.24,0
2026-07-21 20:46:23,MC_02,51.27,32.44,2.72,220.71,12.54,0
2026-07-21 20:46:23,MC_03,64.68,37.39,2.83,220.74,15.95,0
2026-07-21 20:46:23,MC_04,82.43,45.86,2.4,180.19,32.88,1
2026-07-21 20:46:23,MC_05,61.46,36.08,2.65,228.19,11.04,0
2026-07-21 20:51:23,MC_01,64.72,38.86,3.05,222.64,12.02,0
2026-07-21 20:51:23,MC_02,64.51,45.93,2.67,226.88,12.08,0
2026-07-21 20:51:23,MC_03,62.73,46.11,2.73,219.86,13.51,0
2026-07-21 20:51:23,MC_04,62.15,44.95,2.94,209.75,10.89,0
2026-07-21 20:51:23,MC_05,58.02,34.52,1.95,221.21,14.88,0
2026-07-21 20:56:23,MC_01,53.19,39.41,1.73,216.5,10.81,0
2026-07-21 20:56:23,MC_02,59.24,38.49,2.15,220.26,10.54,0
2026-07-21 20:56:23,MC_03,67.74,43.47,2.3,223.36,14.58,0
2026-07-21 20:56:23,MC_04,54.23,39.25,2.72,226.03,10.82,0
2026-07-21 20:56:23,MC_05,57.58,45.98,2.45,220.77,13.37,0
2026-07-21 21:01:23,MC_01,67.96,39.86,3.13,229.14,11.83,0
2026-07-21 21:01:23,MC_02,57.18,40.05,2.82,214.78,13.66,0
2026-07-21 21:01:23,MC_03,56.39,33.38,1.5,217.62,13.07,0
2026-07-21 21:01:23,MC_04,53.05,43.23,2.97,220.7,13.48,0
2026-07-21 21:01:23,MC_05,64.55,34.86,2.74,214.17,12.21,0
2026-07-21 21:06:23,MC_01,66.09,40.9,2.83,230.67,12.98,0
2026-07-21 21:06:23,MC_02,55.49,35.04,1.28,217.69,9.89,0
2026-07-21 21:06:23,MC_03,60.49,31.59,2.33,211.24,13.06,0
2026-07-21 21:06:23,MC_04,67.25,40.04,2.69,223.44,11.22,0
2026-07-21 21:06:23,MC_05,57.44,47.14,2.58,219.0,15.13,0
2026-07-21 21:11:23,MC_01,64.07,44.47,2.41,220.28,11.49,0
2026-07-21 21:11:23,MC_02,64.98,37.95,2.49,218.34,14.16,0
2026-07-21 21:11:23,MC_03,61.17,36.69,2.85,209.51,12.26,0
2026-07-21 21:11:23,MC_04,55.94,36.44,2.27,219.58,11.96,0
2026-07-21 21:11:23,MC_05,59.49,34.42,1.87,221.44,12.95,0
2026-07-21 21:16:23,MC_01,58.7,41.59,2.07,215.35,10.85,0
2026-07-21 21:16:23,MC_02,59.6,41.76,2.68,218.55,12.95,0
2026-07-21 21:16:23,MC_03,68.43,37.55,2.3,226.24,13.89,0
2026-07-21 21:16:23,MC_04,64.6,38.21,1.85,223.45,13.34,0
2026-07-21 21:16:23,MC_05,63.75,41.14,1.93,212.02,11.55,0
2026-07-21 21:21:23,MC_01,69.97,41.62,2.01,208.65,12.35,0
2026-07-21 21:21:23,MC_02,64.94,46.89,1.82,218.28,10.48,0
2026-07-21 21:21:23,MC_03,62.01,35.03,3.38,218.13,12.57,0
2026-07-21 21:21:23,MC_04,51.06,43.4,2.83,225.43,9.74,0
2026-07-21 21:21:23,MC_05,55.96,37.85,2.44,223.31,13.68,0
2026-07-21 21:26:23,MC_01,62.61,42.79,2.39,222.91,14.56,0
2026-07-21 21:26:23,MC_02,67.25,38.84,2.88,226.45,10.12,0
2026-07-21 21:26:23,MC_03,57.96,31.93,2.25,223.97,13.91,0
2026-07-21 21:26:23,MC_04,58.15,43.61,3.21,223.84,11.82,0
2026-07-21 21:26:23,MC_05,87.27,59.26,9.65,227.1,21.68,1
2026-07-21 21:31:23,MC_01,60.36,42.45,2.44,213.09,12.45,0
2026-07-21 21:31:23,MC_02,60.06,43.27,2.43,213.37,14.02,0
2026-07-21 21:31:23,MC_03,54.0,38.37,2.45,213.42,8.33,0
2026-07-21 21:31:23,MC_04,55.17,34.58,2.02,218.59,14.28,0
2026-07-21 21:31:23,MC_05,59.48,42.65,2.78,210.41,10.43,0
2026-07-21 21:36:23,MC_01,65.54,37.91,2.98,223.59,8.64,0
2026-07-21 21:36:23,MC_02,62.0,38.93,2.4,220.17,11.85,0
2026-07-21 21:36:23,MC_03,59.84,30.52,2.34,218.4,10.4,0
2026-07-21 21:36:23,MC_04,61.93,35.39,2.44,217.55,11.72,0
2026-07-21 21:36:23,MC_05,64.55,42.55,2.58,216.03,9.67,0
2026-07-21 21:41:23,MC_01,59.77,42.55,2.33,216.13,9.77,0
2026-07-21 21:41:23,MC_02,79.42,58.91,6.67,216.44,23.33,1
2026-07-21 21:41:23,MC_03,64.04,36.89,2.23,230.51,13.49,0
2026-07-21 21:41:23,MC_04,58.74,34.69,2.07,215.17,11.65,0
2026-07-21 21:41:23,MC_05,53.61,39.28,2.25,210.51,12.91,0
2026-07-21 21:46:23,MC_01,56.36,39.94,2.57,213.48,12.47,0
2026-07-21 21:46:23,MC_02,64.07,45.29,2.03,226.43,12.14,0
2026-07-21 21:46:23,MC_03,63.45,42.7,2.73,214.56,13.43,0
2026-07-21 21:46:23,MC_04,57.58,35.15,1.79,224.27,9.78,0
2026-07-21 21:46:23,MC_05,53.39,42.63,3.06,223.87,12.22,0
2026-07-21 21:51:23,MC_01,58.88,42.78,2.37,219.27,14.82,0
2026-07-21 21:51:23,MC_02,57.6,41.98,2.65,213.75,12.24,0
2026-07-21 21:51:23,MC_03,63.7,44.82,2.0,215.02,12.49,0
2026-07-21 21:51:23,MC_04,65.66,33.59,2.68,219.44,11.35,0
2026-07-21 21:51:23,MC_05,81.18,63.21,7.9,217.78,17.81,1
2026-07-21 21:56:23,MC_01,55.05,41.16,2.03,217.48,12.26,0
2026-07-21 21:56:23,MC_02,61.07,39.82,2.51,218.72,11.3,0
2026-07-21 21:56:23,MC_03,55.33,40.69,2.48,223.21,12.35,0
2026-07-21 21:56:23,MC_04,65.19,38.32,3.2,206.89,12.27,0
2026-07-21 21:56:23,MC_05,64.28,42.29,2.91,223.02,13.84,0
2026-07-21 22:01:23,MC_01,54.83,43.83,2.7,231.21,12.45,0
2026-07-21 22:01:23,MC_02,63.44,41.13,2.87,215.24,11.25,0
2026-07-21 22:01:23,MC_03,61.36,40.66,2.25,218.8,10.88,0
2026-07-21 22:01:23,MC_04,73.79,35.84,2.46,217.77,12.59,0
2026-07-21 22:01:23,MC_05,62.38,41.07,2.65,225.76,13.42,0
2026-07-21 22:06:23,MC_01,68.13,39.24,2.6,222.91,11.26,0
2026-07-21 22:06:23,MC_02,66.17,45.05,1.89,225.79,13.45,0
2026-07-21 22:06:23,MC_03,61.6,34.74,3.65,209.15,9.81,0
2026-07-21 22:06:23,MC_04,68.52,40.42,2.04,220.33,13.28,0
2026-07-21 22:06:23,MC_05,56.53,37.11,2.41,216.91,12.87,0
2026-07-21 22:11:23,MC_01,63.53,35.56,2.05,221.69,10.69,0
2026-07-21 22:11:23,MC_02,66.5,36.53,3.23,214.72,14.88,0
2026-07-21 22:11:23,MC_03,49.57,46.66,2.75,213.9,11.22,0
2026-07-21 22:11:23,MC_04,51.73,36.89,2.44,228.18,15.74,0
2026-07-21 22:11:23,MC_05,62.67,33.77,3.66,211.14,13.29,0
2026-07-21 22:16:23,MC_01,60.33,44.93,2.12,225.17,14.18,0
2026-07-21 22:16:23,MC_02,62.05,40.05,3.01,226.71,11.3,0
2026-07-21 22:16:23,MC_03,56.83,43.73,2.5,218.58,11.33,0
2026-07-21 22:16:23,MC_04,64.49,38.49,1.93,223.02,10.7,0
2026-07-21 22:16:23,MC_05,59.65,40.43,2.28,220.84,11.06,0
2026-07-21 22:21:23,MC_01,59.06,35.97,2.76,217.28,10.36,0
2026-07-21 22:21:23,MC_02,57.41,31.05,2.15,227.19,13.88,0
2026-07-21 22:21:23,MC_03,52.81,36.65,1.96,223.69,12.05,0
2026-07-21 22:21:23,MC_04,62.53,46.54,2.62,229.93,13.31,0
2026-07-21 22:21:23,MC_05,61.6,37.29,1.77,215.94,12.43,0
2026-07-21 22:26:23,MC_01,53.7,38.68,2.63,216.48,11.53,0
2026-07-21 22:26:23,MC_02,59.9,38.44,2.64,211.55,10.22,0
2026-07-21 22:26:23,MC_03,54.87,42.32,1.64,221.04,11.17,0
2026-07-21 22:26:23,MC_04,58.6,32.85,2.44,221.58,10.8,0
2026-07-21 22:26:23,MC_05,57.35,40.36,2.41,223.27,13.43,0
2026-07-21 22:31:23,MC_01,54.48,38.07,2.53,223.77,11.85,0
2026-07-21 22:31:23,MC_02,61.54,36.52,3.28,229.07,14.31,0
2026-07-21 22:31:23,MC_03,47.54,44.28,2.48,210.89,12.9,0
2026-07-21 22:31:23,MC_04,58.27,43.99,2.63,208.51,12.4,0
2026-07-21 22:31:23,MC_05,61.61,38.69,2.43,210.72,14.32,0
2026-07-21 22:36:23,MC_01,61.26,32.46,2.95,217.55,12.04,0
2026-07-21 22:36:23,MC_02,56.83,38.87,2.45,217.02,11.7,0
2026-07-21 22:36:23,MC_03,58.02,39.49,2.1,224.18,11.84,0
2026-07-21 22:36:23,MC_04,56.17,38.53,1.85,210.35,13.92,0
2026-07-21 22:36:23,MC_05,56.72,38.86,1.9,224.85,11.18,0
2026-07-21 22:41:23,MC_01,62.85,45.58,1.84,224.03,12.15,0
2026-07-21 22:41:23,MC_02,55.44,37.55,3.45,221.91,10.36,0
2026-07-21 22:41:23,MC_03,54.33,39.07,2.69,215.36,9.9,0
2026-07-21 22:41:23,MC_04,53.12,41.63,2.04,218.92,10.03,0
2026-07-21 22:41:23,MC_05,61.5,44.71,1.95,215.86,12.41,0
2026-07-21 22:46:23,MC_01,52.8,44.89,2.03,215.87,13.0,0
2026-07-21 22:46:23,MC_02,56.47,42.01,2.66,219.62,14.69,0
2026-07-21 22:46:23,MC_03,61.04,35.29,2.69,216.38,11.69,0
2026-07-21 22:46:23,MC_04,45.06,37.57,2.23,219.78,10.62,0
2026-07-21 22:46:23,MC_05,58.37,39.53,1.64,218.96,13.4,0
2026-07-21 22:51:23,MC_01,60.26,32.65,2.31,219.45,13.84,0
2026-07-21 22:51:23,MC_02,58.07,41.42,2.14,221.41,13.29,0
2026-07-21 22:51:23,MC_03,62.59,39.41,2.61,223.71,9.93,0
2026-07-21 22:51:23,MC_04,61.88,44.71,2.28,216.79,11.03,0
2026-07-21 22:51:23,MC_05,70.35,46.28,2.33,215.7,9.69,0
2026-07-21 22:56:23,MC_01,62.23,41.37,2.48,222.78,11.07,0
2026-07-21 22:56:23,MC_02,62.39,39.95,2.76,215.44,13.63,0
2026-07-21 22:56:23,MC_03,64.86,34.95,1.92,218.04,12.23,0
2026-07-21 22:56:23,MC_04,57.44,37.56,2.45,215.42,14.29,0
2026-07-21 22:56:23,MC_05,68.96,43.17,2.97,219.19,13.01,0
2026-07-21 23:01:23,MC_01,67.16,39.9,2.45,215.61,12.33,0
2026-07-21 23:01:23,MC_02,65.6,42.9,2.56,210.16,9.96,0
2026-07-21 23:01:23,MC_03,59.6,33.31,3.84,226.49,10.45,0
2026-07-21 23:01:23,MC_04,64.37,43.93,1.46,218.29,11.22,0
2026-07-21 23:01:23,MC_05,63.43,37.25,3.03,217.84,10.18,0
2026-07-21 23:06:23,MC_01,59.85,34.03,1.7,216.78,10.52,0
2026-07-21 23:06:23,MC_02,62.96,38.9,1.91,215.41,12.67,0
2026-07-21 23:06:23,MC_03,59.44,43.23,2.88,219.5,10.65,0
2026-07-21 23:06:23,MC_04,58.87,37.16,1.18,218.82,8.78,0
2026-07-21 23:06:23,MC_05,56.37,37.67,3.27,214.07,12.35,0
2026-07-21 23:11:23,MC_01,58.42,41.84,2.17,212.11,12.16,0
2026-07-21 23:11:23,MC_02,60.09,40.75,2.35,218.22,13.21,0
2026-07-21 23:11:23,MC_03,59.26,35.19,2.78,222.31,14.12,0
2026-07-21 23:11:23,MC_04,63.68,41.39,2.78,210.95,13.22,0
2026-07-21 23:11:23,MC_05,63.92,44.44,3.4,223.05,9.63,0
2026-07-21 23:16:23,MC_01,61.14,39.39,2.32,218.19,11.78,0
2026-07-21 23:16:23,MC_02,61.88,38.27,1.91,221.89,11.57,0
2026-07-21 23:16:23,MC_03,68.04,36.98,1.82,220.01,12.22,0
2026-07-21 23:16:23,MC_04,60.25,29.32,2.07,216.05,10.17,0
2026-07-21 23:16:23,MC_05,61.94,42.53,2.11,222.55,11.72,0
2026-07-21 23:21:23,MC_01,60.0,37.59,1.71,224.6,12.24,0
2026-07-21 23:21:23,MC_02,58.85,42.56,3.53,222.09,10.26,0
2026-07-21 23:21:23,MC_03,56.93,36.39,3.31,217.98,10.62,0
2026-07-21 23:21:23,MC_04,66.23,37.28,2.8,217.88,9.88,0
2026-07-21 23:21:23,MC_05,60.72,38.16,2.92,220.34,15.21,0
2026-07-21 23:26:23,MC_01,57.22,39.52,2.88,215.29,13.78,0
2026-07-21 23:26:23,MC_02,64.68,42.31,2.84,226.58,12.01,0
2026-07-21 23:26:23,MC_03,59.11,43.74,3.43,215.27,12.15,0
2026-07-21 23:26:23,MC_04,59.26,38.44,2.95,221.79,11.1,0
2026-07-21 23:26:23,MC_05,64.53,35.93,1.77,217.68,12.09,0
2026-07-21 23:31:23,MC_01,69.32,36.92,2.31,218.25,11.05,0
2026-07-21 23:31:23,MC_02,58.48,46.34,2.13,229.17,12.82,0
2026-07-21 23:31:23,MC_03,55.25,39.91,3.16,224.07,10.47,0
2026-07-21 23:31:23,MC_04,66.08,35.83,2.05,225.24,13.54,0
2026-07-21 23:31:23,MC_05,59.63,35.32,2.49,216.63,11.73,0
2026-07-21 23:36:23,MC_01,71.47,41.29,1.95,226.22,14.01,0
2026-07-21 23:36:23,MC_02,67.17,38.09,2.44,213.69,14.34,0
2026-07-21 23:36:23,MC_03,60.62,37.29,2.3,214.77,10.19,0
2026-07-21 23:36:23,MC_04,52.38,43.96,2.75,228.94,11.44,0
2026-07-21 23:36:23,MC_05,60.2,41.0,2.34,210.99,12.43,0
2026-07-21 23:41:23,MC_01,62.88,38.65,3.74,217.61,11.06,0
2026-07-21 23:41:23,MC_02,62.22,40.94,1.71,223.98,11.32,0
2026-07-21 23:41:23,MC_03,66.19,41.6,2.38,226.37,11.18,0
2026-07-21 23:41:23,MC_04,53.32,34.55,2.62,229.1,11.79,0
2026-07-21 23:41:23,MC_05,57.93,33.37,2.58,224.02,12.68,0
2026-07-21 23:46:23,MC_01,58.3,37.88,2.18,216.71,12.07,0
2026-07-21 23:46:23,MC_02,55.15,39.89,2.48,217.46,12.46,0
2026-07-21 23:46:23,MC_03,55.54,44.77,2.71,222.72,11.89,0
2026-07-21 23:46:23,MC_04,55.84,33.88,2.55,223.49,10.17,0
2026-07-21 23:46:23,MC_05,66.61,36.62,3.04,223.81,15.97,0
2026-07-21 23:51:23,MC_01,56.88,31.05,1.55,218.97,12.25,0
2026-07-21 23:51:23,MC_02,56.41,42.34,2.48,215.77,13.25,0
2026-07-21 23:51:23,MC_03,54.14,44.62,2.66,221.51,14.58,0
2026-07-21 23:51:23,MC_04,51.03,48.06,2.48,217.58,12.33,0
2026-07-21 23:51:23,MC_05,67.35,32.35,2.12,224.32,12.39,0
2026-07-21 23:56:23,MC_01,62.18,39.07,2.74,222.54,12.49,0
2026-07-21 23:56:23,MC_02,67.95,44.47,2.53,224.3,15.04,0
2026-07-21 23:56:23,MC_03,55.48,41.25,2.23,223.53,11.88,0
2026-07-21 23:56:23,MC_04,55.7,39.22,2.42,215.52,12.16,0
2026-07-21 23:56:23,MC_05,56.72,41.47,1.88,222.75,10.79,0
2026-07-22 00:01:23,MC_01,59.84,44.13,2.59,219.3,14.01,0
2026-07-22 00:01:23,MC_02,80.48,58.87,9.74,218.49,24.15,1
2026-07-22 00:01:23,MC_03,61.26,32.57,2.25,224.52,13.17,0
2026-07-22 00:01:23,MC_04,48.75,42.16,2.83,230.31,11.93,0
2026-07-22 00:01:23,MC_05,56.83,38.67,2.92,216.26,13.85,0
2026-07-22 00:06:23,MC_01,54.53,41.03,2.99,216.29,11.3,0
2026-07-22 00:06:23,MC_02,59.4,43.43,2.69,223.45,11.7,0
2026-07-22 00:06:23,MC_03,62.03,32.64,2.82,215.76,9.93,0
2026-07-22 00:06:23,MC_04,67.7,40.63,2.4,215.89,12.32,0
2026-07-22 00:06:23,MC_05,52.05,44.55,2.04,212.83,11.87,0
2026-07-22 00:11:23,MC_01,56.0,36.73,2.1,215.45,12.82,0
2026-07-22 00:11:23,MC_02,58.32,49.2,2.87,215.72,13.82,0
2026-07-22 00:11:23,MC_03,54.24,39.45,2.38,220.91,10.59,0
2026-07-22 00:11:23,MC_04,60.64,45.34,3.01,216.52,9.71,0
2026-07-22 00:11:23,MC_05,61.39,41.54,3.35,220.76,12.34,0
2026-07-22 00:16:23,MC_01,53.01,46.5,2.42,215.92,12.31,0
2026-07-22 00:16:23,MC_02,55.15,44.7,2.67,224.94,12.42,0
2026-07-22 00:16:23,MC_03,63.07,41.44,1.92,217.68,12.0,0
2026-07-22 00:16:23,MC_04,76.28,56.67,9.65,224.33,21.23,1
2026-07-22 00:16:23,MC_05,66.64,38.48,2.4,219.3,11.55,0
2026-07-22 00:21:23,MC_01,59.71,36.45,3.1,221.87,13.45,0
2026-07-22 00:21:23,MC_02,62.99,43.24,2.62,230.85,13.57,0
2026-07-22 00:21:23,MC_03,66.72,42.71,1.83,221.6,9.47,0
2026-07-22 00:21:23,MC_04,63.42,40.73,2.2,223.53,10.86,0
2026-07-22 00:21:23,MC_05,60.6,44.43,2.33,215.25,13.64,0
2026-07-22 00:26:23,MC_01,60.56,43.05,2.68,222.78,12.91,0
2026-07-22 00:26:23,MC_02,55.71,42.65,2.55,216.18,12.45,0
2026-07-22 00:26:23,MC_03,68.07,41.82,2.19,219.75,8.87,0
2026-07-22 00:26:23,MC_04,54.04,39.92,2.35,226.62,15.03,0
2026-07-22 00:26:23,MC_05,59.72,39.98,2.71,213.03,12.77,0
2026-07-22 00:31:23,MC_01,51.7,45.18,2.34,216.1,12.15,0
2026-07-22 00:31:23,MC_02,57.27,47.22,3.33,218.75,15.93,0
2026-07-22 00:31:23,MC_03,71.35,31.82,2.4,228.8,11.49,0
2026-07-22 00:31:23,MC_04,65.87,41.55,2.83,221.04,11.38,0
2026-07-22 00:31:23,MC_05,55.35,49.45,2.68,225.53,13.48,0
2026-07-22 00:36:23,MC_01,57.64,40.2,2.12,223.85,11.77,0
2026-07-22 00:36:23,MC_02,62.52,50.19,2.13,220.81,11.48,0
2026-07-22 00:36:23,MC_03,64.49,36.04,2.94,219.1,11.05,0
2026-07-22 00:36:23,MC_04,59.03,38.01,2.05,227.14,14.24,0
2026-07-22 00:36:23,MC_05,53.45,38.45,2.73,215.5,13.12,0
2026-07-22 00:41:23,MC_01,61.09,43.33,3.66,211.66,14.2,0
2026-07-22 00:41:23,MC_02,57.38,45.66,2.55,216.13,12.44,0
2026-07-22 00:41:23,MC_03,57.38,39.57,2.65,220.83,12.04,0
2026-07-22 00:41:23,MC_04,65.16,42.69,3.04,223.48,12.29,0
2026-07-22 00:41:23,MC_05,60.19,41.37,3.09,219.72,11.55,0
2026-07-22 00:46:23,MC_01,61.62,37.33,2.85,219.64,13.85,0
2026-07-22 00:46:23,MC_02,54.36,40.24,2.03,213.85,14.34,0
2026-07-22 00:46:23,MC_03,57.82,37.36,2.13,223.68,12.75,0
2026-07-22 00:46:23,MC_04,62.66,45.44,3.16,216.37,11.43,0
2026-07-22 00:46:23,MC_05,62.62,42.38,2.63,218.18,12.71,0
2026-07-22 00:51:23,MC_01,64.47,44.45,2.67,221.48,11.77,0
2026-07-22 00:51:23,MC_02,60.66,37.83,2.2,216.86,13.72,0
2026-07-22 00:51:23,MC_03,56.93,43.01,2.37,215.87,12.53,0
2026-07-22 00:51:23,MC_04,62.03,44.93,2.78,219.58,12.65,0
2026-07-22 00:51:23,MC_05,57.52,36.97,2.98,212.79,11.1,0
2026-07-22 00:56:23,MC_01,63.0,35.8,2.01,219.09,9.75,0
2026-07-22 00:56:23,MC_02,59.95,44.55,3.02,222.67,12.29,0
2026-07-22 00:56:23,MC_03,59.59,37.74,1.75,224.21,11.84,0
2026-07-22 00:56:23,MC_04,59.96,42.55,2.69,219.63,14.4,0
2026-07-22 00:56:23,MC_05,55.82,39.5,2.62,219.43,11.78,0
2026-07-22 01:01:23,MC_01,53.05,45.14,2.45,224.16,8.73,0
2026-07-22 01:01:23,MC_02,59.83,43.1,2.22,216.05,11.51,0
2026-07-22 01:01:23,MC_03,61.75,42.72,2.4,224.66,12.51,0
2026-07-22 01:01:23,MC_04,63.75,43.41,3.32,224.73,13.48,0
2026-07-22 01:01:23,MC_05,62.79,35.07,2.7,218.36,11.58,0
2026-07-22 01:06:23,MC_01,60.32,35.69,2.97,223.16,11.63,0
2026-07-22 01:06:23,MC_02,64.76,33.33,2.58,217.22,10.43,0
2026-07-22 01:06:23,MC_03,52.58,42.53,2.76,225.99,13.0,0
2026-07-22 01:06:23,MC_04,84.01,35.4,2.44,188.68,23.78,1
2026-07-22 01:06:23,MC_05,70.27,40.32,2.23,221.03,12.87,0
2026-07-22 01:11:23,MC_01,58.17,49.28,2.93,227.5,12.84,0
2026-07-22 01:11:23,MC_02,60.41,47.0,2.65,216.89,13.39,0
2026-07-22 01:11:23,MC_03,63.41,39.57,2.05,217.73,11.53,0
2026-07-22 01:11:23,MC_04,54.73,42.36,2.67,221.33,11.42,0
2026-07-22 01:11:23,MC_05,62.53,34.57,2.54,216.83,14.64,0
2026-07-22 01:16:23,MC_01,62.63,34.55,2.75,228.99,12.61,0
2026-07-22 01:16:23,MC_02,60.88,40.76,2.55,221.02,10.97,0
2026-07-22 01:16:23,MC_03,55.13,43.11,1.88,218.72,13.09,0
2026-07-22 01:16:23,MC_04,58.95,43.3,2.62,219.4,12.09,0
2026-07-22 01:16:23,MC_05,60.37,41.87,3.27,227.16,12.85,0
2026-07-22 01:21:23,MC_01,66.62,37.94,2.68,218.97,11.08,0
2026-07-22 01:21:23,MC_02,58.42,35.67,2.06,221.64,9.8,0
2026-07-22 01:21:23,MC_03,54.93,39.22,2.96,212.81,9.84,0
2026-07-22 01:21:23,MC_04,56.84,39.97,2.35,222.81,14.15,0
2026-07-22 01:21:23,MC_05,67.63,44.0,2.63,208.95,11.43,0
2026-07-22 01:26:23,MC_01,58.31,37.75,3.52,226.54,8.97,0
2026-07-22 01:26:23,MC_02,66.65,38.32,2.39,220.47,12.99,0
2026-07-22 01:26:23,MC_03,52.32,36.04,3.56,215.68,11.72,0
2026-07-22 01:26:23,MC_04,74.32,38.42,2.08,214.17,12.54,0
2026-07-22 01:26:23,MC_05,61.45,44.22,2.17,211.39,11.78,0
2026-07-22 01:31:23,MC_01,57.39,38.77,2.61,217.15,12.66,0
2026-07-22 01:31:23,MC_02,54.92,44.55,2.21,217.01,14.31,0
2026-07-22 01:31:23,MC_03,57.24,39.77,3.36,220.34,11.63,0
2026-07-22 01:31:23,MC_04,59.13,37.04,2.73,215.38,13.17,0
2026-07-22 01:31:23,MC_05,68.65,34.2,2.51,223.19,11.08,0
2026-07-22 01:36:23,MC_01,64.76,39.51,2.58,220.37,11.95,0
2026-07-22 01:36:23,MC_02,61.58,40.21,2.15,221.72,11.31,0
2026-07-22 01:36:23,MC_03,67.78,49.96,3.19,226.67,13.22,0
2026-07-22 01:36:23,MC_04,58.95,32.4,1.99,216.62,13.81,0
2026-07-22 01:36:23,MC_05,61.28,49.27,2.77,224.54,11.2,0
2026-07-22 01:41:23,MC_01,59.31,38.62,2.53,229.23,10.19,0
2026-07-22 01:41:23,MC_02,59.79,43.98,1.63,229.42,9.94,0
2026-07-22 01:41:23,MC_03,56.76,41.7,2.65,220.57,9.87,0
2026-07-22 01:41:23,MC_04,59.3,40.8,2.69,229.81,10.26,0
2026-07-22 01:41:23,MC_05,68.03,46.7,3.26,222.74,12.57,0
2026-07-22 01:46:23,MC_01,57.71,43.08,1.86,213.58,11.37,0
2026-07-22 01:46:23,MC_02,58.11,41.15,2.95,226.26,10.32,0
2026-07-22 01:46:23,MC_03,59.52,40.9,2.66,224.33,13.23,0
2026-07-22 01:46:23,MC_04,60.13,44.61,2.98,224.44,11.21,0
2026-07-22 01:46:23,MC_05,63.56,40.53,3.28,221.98,11.87,0
2026-07-22 01:51:23,MC_01,51.52,36.88,3.07,222.6,12.1,0
2026-07-22 01:51:23,MC_02,65.31,43.34,2.31,222.45,10.81,0
2026-07-22 01:51:23,MC_03,59.87,37.41,2.19,219.23,11.89,0
2026-07-22 01:51:23,MC_04,52.24,29.91,2.7,220.7,9.94,0
2026-07-22 01:51:23,MC_05,58.49,47.84,3.13,218.0,11.43,0
2026-07-22 01:56:23,MC_01,52.71,43.29,1.43,223.89,11.24,0
2026-07-22 01:56:23,MC_02,59.9,37.21,2.7,215.82,13.58,0
2026-07-22 01:56:23,MC_03,56.39,40.63,1.98,215.95,15.44,0
2026-07-22 01:56:23,MC_04,64.22,41.48,2.76,221.53,11.87,0
2026-07-22 01:56:23,MC_05,63.78,40.48,2.9,227.87,12.74,0
2026-07-22 02:01:23,MC_01,55.95,44.88,3.35,210.27,11.85,0
2026-07-22 02:01:23,MC_02,61.46,38.94,1.88,215.58,9.23,0
2026-07-22 02:01:23,MC_03,66.8,39.88,2.64,225.35,11.65,0
2026-07-22 02:01:23,MC_04,81.13,61.46,9.15,213.22,24.33,1
2026-07-22 02:01:23,MC_05,56.48,35.36,1.81,220.46,11.47,0
2026-07-22 02:06:23,MC_01,61.75,41.21,2.04,220.72,12.5,0
2026-07-22 02:06:23,MC_02,52.84,35.5,2.62,230.56,10.59,0
2026-07-22 02:06:23,MC_03,59.67,42.46,2.14,219.87,12.04,0
2026-07-22 02:06:23,MC_04,66.78,39.78,2.57,219.36,11.73,0
2026-07-22 02:06:23,MC_05,59.64,38.88,3.34,210.93,11.63,0
2026-07-22 02:11:23,MC_01,62.55,40.58,1.49,209.86,8.0,0
2026-07-22 02:11:23,MC_02,59.32,36.32,2.16,219.59,12.01,0
2026-07-22 02:11:23,MC_03,58.53,43.0,2.33,218.01,11.14,0
2026-07-22 02:11:23,MC_04,59.82,42.44,2.66,214.24,16.14,0
2026-07-22 02:11:23,MC_05,74.99,43.53,2.15,226.09,12.29,0
2026-07-22 02:16:23,MC_01,55.92,40.87,2.32,218.93,12.06,0
2026-07-22 02:16:23,MC_02,63.5,43.61,2.14,221.8,11.6,0
2026-07-22 02:16:23,MC_03,63.84,32.68,2.85,229.01,14.32,0
2026-07-22 02:16:23,MC_04,64.19,42.3,3.53,217.22,11.62,0
2026-07-22 02:16:23,MC_05,67.06,39.44,2.04,212.4,10.74,0
2026-07-22 02:21:23,MC_01,56.2,39.65,2.66,210.71,10.66,0
2026-07-22 02:21:23,MC_02,52.56,39.3,2.41,214.4,12.78,0
2026-07-22 02:21:23,MC_03,82.93,39.55,2.12,185.51,26.71,1
2026-07-22 02:21:23,MC_04,80.73,51.48,8.37,222.59,22.7,1
2026-07-22 02:21:23,MC_05,65.48,43.74,2.12,225.41,12.33,0
2026-07-22 02:26:23,MC_01,60.35,45.68,2.69,224.72,11.28,0
2026-07-22 02:26:23,MC_02,63.33,34.39,1.81,214.47,11.98,0
2026-07-22 02:26:23,MC_03,48.91,33.01,2.3,229.28,11.34,0
2026-07-22 02:26:23,MC_04,65.86,35.4,2.78,222.12,11.98,0
2026-07-22 02:26:23,MC_05,58.11,41.61,1.72,224.82,13.14,0
2026-07-22 02:31:23,MC_01,62.39,34.58,2.35,219.99,9.44,0
2026-07-22 02:31:23,MC_02,64.49,32.19,3.08,216.84,11.83,0
2026-07-22 02:31:23,MC_03,47.49,35.2,1.37,217.11,11.53,0
2026-07-22 02:31:23,MC_04,52.13,42.09,2.72,224.33,14.11,0
2026-07-22 02:31:23,MC_05,54.89,40.27,2.56,227.63,12.8,0
2026-07-22 02:36:23,MC_01,62.78,40.1,2.26,214.44,13.11,0
2026-07-22 02:36:23,MC_02,64.94,35.97,2.52,219.46,13.7,0
2026-07-22 02:36:23,MC_03,62.19,41.65,2.94,231.58,11.19,0
2026-07-22 02:36:23,MC_04,58.17,37.05,2.28,226.91,10.76,0
2026-07-22 02:36:23,MC_05,61.95,45.82,2.74,221.86,11.15,0
2026-07-22 02:41:23,MC_01,60.8,44.05,3.25,220.03,13.69,0
2026-07-22 02:41:23,MC_02,60.84,38.1,2.21,217.25,10.99,0
2026-07-22 02:41:23,MC_03,56.2,36.43,2.41,215.64,10.47,0
2026-07-22 02:41:23,MC_04,58.26,38.75,2.24,223.04,12.58,0
2026-07-22 02:41:23,MC_05,60.86,37.74,3.17,213.45,11.16,0
2026-07-22 02:46:23,MC_01,55.07,40.01,2.17,220.47,12.79,0
2026-07-22 02:46:23,MC_02,61.0,41.72,1.36,220.29,10.34,0
2026-07-22 02:46:23,MC_03,80.77,57.55,10.62,220.52,23.09,1
2026-07-22 02:46:23,MC_04,64.49,40.57,2.68,220.88,12.66,0
2026-07-22 02:46:23,MC_05,59.9,40.79,2.13,218.29,14.27,0
2026-07-22 02:51:23,MC_01,59.88,42.0,2.63,227.58,12.15,0
2026-07-22 02:51:23,MC_02,59.68,42.75,3.01,218.91,12.19,0
2026-07-22 02:51:23,MC_03,85.4,62.31,8.52,225.63,17.55,1
2026-07-22 02:51:23,MC_04,61.81,38.5,2.4,212.6,11.09,0
2026-07-22 02:51:23,MC_05,56.32,35.61,1.3,227.06,11.82,0
2026-07-22 02:56:23,MC_01,56.56,39.43,2.67,220.57,10.9,0
2026-07-22 02:56:23,MC_02,58.84,46.89,3.53,225.74,11.0,0
2026-07-22 02:56:23,MC_03,79.21,58.14,5.22,214.83,21.06,1
2026-07-22 02:56:23,MC_04,56.2,37.24,2.11,219.03,11.33,0
2026-07-22 02:56:23,MC_05,53.23,35.89,3.27,218.21,11.39,0
2026-07-22 03:01:23,MC_01,52.4,38.15,2.98,222.98,13.22,0
2026-07-22 03:01:23,MC_02,53.98,35.12,3.07,224.13,11.61,0
2026-07-22 03:01:23,MC_03,53.78,33.53,2.68,221.08,11.22,0
2026-07-22 03:01:23,MC_04,56.1,45.55,2.43,217.5,14.12,0
2026-07-22 03:01:23,MC_05,63.95,39.9,3.07,232.6,10.9,0
2026-07-22 03:06:23,MC_01,62.36,36.15,3.3,210.88,12.76,0
2026-07-22 03:06:23,MC_02,58.63,38.54,3.28,224.38,12.83,0
2026-07-22 03:06:23,MC_03,64.03,39.2,2.68,222.42,10.33,0
2026-07-22 03:06:23,MC_04,53.8,39.41,2.51,222.97,8.42,0
2026-07-22 03:06:23,MC_05,61.94,39.99,2.33,219.11,12.5,0
2026-07-22 03:11:23,MC_01,58.28,45.88,2.32,221.84,10.15,0
2026-07-22 03:11:23,MC_02,51.43,44.16,3.07,210.37,11.19,0
2026-07-22 03:11:23,MC_03,67.52,42.69,2.37,219.11,11.91,0
2026-07-22 03:11:23,MC_04,55.77,41.82,2.62,214.91,12.76,0
2026-07-22 03:11:23,MC_05,53.53,37.11,1.71,218.91,9.39,0
2026-07-22 03:16:23,MC_01,65.93,35.95,1.74,216.48,12.94,0
2026-07-22 03:16:23,MC_02,67.45,40.0,2.27,217.15,14.4,0
2026-07-22 03:16:23,MC_03,56.72,42.85,2.09,218.34,11.96,0
2026-07-22 03:16:23,MC_04,56.18,37.69,3.18,225.82,14.38,0
2026-07-22 03:16:23,MC_05,50.46,37.75,2.66,218.39,12.24,0
2026-07-22 03:21:23,MC_01,61.8,43.28,2.59,214.51,9.53,0
2026-07-22 03:21:23,MC_02,59.85,38.92,1.52,228.15,12.16,0
2026-07-22 03:21:23,MC_03,67.29,38.06,3.13,221.07,12.68,0
2026-07-22 03:21:23,MC_04,62.27,38.56,1.76,217.6,10.95,0
2026-07-22 03:21:23,MC_05,52.52,41.83,2.5,221.23,13.05,0
2026-07-22 03:26:23,MC_01,58.81,28.31,2.45,223.83,13.57,0
2026-07-22 03:26:23,MC_02,46.83,42.55,2.32,230.09,9.88,0
2026-07-22 03:26:23,MC_03,61.71,33.63,3.89,227.9,11.66,0
2026-07-22 03:26:23,MC_04,63.21,34.47,2.66,227.3,12.76,0
2026-07-22 03:26:23,MC_05,61.99,33.71,2.88,218.9,9.99,0
2026-07-22 03:31:23,MC_01,55.71,38.02,2.4,222.29,10.69,0
2026-07-22 03:31:23,MC_02,65.05,39.36,2.29,220.33,14.28,0
2026-07-22 03:31:23,MC_03,56.51,42.13,2.64,226.65,10.76,0
2026-07-22 03:31:23,MC_04,63.45,39.49,2.6,218.82,12.27,0
2026-07-22 03:31:23,MC_05,59.39,41.07,2.3,218.25,10.65,0
2026-07-22 03:36:23,MC_01,59.79,41.79,2.37,216.13,11.86,0
2026-07-22 03:36:23,MC_02,71.15,37.37,2.42,223.9,10.96,0
2026-07-22 03:36:23,MC_03,69.64,40.08,3.01,214.69,14.36,0
2026-07-22 03:36:23,MC_04,56.31,41.35,2.02,225.88,10.07,0
2026-07-22 03:36:23,MC_05,60.77,36.26,2.72,215.52,11.0,0
2026-07-22 03:41:23,MC_01,63.3,39.81,2.61,220.59,10.45,0
2026-07-22 03:41:23,MC_02,83.04,55.13,8.55,224.9,25.6,1
2026-07-22 03:41:23,MC_03,66.2,38.0,2.99,223.78,8.16,0
2026-07-22 03:41:23,MC_04,52.45,35.65,3.02,214.53,12.26,0
2026-07-22 03:41:23,MC_05,58.4,38.19,2.16,214.46,12.54,0
2026-07-22 03:46:23,MC_01,56.6,38.93,2.29,219.03,14.25,0
2026-07-22 03:46:23,MC_02,66.68,38.84,2.09,225.59,12.12,0
2026-07-22 03:46:23,MC_03,66.84,46.49,2.42,214.52,14.88,0
2026-07-22 03:46:23,MC_04,57.19,40.4,2.66,214.44,10.36,0
2026-07-22 03:46:23,MC_05,55.58,45.18,3.73,220.9,11.32,0
2026-07-22 03:51:23,MC_01,59.15,38.57,2.17,216.87,12.49,0
2026-07-22 03:51:23,MC_02,63.21,39.89,2.89,226.43,11.86,0
2026-07-22 03:51:23,MC_03,66.12,36.19,2.64,218.08,12.74,0
2026-07-22 03:51:23,MC_04,49.22,41.74,2.11,228.35,12.52,0
2026-07-22 03:51:23,MC_05,58.26,30.72,2.56,222.95,13.06,0
2026-07-22 03:56:23,MC_01,55.71,37.81,1.67,216.9,12.6,0
2026-07-22 03:56:23,MC_02,57.4,49.37,2.56,221.12,11.14,0
2026-07-22 03:56:23,MC_03,62.37,45.99,2.45,222.68,11.05,0
2026-07-22 03:56:23,MC_04,62.24,42.66,1.77,222.61,11.84,0
2026-07-22 03:56:23,MC_05,54.86,40.93,1.88,214.49,13.59,0
2026-07-22 04:01:23,MC_01,57.94,38.18,2.12,217.54,12.93,0
2026-07-22 04:01:23,MC_02,60.43,42.2,2.36,227.62,9.69,0
2026-07-22 04:01:23,MC_03,62.03,39.51,2.75,220.52,12.39,0
2026-07-22 04:01:23,MC_04,51.06,37.58,3.0,218.23,11.11,0
2026-07-22 04:01:23,MC_05,57.15,35.92,2.54,216.88,11.18,0
2026-07-22 04:06:23,MC_01,56.58,42.37,2.75,222.54,10.53,0
2026-07-22 04:06:23,MC_02,53.96,40.72,1.94,218.63,11.95,0
2026-07-22 04:06:23,MC_03,56.83,35.96,2.76,228.71,10.08,0
2026-07-22 04:06:23,MC_04,57.62,43.43,2.97,222.11,12.3,0
2026-07-22 04:06:23,MC_05,66.38,47.94,3.12,214.4,11.13,0
2026-07-22 04:11:23,MC_01,67.99,38.27,2.4,215.41,10.88,0
2026-07-22 04:11:23,MC_02,59.02,42.8,2.3,209.68,11.69,0
2026-07-22 04:11:23,MC_03,64.48,43.97,2.85,222.2,12.65,0
2026-07-22 04:11:23,MC_04,64.61,42.32,2.24,212.92,9.17,0
2026-07-22 04:11:23,MC_05,59.53,39.51,3.37,222.81,10.88,0
2026-07-22 04:16:23,MC_01,66.86,41.87,2.52,227.07,11.12,0
2026-07-22 04:16:23,MC_02,60.64,36.39,2.68,222.04,12.13,0
2026-07-22 04:16:23,MC_03,60.34,39.3,2.69,223.09,10.18,0
2026-07-22 04:16:23,MC_04,63.31,44.83,2.71,220.72,10.85,0
2026-07-22 04:16:23,MC_05,69.31,42.88,2.24,223.82,14.15,0
2026-07-22 04:21:23,MC_01,57.77,40.3,2.44,224.8,11.18,0
2026-07-22 04:21:23,MC_02,56.63,39.21,2.83,216.0,10.23,0
2026-07-22 04:21:23,MC_03,53.49,48.66,1.62,217.81,11.03,0
2026-07-22 04:21:23,MC_04,48.53,43.02,3.05,218.13,9.23,0
2026-07-22 04:21:23,MC_05,60.26,45.5,3.26,224.91,9.96,0
2026-07-22 04:26:23,MC_01,92.01,52.12,7.24,226.6,20.33,1
2026-07-22 04:26:23,MC_02,57.05,41.01,3.07,220.9,10.71,0
2026-07-22 04:26:23,MC_03,59.94,34.46,2.32,219.54,9.84,0
2026-07-22 04:26:23,MC_04,50.7,40.51,2.62,217.28,9.95,0
2026-07-22 04:26:23,MC_05,62.03,40.17,2.8,219.52,10.62,0
2026-07-22 04:31:23,MC_01,59.65,43.54,1.9,220.89,10.12,0
2026-07-22 04:31:23,MC_02,55.41,40.64,1.67,218.82,8.89,0
2026-07-22 04:31:23,MC_03,62.79,40.65,1.89,221.91,15.14,0
2026-07-22 04:31:23,MC_04,58.99,41.87,2.22,218.65,12.89,0
2026-07-22 04:31:23,MC_05,58.78,33.53,3.26,212.75,10.74,0
2026-07-22 04:36:23,MC_01,60.64,40.55,2.71,220.67,13.72,0
2026-07-22 04:36:23,MC_02,47.01,40.6,3.23,213.74,10.43,0
2026-07-22 04:36:23,MC_03,61.77,46.56,2.62,215.37,10.66,0
2026-07-22 04:36:23,MC_04,57.5,43.85,1.74,221.44,10.87,0
2026-07-22 04:36:23,MC_05,62.61,38.26,2.49,224.04,11.85,0
2026-07-22 04:41:23,MC_01,59.62,33.66,2.21,210.38,11.63,0
2026-07-22 04:41:23,MC_02,62.36,40.5,3.2,226.41,12.39,0
2026-07-22 04:41:23,MC_03,48.04,42.69,2.11,224.41,12.47,0
2026-07-22 04:41:23,MC_04,63.28,42.08,1.86,225.36,11.35,0
2026-07-22 04:41:23,MC_05,63.11,34.89,2.27,226.7,15.0,0
2026-07-22 04:46:23,MC_01,60.31,35.33,2.62,223.5,9.77,0
2026-07-22 04:46:23,MC_02,63.15,46.61,2.68,221.83,12.52,0
2026-07-22 04:46:23,MC_03,66.8,42.15,2.24,222.12,12.65,0
2026-07-22 04:46:23,MC_04,60.46,42.82,2.75,216.37,10.53,0
2026-07-22 04:46:23,MC_05,56.42,39.68,3.3,219.76,12.56,0
2026-07-22 04:51:23,MC_01,64.37,38.56,2.29,225.26,12.85,0
2026-07-22 04:51:23,MC_02,57.18,41.32,3.12,222.66,10.52,0
2026-07-22 04:51:23,MC_03,60.71,36.62,3.03,208.76,12.5,0
2026-07-22 04:51:23,MC_04,52.27,42.99,2.3,226.63,9.2,0
2026-07-22 04:51:23,MC_05,61.88,41.67,1.8,224.99,12.59,0
2026-07-22 04:56:23,MC_01,60.58,43.34,2.26,224.18,12.86,0
2026-07-22 04:56:23,MC_02,62.26,40.78,2.79,219.48,13.8,0
2026-07-22 04:56:23,MC_03,59.89,32.82,2.7,218.08,11.71,0
2026-07-22 04:56:23,MC_04,60.52,45.34,1.8,220.49,12.61,0
2026-07-22 04:56:23,MC_05,60.67,40.93,1.81,221.59,10.74,0
2026-07-22 05:01:23,MC_01,56.91,40.07,2.32,218.53,13.69,0
2026-07-22 05:01:23,MC_02,59.22,35.55,2.58,223.61,12.47,0
2026-07-22 05:01:23,MC_03,57.23,40.16,3.2,218.53,12.91,0
2026-07-22 05:01:23,MC_04,63.16,37.57,2.71,216.89,12.42,0
2026-07-22 05:01:23,MC_05,61.36,37.88,1.92,220.41,13.65,0
2026-07-22 05:06:23,MC_01,62.92,40.75,2.08,217.88,12.54,0
2026-07-22 05:06:23,MC_02,53.33,47.55,2.08,215.76,11.4,0
2026-07-22 05:06:23,MC_03,57.8,40.37,2.05,224.2,14.12,0
2026-07-22 05:06:23,MC_04,63.86,41.03,2.21,220.83,13.35,0
2026-07-22 05:06:23,MC_05,73.05,39.17,2.54,226.72,11.87,0
2026-07-22 05:11:23,MC_01,58.07,43.95,3.69,224.55,13.43,0
2026-07-22 05:11:23,MC_02,66.18,38.8,3.05,221.44,10.53,0
2026-07-22 05:11:23,MC_03,54.36,36.49,2.65,224.86,12.38,0
2026-07-22 05:11:23,MC_04,57.22,39.63,2.67,219.3,12.45,0
2026-07-22 05:11:23,MC_05,62.01,38.45,2.59,215.25,10.56,0
2026-07-22 05:16:23,MC_01,66.25,33.5,2.01,221.49,10.76,0
2026-07-22 05:16:23,MC_02,58.39,41.65,3.36,214.74,10.5,0
2026-07-22 05:16:23,MC_03,52.75,36.14,2.08,219.38,11.9,0
2026-07-22 05:16:23,MC_04,53.12,40.2,2.41,222.01,13.82,0
2026-07-22 05:16:23,MC_05,58.15,47.89,1.57,219.59,8.18,0
2026-07-22 05:21:23,MC_01,65.72,43.94,2.4,228.25,12.39,0
2026-07-22 05:21:23,MC_02,63.45,39.74,2.76,227.02,12.93,0
2026-07-22 05:21:23,MC_03,72.65,36.26,2.85,222.3,11.42,0
2026-07-22 05:21:23,MC_04,56.76,34.36,2.22,211.09,10.73,0
2026-07-22 05:21:23,MC_05,67.23,37.64,2.93,223.76,8.67,0
2026-07-22 05:26:23,MC_01,57.24,42.28,2.67,215.53,11.05,0
2026-07-22 05:26:23,MC_02,58.16,42.13,2.85,218.33,12.42,0
2026-07-22 05:26:23,MC_03,58.92,35.55,2.1,208.66,11.41,0
2026-07-22 05:26:23,MC_04,64.1,42.11,2.78,223.46,12.0,0
2026-07-22 05:26:23,MC_05,59.94,43.32,2.83,225.14,11.93,0
2026-07-22 05:31:23,MC_01,55.07,40.95,2.21,223.27,12.43,0
2026-07-22 05:31:23,MC_02,60.26,43.7,2.22,213.86,12.27,0
2026-07-22 05:31:23,MC_03,62.35,36.72,1.99,224.66,12.98,0
2026-07-22 05:31:23,MC_04,80.95,50.61,8.18,227.06,27.53,1
2026-07-22 05:31:23,MC_05,58.64,37.48,2.71,225.97,14.43,0
2026-07-22 05:36:23,MC_01,62.07,45.08,1.99,218.32,10.56,0
2026-07-22 05:36:23,MC_02,68.14,38.51,2.43,212.27,8.99,0
2026-07-22 05:36:23,MC_03,68.5,39.4,1.88,220.11,12.11,0
2026-07-22 05:36:23,MC_04,52.43,33.86,3.08,229.84,11.57,0
2026-07-22 05:36:23,MC_05,50.85,41.39,2.24,217.53,10.71,0
2026-07-22 05:41:23,MC_01,66.98,41.81,2.67,220.19,12.58,0
2026-07-22 05:41:23,MC_02,54.08,40.88,2.93,217.97,12.61,0
2026-07-22 05:41:23,MC_03,58.82,44.5,1.83,228.16,11.17,0
2026-07-22 05:41:23,MC_04,62.81,46.43,2.12,225.72,11.11,0
2026-07-22 05:41:23,MC_05,66.32,38.12,2.11,228.01,11.8,0
2026-07-22 05:46:23,MC_01,63.27,39.19,2.21,219.59,10.67,0
2026-07-22 05:46:23,MC_02,51.64,39.47,2.26,217.11,14.93,0
2026-07-22 05:46:23,MC_03,67.23,46.08,2.7,214.22,10.63,0
2026-07-22 05:46:23,MC_04,58.16,41.82,2.2,222.37,9.55,0
2026-07-22 05:46:23,MC_05,63.19,26.59,3.31,211.3,13.89,0
2026-07-22 05:51:23,MC_01,63.07,46.62,1.96,219.8,10.55,0
2026-07-22 05:51:23,MC_02,54.78,40.37,2.92,232.43,11.67,0
2026-07-22 05:51:23,MC_03,59.65,39.98,2.58,221.26,10.27,0
2026-07-22 05:51:23,MC_04,46.23,40.29,2.43,219.89,10.95,0
2026-07-22 05:51:23,MC_05,59.5,40.18,2.52,220.56,12.15,0
2026-07-22 05:56:23,MC_01,59.69,33.24,2.22,208.91,12.75,0
2026-07-22 05:56:23,MC_02,66.23,40.45,2.56,217.12,12.28,0
2026-07-22 05:56:23,MC_03,59.63,46.23,3.63,223.27,12.51,0
2026-07-22 05:56:23,MC_04,61.69,45.3,2.41,214.77,11.95,0
2026-07-22 05:56:23,MC_05,55.38,40.14,2.06,223.73,11.43,0
2026-07-22 06:01:23,MC_01,72.09,49.39,8.13,221.66,26.68,1
2026-07-22 06:01:23,MC_02,55.97,36.79,3.08,227.88,13.07,0
2026-07-22 06:01:23,MC_03,63.06,41.34,3.42,215.7,13.16,0
2026-07-22 06:01:23,MC_04,55.93,42.01,3.42,222.72,12.6,0
2026-07-22 06:01:23,MC_05,60.13,40.32,2.37,219.5,12.04,0
2026-07-22 06:06:23,MC_01,60.61,42.17,2.44,203.41,9.62,0
2026-07-22 06:06:23,MC_02,63.04,37.25,2.4,225.52,11.08,0
2026-07-22 06:06:23,MC_03,54.57,43.52,3.06,216.98,12.73,0
2026-07-22 06:06:23,MC_04,65.84,37.34,2.88,220.34,11.74,0
2026-07-22 06:06:23,MC_05,57.22,37.95,2.55,214.01,11.77,0
2026-07-22 06:11:23,MC_01,63.7,43.4,1.9,216.21,9.99,0
2026-07-22 06:11:23,MC_02,62.12,37.39,2.65,220.56,13.82,0
2026-07-22 06:11:23,MC_03,54.24,39.96,2.0,220.55,11.73,0
2026-07-22 06:11:23,MC_04,61.36,37.14,1.99,221.13,14.78,0
2026-07-22 06:11:23,MC_05,52.39,35.42,2.62,225.64,12.46,0
2026-07-22 06:16:23,MC_01,56.96,37.28,2.91,219.83,9.38,0
2026-07-22 06:16:23,MC_02,66.52,34.68,2.26,221.29,15.63,0
2026-07-22 06:16:23,MC_03,69.77,42.41,1.99,220.05,14.03,0
2026-07-22 06:16:23,MC_04,57.77,39.65,2.46,213.49,13.66,0
2026-07-22 06:16:23,MC_05,58.33,41.03,2.2,228.63,13.85,0
2026-07-22 06:21:23,MC_01,63.72,44.33,2.04,219.28,12.12,0
2026-07-22 06:21:23,MC_02,65.43,36.91,1.97,229.16,10.03,0
2026-07-22 06:21:23,MC_03,57.35,37.77,2.4,209.22,13.68,0
2026-07-22 06:21:23,MC_04,60.88,36.75,1.64,213.17,9.61,0
2026-07-22 06:21:23,MC_05,63.06,42.93,2.81,227.69,13.79,0
2026-07-22 06:26:23,MC_01,64.79,38.36,2.39,228.61,11.16,0
2026-07-22 06:26:23,MC_02,57.25,38.14,2.62,221.38,13.37,0
2026-07-22 06:26:23,MC_03,70.94,38.53,2.47,210.81,10.06,0
2026-07-22 06:26:23,MC_04,62.46,42.47,3.13,228.53,11.63,0
2026-07-22 06:26:23,MC_05,55.99,40.54,2.41,217.48,11.94,0
2026-07-22 06:31:23,MC_01,56.0,42.4,2.08,220.76,12.15,0
2026-07-22 06:31:23,MC_02,60.0,37.43,3.37,221.99,11.23,0
2026-07-22 06:31:23,MC_03,61.65,47.33,2.54,227.67,10.28,0
2026-07-22 06:31:23,MC_04,55.74,33.19,2.59,228.69,13.46,0
2026-07-22 06:31:23,MC_05,56.66,42.07,2.44,219.33,12.29,0
2026-07-22 06:36:23,MC_01,65.88,35.65,2.09,229.74,14.22,0
2026-07-22 06:36:23,MC_02,56.44,42.66,2.14,230.81,11.14,0
2026-07-22 06:36:23,MC_03,54.75,38.17,3.81,221.3,10.46,0
2026-07-22 06:36:23,MC_04,62.7,35.0,3.05,223.95,11.85,0
2026-07-22 06:36:23,MC_05,66.18,36.93,2.71,222.04,12.74,0
2026-07-22 06:41:23,MC_01,60.4,41.31,2.65,226.81,10.09,0
2026-07-22 06:41:23,MC_02,54.99,40.84,1.94,215.22,15.09,0
2026-07-22 06:41:23,MC_03,59.43,44.15,3.1,212.69,10.85,0
2026-07-22 06:41:23,MC_04,61.11,34.25,1.97,211.15,11.31,0
2026-07-22 06:41:23,MC_05,65.41,40.12,2.41,211.67,13.75,0
2026-07-22 06:46:23,MC_01,60.58,37.65,2.53,221.2,13.82,0
2026-07-22 06:46:23,MC_02,66.64,50.08,3.02,221.81,12.41,0
2026-07-22 06:46:23,MC_03,67.76,48.78,2.45,209.93,10.71,0
2026-07-22 06:46:23,MC_04,68.98,38.82,2.78,168.38,23.84,1
2026-07-22 06:46:23,MC_05,67.04,36.95,3.08,225.85,12.34,0
2026-07-22 06:51:23,MC_01,58.53,43.91,3.72,220.0,12.24,0
2026-07-22 06:51:23,MC_02,56.51,34.97,2.14,229.79,11.63,0
2026-07-22 06:51:23,MC_03,57.34,39.26,2.77,221.69,12.05,0
2026-07-22 06:51:23,MC_04,56.94,47.44,2.51,224.17,11.95,0
2026-07-22 06:51:23,MC_05,60.7,45.96,2.55,228.52,11.76,0
2026-07-22 06:56:23,MC_01,57.17,40.31,2.67,221.43,12.32,0
2026-07-22 06:56:23,MC_02,58.0,42.22,2.6,207.41,12.18,0
2026-07-22 06:56:23,MC_03,70.26,47.21,1.94,175.21,23.58,1
2026-07-22 06:56:23,MC_04,61.49,42.55,2.26,214.81,12.21,0
2026-07-22 06:56:23,MC_05,62.59,34.96,2.43,222.28,10.72,0
2026-07-22 07:01:23,MC_01,61.25,40.01,2.17,212.77,11.53,0
2026-07-22 07:01:23,MC_02,59.54,41.57,2.15,222.02,12.41,0
2026-07-22 07:01:23,MC_03,58.48,38.34,2.33,215.72,12.52,0
2026-07-22 07:01:23,MC_04,55.77,39.03,2.53,211.44,11.22,0
2026-07-22 07:01:23,MC_05,68.4,32.88,3.37,221.31,11.2,0
2026-07-22 07:06:23,MC_01,58.98,45.66,2.63,225.06,9.38,0
2026-07-22 07:06:23,MC_02,65.99,36.07,2.0,210.33,12.67,0
2026-07-22 07:06:23,MC_03,60.36,36.88,1.62,218.18,14.47,0
2026-07-22 07:06:23,MC_04,61.22,38.55,2.87,222.83,11.88,0
2026-07-22 07:06:23,MC_05,61.0,35.23,1.89,222.35,10.1,0
2026-07-22 07:11:23,MC_01,59.69,37.58,3.02,222.76,13.79,0
2026-07-22 07:11:23,MC_02,54.59,40.84,2.81,220.69,14.0,0
2026-07-22 07:11:23,MC_03,56.67,36.84,2.27,218.65,11.66,0
2026-07-22 07:11:23,MC_04,61.16,32.25,1.39,225.01,13.38,0
2026-07-22 07:11:23,MC_05,60.01,38.97,1.7,220.74,9.84,0
2026-07-22 07:16:23,MC_01,72.33,46.03,2.32,218.2,8.12,0
2026-07-22 07:16:23,MC_02,53.45,42.25,3.34,215.54,12.3,0
2026-07-22 07:16:23,MC_03,73.54,36.94,3.28,216.54,10.7,0
2026-07-22 07:16:23,MC_04,59.98,46.5,2.04,218.82,11.08,0
2026-07-22 07:16:23,MC_05,58.36,46.57,2.58,216.37,13.02,0
2026-07-22 07:21:23,MC_01,54.84,33.53,2.49,214.65,11.2,0
2026-07-22 07:21:23,MC_02,67.41,41.18,2.79,217.25,13.73,0
2026-07-22 07:21:23,MC_03,61.55,37.14,2.35,219.72,11.21,0
2026-07-22 07:21:23,MC_04,67.79,40.27,2.38,217.48,12.63,0
2026-07-22 07:21:23,MC_05,64.47,29.85,2.5,210.06,13.47,0
2026-07-22 07:26:23,MC_01,65.0,40.16,2.6,212.85,11.18,0
2026-07-22 07:26:23,MC_02,64.36,45.13,2.81,218.38,10.88,0
2026-07-22 07:26:23,MC_03,60.45,41.19,2.39,216.7,12.92,0
2026-07-22 07:26:23,MC_04,58.08,43.11,2.99,220.32,12.55,0
2026-07-22 07:26:23,MC_05,61.26,41.07,2.06,225.44,10.41,0
2026-07-22 07:31:23,MC_01,63.76,41.76,2.62,229.8,10.95,0
2026-07-22 07:31:23,MC_02,64.63,37.29,2.38,216.97,11.55,0
2026-07-22 07:31:23,MC_03,67.34,38.72,2.55,216.37,11.98,0
2026-07-22 07:31:23,MC_04,64.13,35.16,2.12,217.94,14.29,0
2026-07-22 07:31:23,MC_05,61.49,34.33,3.05,220.55,13.34,0
2026-07-22 07:36:23,MC_01,94.81,52.74,7.12,220.77,19.66,1
2026-07-22 07:36:23,MC_02,62.03,43.71,2.5,213.79,11.85,0
2026-07-22 07:36:23,MC_03,63.67,41.64,2.18,223.73,11.39,0
2026-07-22 07:36:23,MC_04,56.18,43.81,2.57,220.41,12.8,0
2026-07-22 07:36:23,MC_05,59.66,34.04,3.09,214.45,14.92,0
2026-07-22 07:41:23,MC_01,56.05,42.47,3.44,221.31,11.52,0
2026-07-22 07:41:23,MC_02,60.16,42.38,1.49,213.16,12.09,0
2026-07-22 07:41:23,MC_03,68.0,38.98,2.2,228.84,13.03,0
2026-07-22 07:41:23,MC_04,64.62,38.5,2.02,223.63,12.58,0
2026-07-22 07:41:23,MC_05,64.65,38.16,1.45,213.5,11.25,0
2026-07-22 07:46:23,MC_01,56.42,39.54,2.26,220.71,12.23,0
2026-07-22 07:46:23,MC_02,59.44,46.59,1.89,218.17,10.63,0
2026-07-22 07:46:23,MC_03,53.73,48.39,2.48,222.52,12.81,0
2026-07-22 07:46:23,MC_04,59.18,44.34,2.32,214.23,10.36,0
2026-07-22 07:46:23,MC_05,51.91,37.14,1.97,216.12,12.27,0
2026-07-22 07:51:23,MC_01,58.48,44.33,2.84,214.39,10.11,0
2026-07-22 07:51:23,MC_02,61.04,41.56,2.27,228.41,11.36,0
2026-07-22 07:51:23,MC_03,55.97,43.95,1.94,224.25,11.61,0
2026-07-22 07:51:23,MC_04,52.08,40.41,2.4,229.29,13.8,0
2026-07-22 07:51:23,MC_05,56.51,39.15,2.73,224.48,10.44,0
2026-07-22 07:56:23,MC_01,62.9,35.59,3.12,221.27,11.42,0
2026-07-22 07:56:23,MC_02,60.11,36.01,2.65,218.74,11.69,0
2026-07-22 07:56:23,MC_03,59.79,39.18,3.05,214.18,8.62,0
2026-07-22 07:56:23,MC_04,66.08,43.73,2.39,222.88,11.05,0
2026-07-22 07:56:23,MC_05,56.94,37.88,2.59,225.71,10.67,0
2026-07-22 08:01:23,MC_01,51.6,41.21,2.47,220.58,12.15,0
2026-07-22 08:01:23,MC_02,64.78,42.13,2.73,226.92,13.35,0
2026-07-22 08:01:23,MC_03,60.9,44.22,2.36,218.75,13.97,0
2026-07-22 08:01:23,MC_04,58.86,40.62,3.4,219.38,14.66,0
2026-07-22 08:01:23,MC_05,58.8,43.1,1.82,221.91,13.39,0
2026-07-22 08:06:23,MC_01,58.36,41.98,1.71,213.46,12.13,0
2026-07-22 08:06:23,MC_02,63.01,35.81,1.63,224.41,10.1,0
2026-07-22 08:06:23,MC_03,62.57,32.68,2.84,219.99,13.56,0
2026-07-22 08:06:23,MC_04,63.96,38.62,2.23,221.58,11.25,0
2026-07-22 08:06:23,MC_05,43.62,38.88,2.07,217.32,12.45,0
2026-07-22 08:11:23,MC_01,62.45,37.62,2.98,212.45,10.96,0
2026-07-22 08:11:23,MC_02,58.85,36.71,2.62,218.67,10.74,0
2026-07-22 08:11:23,MC_03,55.0,39.81,2.86,223.47,12.44,0
2026-07-22 08:11:23,MC_04,62.86,45.62,2.17,227.88,12.95,0
2026-07-22 08:11:23,MC_05,61.68,39.81,3.11,214.81,13.59,0
2026-07-22 08:16:23,MC_01,67.37,45.61,3.18,225.26,14.58,0
2026-07-22 08:16:23,MC_02,67.85,30.56,2.36,215.92,12.06,0
2026-07-22 08:16:23,MC_03,62.09,40.69,2.98,217.14,11.48,0
2026-07-22 08:16:23,MC_04,55.42,39.95,1.69,226.5,13.19,0
2026-07-22 08:16:23,MC_05,55.09,37.2,2.69,211.74,11.48,0
2026-07-22 08:21:23,MC_01,53.64,35.23,2.38,218.38,13.18,0
2026-07-22 08:21:23,MC_02,67.61,45.81,2.46,222.59,12.63,0
2026-07-22 08:21:23,MC_03,64.03,42.9,2.24,215.66,13.12,0
2026-07-22 08:21:23,MC_04,61.67,42.97,2.35,218.17,13.76,0
2026-07-22 08:21:23,MC_05,65.5,40.87,2.33,219.58,12.22,0
2026-07-22 08:26:23,MC_01,58.06,46.21,1.51,216.83,13.16,0
2026-07-22 08:26:23,MC_02,58.85,41.84,2.75,220.68,13.17,0
2026-07-22 08:26:23,MC_03,61.48,41.26,3.28,219.17,11.64,0
2026-07-22 08:26:23,MC_04,58.48,37.64,2.44,216.92,12.69,0
2026-07-22 08:26:23,MC_05,62.38,43.25,1.99,221.36,14.41,0
2026-07-22 08:31:23,MC_01,57.34,50.03,2.35,221.24,12.44,0
2026-07-22 08:31:23,MC_02,52.84,36.8,2.83,218.84,10.7,0
2026-07-22 08:31:23,MC_03,59.29,49.14,2.0,214.84,11.4,0
2026-07-22 08:31:23,MC_04,61.39,34.43,2.79,217.79,12.01,0
2026-07-22 08:31:23,MC_05,57.44,46.36,2.43,213.29,10.49,0
2026-07-22 08:36:23,MC_01,54.74,44.02,1.39,224.47,14.12,0
2026-07-22 08:36:23,MC_02,70.26,41.68,1.61,213.28,13.34,0
2026-07-22 08:36:23,MC_03,60.47,35.69,2.76,222.4,13.45,0
2026-07-22 08:36:23,MC_04,64.61,37.03,2.44,216.34,13.16,0
2026-07-22 08:36:23,MC_05,57.1,44.56,2.79,229.35,11.04,0
2026-07-22 08:41:23,MC_01,63.97,41.6,2.12,224.78,13.28,0
2026-07-22 08:41:23,MC_02,56.77,33.31,2.45,216.57,12.24,0
2026-07-22 08:41:23,MC_03,56.31,42.37,1.82,215.1,11.34,0
2026-07-22 08:41:23,MC_04,55.77,41.75,2.49,224.12,10.46,0
2026-07-22 08:41:23,MC_05,66.36,35.9,1.62,217.07,10.32,0
2026-07-22 08:46:23,MC_01,60.72,31.46,2.86,221.14,13.05,0
2026-07-22 08:46:23,MC_02,55.48,41.31,2.98,213.74,12.09,0
2026-07-22 08:46:23,MC_03,57.41,42.62,2.79,215.56,9.94,0
2026-07-22 08:46:23,MC_04,66.19,42.19,3.17,208.42,11.83,0
2026-07-22 08:46:23,MC_05,56.53,34.63,2.19,217.37,11.44,0
2026-07-22 08:51:23,MC_01,64.85,49.91,3.14,216.84,11.83,0
2026-07-22 08:51:23,MC_02,63.95,42.6,3.46,220.17,12.29,0
2026-07-22 08:51:23,MC_03,58.2,36.58,2.89,217.81,13.82,0
2026-07-22 08:51:23,MC_04,62.18,39.36,2.22,216.43,14.42,0
2026-07-22 08:51:23,MC_05,49.82,39.67,2.54,208.7,13.96,0
2026-07-22 08:56:23,MC_01,61.05,43.64,2.9,224.05,12.59,0
2026-07-22 08:56:23,MC_02,55.73,42.06,2.92,212.31,14.84,0
2026-07-22 08:56:23,MC_03,63.25,43.38,1.94,228.65,13.57,0
2026-07-22 08:56:23,MC_04,59.39,45.77,1.63,214.96,12.09,0
2026-07-22 08:56:23,MC_05,60.52,45.0,1.77,210.45,9.91,0
2026-07-22 09:01:23,MC_01,53.54,40.19,2.44,221.68,12.57,0
2026-07-22 09:01:23,MC_02,61.47,38.05,3.13,221.89,14.84,0
2026-07-22 09:01:23,MC_03,64.73,38.15,2.7,217.12,13.8,0
2026-07-22 09:01:23,MC_04,53.14,42.13,2.71,216.7,13.12,0
2026-07-22 09:01:23,MC_05,57.59,31.73,2.57,216.47,12.28,0
2026-07-22 09:06:23,MC_01,60.11,37.49,3.05,216.62,12.07,0
2026-07-22 09:06:23,MC_02,57.08,41.18,2.54,220.33,13.41,0
2026-07-22 09:06:23,MC_03,56.11,38.09,3.13,220.19,11.33,0
2026-07-22 09:06:23,MC_04,56.04,34.57,2.99,230.69,11.38,0
2026-07-22 09:06:23,MC_05,50.99,41.55,2.77,225.65,11.66,0
2026-07-22 09:11:23,MC_01,50.04,38.34,2.69,215.01,12.14,0
2026-07-22 09:11:23,MC_02,61.35,40.98,1.95,209.08,11.29,0
2026-07-22 09:11:23,MC_03,65.81,40.43,2.18,215.89,13.75,0
2026-07-22 09:11:23,MC_04,63.43,36.46,2.99,215.28,12.69,0
2026-07-22 09:11:23,MC_05,58.12,39.87,1.7,216.45,12.27,0
2026-07-22 09:16:23,MC_01,55.14,48.55,2.25,219.11,11.14,0
2026-07-22 09:16:23,MC_02,49.62,38.56,3.4,228.14,10.42,0
2026-07-22 09:16:23,MC_03,52.02,37.78,2.7,217.92,13.32,0
2026-07-22 09:16:23,MC_04,59.39,43.95,2.82,212.7,12.79,0
2026-07-22 09:16:23,MC_05,57.13,46.88,1.5,221.54,11.02,0
2026-07-22 09:21:23,MC_01,62.19,42.23,1.43,222.6,8.97,0
2026-07-22 09:21:23,MC_02,56.38,40.31,2.5,222.67,10.4,0
2026-07-22 09:21:23,MC_03,64.63,28.44,3.26,218.72,11.77,0
2026-07-22 09:21:23,MC_04,61.54,44.99,1.74,215.23,12.65,0
2026-07-22 09:21:23,MC_05,71.19,40.02,1.64,215.6,8.94,0
2026-07-22 09:26:23,MC_01,63.09,38.84,3.06,220.28,11.59,0
2026-07-22 09:26:23,MC_02,54.49,34.98,2.2,230.42,11.85,0
2026-07-22 09:26:23,MC_03,59.74,39.13,2.02,217.8,11.69,0
2026-07-22 09:26:23,MC_04,60.98,37.86,3.12,221.38,10.86,0
2026-07-22 09:26:23,MC_05,57.93,36.79,2.08,220.37,12.33,0
2026-07-22 09:31:23,MC_01,67.59,42.04,2.29,224.13,14.86,0
2026-07-22 09:31:23,MC_02,62.43,32.29,2.77,225.68,10.01,0
2026-07-22 09:31:23,MC_03,66.21,38.25,2.8,221.32,12.7,0
2026-07-22 09:31:23,MC_04,62.83,41.38,2.36,216.53,12.48,0
2026-07-22 09:31:23,MC_05,57.34,46.24,2.55,212.08,13.87,0
2026-07-22 09:36:23,MC_01,50.94,37.5,2.32,212.04,11.84,0
2026-07-22 09:36:23,MC_02,64.5,41.21,1.92,215.05,12.38,0
2026-07-22 09:36:23,MC_03,62.45,40.57,2.59,224.2,14.88,0
2026-07-22 09:36:23,MC_04,60.72,40.51,3.48,219.18,9.28,0
2026-07-22 09:36:23,MC_05,54.53,43.62,2.74,215.36,9.06,0
2026-07-22 09:41:23,MC_01,59.43,38.58,1.95,218.38,12.8,0
2026-07-22 09:41:23,MC_02,59.04,36.88,2.73,219.21,14.46,0
2026-07-22 09:41:23,MC_03,63.07,38.04,3.21,221.8,12.34,0
2026-07-22 09:41:23,MC_04,56.04,37.89,2.65,216.91,10.86,0
2026-07-22 09:41:23,MC_05,67.16,47.65,2.97,208.43,12.48,0
2026-07-22 09:46:23,MC_01,58.77,36.68,2.14,211.26,11.9,0
2026-07-22 09:46:23,MC_02,55.34,35.9,2.54,221.94,12.01,0
2026-07-22 09:46:23,MC_03,59.44,36.01,2.66,220.13,12.61,0
2026-07-22 09:46:23,MC_04,59.3,37.09,2.01,225.93,12.23,0
2026-07-22 09:46:23,MC_05,50.12,37.47,2.51,221.21,11.98,0
2026-07-22 09:51:23,MC_01,54.18,44.87,2.79,216.71,12.66,0
2026-07-22 09:51:23,MC_02,58.22,43.22,1.87,221.69,12.45,0
2026-07-22 09:51:23,MC_03,63.18,41.97,2.35,210.3,9.99,0
2026-07-22 09:51:23,MC_04,49.68,37.04,2.3,217.04,12.37,0
2026-07-22 09:51:23,MC_05,55.15,42.51,3.05,224.01,10.28,0
2026-07-22 09:56:23,MC_01,48.62,39.05,3.19,210.05,11.38,0
2026-07-22 09:56:23,MC_02,61.16,35.23,3.25,219.07,8.63,0
2026-07-22 09:56:23,MC_03,67.23,39.27,2.71,220.47,11.6,0
2026-07-22 09:56:23,MC_04,60.3,35.88,2.43,214.12,12.61,0
2026-07-22 09:56:23,MC_05,61.7,43.21,3.54,224.92,12.23,0
2026-07-22 10:01:23,MC_01,79.97,42.28,2.27,187.55,31.9,1
2026-07-22 10:01:23,MC_02,59.54,45.89,2.87,213.71,14.26,0
2026-07-22 10:01:23,MC_03,56.73,36.37,3.04,210.6,13.65,0
2026-07-22 10:01:23,MC_04,57.74,32.91,2.16,215.44,13.14,0
2026-07-22 10:01:23,MC_05,62.57,37.4,3.11,217.68,11.22,0
2026-07-22 10:06:23,MC_01,60.01,46.48,3.03,225.1,14.94,0
2026-07-22 10:06:23,MC_02,62.69,46.49,1.74,219.92,10.4,0
2026-07-22 10:06:23,MC_03,60.64,44.54,3.17,219.08,12.99,0
2026-07-22 10:06:23,MC_04,65.6,27.89,2.16,223.38,12.33,0
2026-07-22 10:06:23,MC_05,45.82,40.48,2.19,216.54,9.3,0
2026-07-22 10:11:23,MC_01,57.89,38.49,2.15,213.57,10.5,0
2026-07-22 10:11:23,MC_02,61.11,42.48,3.5,222.34,13.61,0
2026-07-22 10:11:23,MC_03,52.96,38.76,2.22,216.93,10.99,0
2026-07-22 10:11:23,MC_04,88.13,61.15,7.61,220.04,26.29,1
2026-07-22 10:11:23,MC_05,54.16,42.99,2.1,226.2,11.75,0
2026-07-22 10:16:23,MC_01,57.77,41.4,2.11,223.68,10.34,0
2026-07-22 10:16:23,MC_02,57.75,41.54,3.3,225.77,12.55,0
2026-07-22 10:16:23,MC_03,64.68,42.85,2.62,218.55,13.21,0
2026-07-22 10:16:23,MC_04,49.43,37.98,2.96,228.26,13.99,0
2026-07-22 10:16:23,MC_05,56.84,36.32,2.37,222.27,10.53,0
2026-07-22 10:21:23,MC_01,54.13,34.99,2.1,231.94,12.63,0
2026-07-22 10:21:23,MC_02,55.71,39.48,2.57,225.56,9.84,0
2026-07-22 10:21:23,MC_03,66.68,35.2,3.37,210.59,10.12,0
2026-07-22 10:21:23,MC_04,60.89,38.49,1.83,231.82,9.45,0
2026-07-22 10:21:23,MC_05,51.32,41.3,2.47,212.69,15.27,0
2026-07-22 10:26:23,MC_01,60.52,37.72,2.5,212.14,13.63,0
2026-07-22 10:26:23,MC_02,59.99,36.45,3.07,216.73,11.17,0
2026-07-22 10:26:23,MC_03,60.99,39.89,2.77,218.79,10.74,0
2026-07-22 10:26:23,MC_04,57.23,43.32,2.35,217.72,13.33,0
2026-07-22 10:26:23,MC_05,61.73,35.35,2.76,215.45,12.24,0
2026-07-22 10:31:23,MC_01,57.26,40.2,2.15,217.88,10.58,0
2026-07-22 10:31:23,MC_02,60.28,41.91,2.08,215.81,14.39,0
2026-07-22 10:31:23,MC_03,55.8,42.88,3.0,221.42,12.55,0
2026-07-22 10:31:23,MC_04,60.36,38.21,2.92,219.89,12.72,0
2026-07-22 10:31:23,MC_05,61.36,38.13,2.9,213.32,13.85,0
2026-07-22 10:36:23,MC_01,65.51,38.99,2.09,219.57,12.41,0
2026-07-22 10:36:23,MC_02,60.05,45.22,2.75,213.02,11.95,0
2026-07-22 10:36:23,MC_03,64.18,31.67,1.59,216.57,10.58,0
2026-07-22 10:36:23,MC_04,63.88,43.63,2.83,221.81,10.86,0
2026-07-22 10:36:23,MC_05,63.94,41.73,2.5,216.28,11.89,0
2026-07-22 10:41:23,MC_01,54.45,41.17,1.2,231.88,11.24,0
2026-07-22 10:41:23,MC_02,64.29,44.24,2.71,218.02,14.98,0
2026-07-22 10:41:23,MC_03,57.85,36.61,1.52,210.88,12.21,0
2026-07-22 10:41:23,MC_04,60.38,39.41,2.26,214.99,12.79,0
2026-07-22 10:41:23,MC_05,62.18,43.02,2.38,216.79,9.01,0
2026-07-22 10:46:23,MC_01,57.24,40.94,2.4,222.13,10.31,0
2026-07-22 10:46:23,MC_02,52.38,42.67,2.91,215.79,11.46,0
2026-07-22 10:46:23,MC_03,61.37,43.94,1.84,212.98,11.38,0
2026-07-22 10:46:23,MC_04,60.78,46.78,2.04,225.32,9.78,0
2026-07-22 10:46:23,MC_05,53.81,41.79,3.11,224.53,9.69,0
2026-07-22 10:51:23,MC_01,67.72,39.44,2.44,218.12,15.1,0
2026-07-22 10:51:23,MC_02,66.94,39.77,2.34,223.73,9.2,0
2026-07-22 10:51:23,MC_03,61.88,44.25,1.88,227.69,11.2,0
2026-07-22 10:51:23,MC_04,80.84,47.23,2.23,179.05,29.21,1
2026-07-22 10:51:23,MC_05,58.42,46.36,2.65,228.89,12.85,0
2026-07-22 10:56:23,MC_01,63.26,35.7,2.22,227.29,13.74,0
2026-07-22 10:56:23,MC_02,68.3,44.27,1.93,214.28,14.75,0
2026-07-22 10:56:23,MC_03,57.46,41.42,1.8,221.19,9.89,0
2026-07-22 10:56:23,MC_04,53.36,42.89,2.86,219.19,11.05,0
2026-07-22 10:56:23,MC_05,66.91,41.4,2.65,223.59,16.12,0
2026-07-22 11:01:23,MC_01,67.48,46.87,2.59,213.46,9.31,0
2026-07-22 11:01:23,MC_02,64.13,41.13,2.99,222.73,12.58,0
2026-07-22 11:01:23,MC_03,57.11,43.87,2.3,222.95,14.65,0
2026-07-22 11:01:23,MC_04,63.3,40.38,2.32,211.7,13.6,0
2026-07-22 11:01:23,MC_05,66.16,35.46,1.81,226.21,11.89,0
2026-07-22 11:06:23,MC_01,61.07,42.69,2.21,230.43,9.95,0
2026-07-22 11:06:23,MC_02,58.35,43.95,3.08,212.53,11.57,0
2026-07-22 11:06:23,MC_03,63.73,45.89,3.19,223.5,12.13,0
2026-07-22 11:06:23,MC_04,67.17,39.14,2.36,225.73,13.59,0
2026-07-22 11:06:23,MC_05,57.5,40.52,1.95,224.48,9.42,0
2026-07-22 11:11:23,MC_01,56.01,37.84,2.07,227.57,13.01,0
2026-07-22 11:11:23,MC_02,60.48,36.92,1.18,216.53,12.91,0
2026-07-22 11:11:23,MC_03,65.2,43.45,3.48,209.03,10.74,0
2026-07-22 11:11:23,MC_04,64.54,37.58,2.61,220.84,9.22,0
2026-07-22 11:11:23,MC_05,64.21,41.38,3.48,220.0,10.36,0
2026-07-22 11:16:23,MC_01,47.56,42.53,2.2,217.85,12.1,0
2026-07-22 11:16:23,MC_02,57.06,37.03,3.51,228.92,11.21,0
2026-07-22 11:16:23,MC_03,65.71,36.95,2.55,211.24,10.55,0
2026-07-22 11:16:23,MC_04,56.54,28.99,2.6,223.64,13.15,0
2026-07-22 11:16:23,MC_05,58.97,41.64,2.45,208.39,14.1,0
2026-07-22 11:21:23,MC_01,58.04,40.45,2.2,217.3,11.51,0
2026-07-22 11:21:23,MC_02,61.81,34.48,3.5,225.36,11.59,0
2026-07-22 11:21:23,MC_03,62.81,43.38,2.63,224.51,11.99,0
2026-07-22 11:21:23,MC_04,59.49,36.65,2.71,221.52,14.02,0
2026-07-22 11:21:23,MC_05,62.92,32.97,2.17,216.55,10.9,0
2026-07-22 11:26:23,MC_01,64.83,31.19,3.21,224.99,12.28,0
2026-07-22 11:26:23,MC_02,60.79,44.51,2.39,223.0,10.69,0
2026-07-22 11:26:23,MC_03,62.66,36.54,2.72,219.77,14.35,0
2026-07-22 11:26:23,MC_04,57.79,41.25,2.74,218.23,11.35,0
2026-07-22 11:26:23,MC_05,55.97,39.7,2.17,221.46,10.81,0
2026-07-22 11:31:23,MC_01,65.72,40.1,2.51,222.98,14.66,0
2026-07-22 11:31:23,MC_02,60.41,34.04,3.09,213.21,11.26,0
2026-07-22 11:31:23,MC_03,57.14,41.13,2.5,216.53,13.32,0
2026-07-22 11:31:23,MC_04,66.14,45.55,2.78,216.49,10.12,0
2026-07-22 11:31:23,MC_05,60.97,38.32,1.53,214.08,9.35,0
2026-07-22 11:36:23,MC_01,67.21,46.54,2.14,221.75,12.53,0
2026-07-22 11:36:23,MC_02,60.17,38.88,2.62,221.44,11.21,0
2026-07-22 11:36:23,MC_03,65.51,36.65,2.7,218.3,10.7,0
2026-07-22 11:36:23,MC_04,63.29,39.62,3.18,215.24,8.7,0
2026-07-22 11:36:23,MC_05,61.97,36.23,1.99,230.13,11.43,0
2026-07-22 11:41:23,MC_01,59.26,31.89,3.54,222.92,9.73,0
2026-07-22 11:41:23,MC_02,66.98,36.43,3.47,230.23,11.18,0
2026-07-22 11:41:23,MC_03,68.53,30.85,2.96,226.82,14.26,0
2026-07-22 11:41:23,MC_04,60.38,40.1,2.42,218.89,13.7,0
2026-07-22 11:41:23,MC_05,61.24,48.77,3.11,219.57,12.26,0
2026-07-22 11:46:23,MC_01,55.8,45.32,2.33,221.78,8.58,0
2026-07-22 11:46:23,MC_02,64.6,42.09,3.01,222.21,13.85,0
2026-07-22 11:46:23,MC_03,62.1,34.5,2.45,219.81,7.1,0
2026-07-22 11:46:23,MC_04,58.63,39.58,1.41,213.26,12.73,0
2026-07-22 11:46:23,MC_05,57.68,37.2,1.85,220.2,10.78,0
2026-07-22 11:51:23,MC_01,56.78,33.33,2.78,224.33,11.62,0
2026-07-22 11:51:23,MC_02,63.1,43.59,2.45,220.75,11.84,0
2026-07-22 11:51:23,MC_03,60.81,45.05,2.72,225.88,14.26,0
2026-07-22 11:51:23,MC_04,51.94,41.95,2.99,218.68,12.9,0
2026-07-22 11:51:23,MC_05,62.66,39.72,2.5,216.01,12.59,0
2026-07-22 11:56:23,MC_01,57.87,36.79,2.4,225.93,11.29,0
2026-07-22 11:56:23,MC_02,59.37,38.94,2.18,226.15,9.96,0
2026-07-22 11:56:23,MC_03,59.57,40.54,3.09,223.67,12.12,0
2026-07-22 11:56:23,MC_04,55.44,43.09,2.65,222.45,11.39,0
2026-07-22 11:56:23,MC_05,55.73,37.16,3.72,224.11,12.48,0
2026-07-22 12:01:23,MC_01,58.04,38.84,2.13,216.73,11.98,0
2026-07-22 12:01:23,MC_02,60.32,34.06,2.35,214.47,8.09,0
2026-07-22 12:01:23,MC_03,60.36,41.75,2.33,214.86,11.45,0
2026-07-22 12:01:23,MC_04,66.84,41.5,1.74,220.65,13.91,0
2026-07-22 12:01:23,MC_05,52.56,40.5,2.33,222.97,10.73,0
2026-07-22 12:06:23,MC_01,55.67,41.04,1.48,225.88,7.82,0
2026-07-22 12:06:23,MC_02,52.75,40.68,2.94,225.79,13.69,0
2026-07-22 12:06:23,MC_03,55.71,40.32,2.67,218.12,9.25,0
2026-07-22 12:06:23,MC_04,61.96,38.06,2.42,221.92,9.68,0
2026-07-22 12:06:23,MC_05,52.51,47.18,2.54,217.42,12.08,0
2026-07-22 12:11:23,MC_01,49.88,36.38,2.13,214.9,13.85,0
2026-07-22 12:11:23,MC_02,63.3,34.96,2.41,221.0,12.62,0
2026-07-22 12:11:23,MC_03,59.72,44.79,2.89,212.82,9.17,0
2026-07-22 12:11:23,MC_04,59.44,36.97,2.79,212.48,14.77,0
2026-07-22 12:11:23,MC_05,56.65,33.93,2.43,213.73,12.22,0
2026-07-22 12:16:23,MC_01,59.87,44.16,2.45,216.36,12.6,0
2026-07-22 12:16:23,MC_02,62.21,38.86,3.19,218.5,14.23,0
2026-07-22 12:16:23,MC_03,56.73,41.07,1.49,230.84,12.48,0
2026-07-22 12:16:23,MC_04,60.86,39.28,1.97,226.43,12.22,0
2026-07-22 12:16:23,MC_05,59.73,40.65,2.55,220.67,13.54,0
2026-07-22 12:21:23,MC_01,56.93,37.38,3.05,219.65,13.53,0
2026-07-22 12:21:23,MC_02,61.36,34.19,2.05,225.1,13.95,0
2026-07-22 12:21:23,MC_03,60.46,43.71,2.22,216.86,13.16,0
2026-07-22 12:21:23,MC_04,60.83,38.5,2.39,221.54,12.36,0
2026-07-22 12:21:23,MC_05,52.4,38.6,2.04,204.77,15.32,0
2026-07-22 12:26:23,MC_01,56.14,35.31,1.77,218.97,11.26,0
2026-07-22 12:26:23,MC_02,59.06,46.55,1.69,224.2,14.3,0
2026-07-22 12:26:23,MC_03,56.87,41.51,2.44,211.4,13.83,0
2026-07-22 12:26:23,MC_04,52.39,42.08,2.58,223.03,12.83,0
2026-07-22 12:26:23,MC_05,72.98,39.29,2.58,181.84,31.37,1
2026-07-22 12:31:23,MC_01,58.37,43.53,1.83,214.41,13.39,0
2026-07-22 12:31:23,MC_02,52.95,37.47,2.36,222.36,12.23,0
2026-07-22 12:31:23,MC_03,58.9,44.27,2.02,227.88,10.24,0
2026-07-22 12:31:23,MC_04,57.69,45.04,3.63,214.13,15.74,0
2026-07-22 12:31:23,MC_05,48.1,43.02,3.38,214.84,13.84,0
2026-07-22 12:36:23,MC_01,57.44,39.68,2.57,214.03,14.14,0
2026-07-22 12:36:23,MC_02,61.16,51.98,3.14,224.08,11.34,0
2026-07-22 12:36:23,MC_03,61.87,41.91,2.48,224.79,16.7,0
2026-07-22 12:36:23,MC_04,88.81,62.04,7.46,216.39,28.76,1
2026-07-22 12:36:23,MC_05,60.79,41.82,2.68,217.5,10.47,0
2026-07-22 12:41:23,MC_01,54.53,42.5,2.98,223.95,13.45,0
2026-07-22 12:41:23,MC_02,56.25,48.18,2.95,222.15,14.57,0
2026-07-22 12:41:23,MC_03,71.18,43.25,2.58,218.65,10.55,0
2026-07-22 12:41:23,MC_04,58.55,39.56,2.99,217.96,11.11,0
2026-07-22 12:41:23,MC_05,58.78,42.4,2.37,218.93,14.33,0
2026-07-22 12:46:23,MC_01,59.31,32.14,2.42,221.27,14.97,0
2026-07-22 12:46:23,MC_02,61.73,49.07,3.0,212.75,13.84,0
2026-07-22 12:46:23,MC_03,55.28,47.29,3.09,226.15,13.55,0
2026-07-22 12:46:23,MC_04,61.03,37.93,2.07,216.8,15.53,0
2026-07-22 12:46:23,MC_05,58.09,43.12,2.11,216.32,12.18,0
2026-07-22 12:51:23,MC_01,71.28,45.69,2.77,218.98,12.57,0
2026-07-22 12:51:23,MC_02,60.95,36.42,2.66,214.2,11.06,0
2026-07-22 12:51:23,MC_03,65.58,34.99,1.87,226.53,14.51,0
2026-07-22 12:51:23,MC_04,54.78,40.19,2.53,216.1,13.08,0
2026-07-22 12:51:23,MC_05,54.34,43.17,2.32,219.77,13.78,0
2026-07-22 12:56:23,MC_01,54.77,37.91,3.14,212.29,12.35,0
2026-07-22 12:56:23,MC_02,57.08,35.55,1.54,227.81,11.37,0
2026-07-22 12:56:23,MC_03,50.99,38.02,3.69,224.61,12.73,0
2026-07-22 12:56:23,MC_04,65.99,47.34,2.76,227.21,11.04,0
2026-07-22 12:56:23,MC_05,55.69,29.48,3.16,217.53,13.24,0
2026-07-22 13:01:23,MC_01,66.91,40.41,2.76,214.87,12.07,0
2026-07-22 13:01:23,MC_02,64.86,32.87,2.34,210.39,12.47,0
2026-07-22 13:01:23,MC_03,63.7,38.86,3.9,224.04,12.05,0
2026-07-22 13:01:23,MC_04,56.63,37.89,3.0,219.59,11.88,0
2026-07-22 13:01:23,MC_05,61.39,48.28,2.77,222.12,13.18,0
2026-07-22 13:06:23,MC_01,59.46,31.8,2.87,221.84,11.78,0
2026-07-22 13:06:23,MC_02,48.19,43.0,3.08,223.6,13.76,0
2026-07-22 13:06:23,MC_03,51.2,42.09,3.26,218.16,12.98,0
2026-07-22 13:06:23,MC_04,57.43,47.2,1.96,220.44,14.05,0
2026-07-22 13:06:23,MC_05,50.28,37.28,3.11,228.58,12.99,0
2026-07-22 13:11:23,MC_01,58.52,34.21,2.59,219.23,11.86,0
2026-07-22 13:11:23,MC_02,57.52,35.07,3.02,216.18,12.17,0
2026-07-22 13:11:23,MC_03,62.98,42.03,1.92,219.04,14.4,0
2026-07-22 13:11:23,MC_04,58.29,38.76,2.59,215.84,13.35,0
2026-07-22 13:11:23,MC_05,55.73,42.21,3.04,222.13,11.15,0
2026-07-22 13:16:23,MC_01,60.93,37.06,2.39,217.38,10.86,0
2026-07-22 13:16:23,MC_02,65.27,40.97,3.23,216.62,13.93,0
2026-07-22 13:16:23,MC_03,64.55,44.15,2.83,221.31,11.32,0
2026-07-22 13:16:23,MC_04,54.28,42.93,1.61,221.53,11.58,0
2026-07-22 13:16:23,MC_05,57.8,38.23,2.07,215.72,16.68,0
2026-07-22 13:21:23,MC_01,56.02,36.35,1.83,225.64,13.81,0
2026-07-22 13:21:23,MC_02,56.9,38.4,2.84,214.99,10.89,0
2026-07-22 13:21:23,MC_03,54.61,48.93,2.08,224.76,12.89,0
2026-07-22 13:21:23,MC_04,55.97,40.28,2.91,217.21,12.62,0
2026-07-22 13:21:23,MC_05,60.53,38.53,1.58,223.9,14.99,0
2026-07-22 13:26:23,MC_01,60.7,44.58,3.14,224.56,12.67,0
2026-07-22 13:26:23,MC_02,55.22,38.49,2.34,221.46,9.35,0
2026-07-22 13:26:23,MC_03,62.56,31.95,2.71,225.85,13.34,0
2026-07-22 13:26:23,MC_04,63.52,46.82,2.68,225.13,11.34,0
2026-07-22 13:26:23,MC_05,55.74,37.46,1.89,220.62,12.07,0
2026-07-22 13:31:23,MC_01,65.14,40.03,2.0,216.37,11.1,0
2026-07-22 13:31:23,MC_02,59.4,40.3,2.18,221.61,14.74,0
2026-07-22 13:31:23,MC_03,61.53,36.82,2.43,216.61,10.4,0
2026-07-22 13:31:23,MC_04,55.61,45.12,2.72,224.71,9.96,0
2026-07-22 13:31:23,MC_05,68.26,36.99,1.86,220.95,10.99,0
2026-07-22 13:36:23,MC_01,68.53,38.87,2.44,210.88,12.06,0
2026-07-22 13:36:23,MC_02,55.51,42.73,2.77,220.8,13.88,0
2026-07-22 13:36:23,MC_03,50.58,39.7,2.01,212.9,13.34,0
2026-07-22 13:36:23,MC_04,69.81,33.81,2.42,221.25,13.44,0
2026-07-22 13:36:23,MC_05,67.13,45.48,1.66,214.62,12.66,0
2026-07-22 13:41:23,MC_01,60.3,42.22,3.23,222.23,9.24,0
2026-07-22 13:41:23,MC_02,53.57,35.5,2.75,221.54,8.26,0
2026-07-22 13:41:23,MC_03,70.18,41.06,1.28,211.94,12.94,0
2026-07-22 13:41:23,MC_04,63.67,39.22,2.26,223.97,13.66,0
2026-07-22 13:41:23,MC_05,64.5,38.59,2.2,216.8,12.03,0
2026-07-22 13:46:23,MC_01,62.85,38.16,3.02,215.67,11.5,0
2026-07-22 13:46:23,MC_02,101.81,60.22,10.64,230.31,26.21,1
2026-07-22 13:46:23,MC_03,62.09,46.11,2.6,224.95,15.41,0
2026-07-22 13:46:23,MC_04,58.17,37.34,2.92,222.18,11.57,0
2026-07-22 13:46:23,MC_05,68.08,37.17,2.48,216.35,11.95,0
2026-07-22 13:51:23,MC_01,56.81,37.64,2.08,218.64,8.32,0
2026-07-22 13:51:23,MC_02,63.66,39.51,3.15,216.66,9.52,0
2026-07-22 13:51:23,MC_03,67.41,43.81,3.65,218.12,11.36,0
2026-07-22 13:51:23,MC_04,58.87,40.1,2.2,219.11,10.6,0
2026-07-22 13:51:23,MC_05,60.32,38.0,2.27,215.63,12.07,0
2026-07-22 13:56:23,MC_01,57.5,34.77,2.81,221.71,12.11,0
2026-07-22 13:56:23,MC_02,54.47,39.73,1.66,222.67,11.9,0
2026-07-22 13:56:23,MC_03,74.98,40.74,3.18,170.8,25.91,1
2026-07-22 13:56:23,MC_04,71.35,37.73,2.37,219.9,11.75,0
2026-07-22 13:56:23,MC_05,65.82,46.65,2.25,224.64,12.91,0
2026-07-22 14:01:23,MC_01,59.57,31.49,2.73,216.92,9.93,0
2026-07-22 14:01:23,MC_02,61.93,38.96,2.93,220.11,12.52,0
2026-07-22 14:01:23,MC_03,61.89,40.42,2.36,220.57,15.82,0
2026-07-22 14:01:23,MC_04,50.4,35.02,2.69,221.51,9.62,0
2026-07-22 14:01:23,MC_05,52.05,38.24,2.42,220.02,11.38,0
2026-07-22 14:06:23,MC_01,60.41,43.38,2.72,221.18,9.65,0
2026-07-22 14:06:23,MC_02,51.95,34.73,3.25,212.51,11.85,0
2026-07-22 14:06:23,MC_03,80.82,61.96,9.7,229.98,25.35,1
2026-07-22 14:06:23,MC_04,58.41,46.39,2.41,227.55,11.49,0
2026-07-22 14:06:23,MC_05,59.36,36.54,2.73,221.98,12.6,0
2026-07-22 14:11:23,MC_01,73.66,44.49,1.78,214.3,13.54,0
2026-07-22 14:11:23,MC_02,56.28,40.98,2.15,217.69,11.62,0
2026-07-22 14:11:23,MC_03,67.13,36.1,2.9,221.07,10.15,0
2026-07-22 14:11:23,MC_04,57.05,39.5,3.53,218.41,12.15,0
2026-07-22 14:11:23,MC_05,66.01,37.4,2.38,221.25,10.79,0
2026-07-22 14:16:23,MC_01,73.31,37.64,1.83,225.68,11.59,0
2026-07-22 14:16:23,MC_02,64.07,38.74,1.67,218.55,13.17,0
2026-07-22 14:16:23,MC_03,62.94,41.53,2.48,220.19,11.17,0
2026-07-22 14:16:23,MC_04,57.37,47.16,3.12,220.49,11.47,0
2026-07-22 14:16:23,MC_05,58.4,47.36,2.79,227.76,13.29,0
2026-07-22 14:21:23,MC_01,58.88,40.88,2.05,211.23,11.07,0
2026-07-22 14:21:23,MC_02,61.37,40.52,2.9,221.45,12.23,0
2026-07-22 14:21:23,MC_03,69.85,41.07,1.81,221.85,10.11,0
2026-07-22 14:21:23,MC_04,53.01,38.03,2.96,222.37,13.05,0
2026-07-22 14:21:23,MC_05,61.7,46.01,2.04,219.34,13.3,0
2026-07-22 14:26:23,MC_01,53.84,40.92,2.36,215.47,13.8,0
2026-07-22 14:26:23,MC_02,63.54,38.4,2.53,215.89,13.16,0
2026-07-22 14:26:23,MC_03,55.48,40.87,2.37,222.01,11.01,0
2026-07-22 14:26:23,MC_04,59.33,51.37,2.83,220.7,13.95,0
2026-07-22 14:26:23,MC_05,65.01,44.62,1.94,218.33,9.31,0
2026-07-22 14:31:23,MC_01,52.68,51.93,3.18,211.58,11.99,0
2026-07-22 14:31:23,MC_02,58.22,37.46,2.19,216.43,12.39,0
2026-07-22 14:31:23,MC_03,59.62,36.18,2.06,222.06,12.87,0
2026-07-22 14:31:23,MC_04,50.78,38.46,2.37,207.46,13.61,0
2026-07-22 14:31:23,MC_05,63.14,41.53,2.07,217.09,13.2,0
2026-07-22 14:36:23,MC_01,58.62,41.49,2.9,218.46,13.83,0
2026-07-22 14:36:23,MC_02,57.76,46.54,3.16,217.91,15.41,0
2026-07-22 14:36:23,MC_03,60.73,42.82,2.7,218.07,13.45,0
2026-07-22 14:36:23,MC_04,61.98,41.07,2.76,224.01,13.13,0
2026-07-22 14:36:23,MC_05,63.05,42.31,2.7,218.91,13.49,0
2026-07-22 14:41:23,MC_01,58.06,38.1,2.37,214.84,11.48,0
2026-07-22 14:41:23,MC_02,54.12,44.21,2.77,217.2,10.34,0
2026-07-22 14:41:23,MC_03,56.85,49.72,2.85,222.9,12.47,0
2026-07-22 14:41:23,MC_04,57.49,43.86,2.65,223.81,11.28,0
2026-07-22 14:41:23,MC_05,57.03,37.6,2.06,221.54,11.19,0
2026-07-22 14:46:23,MC_01,67.44,45.85,2.69,216.51,14.79,0
2026-07-22 14:46:23,MC_02,65.77,37.34,2.71,221.44,12.88,0
2026-07-22 14:46:23,MC_03,60.74,42.39,2.18,218.06,14.84,0
2026-07-22 14:46:23,MC_04,58.59,36.51,2.56,219.42,14.21,0
2026-07-22 14:46:23,MC_05,68.32,39.8,2.14,229.4,15.06,0
2026-07-22 14:51:23,MC_01,55.58,43.04,3.22,221.26,13.81,0
2026-07-22 14:51:23,MC_02,59.51,32.45,2.32,224.74,8.55,0
2026-07-22 14:51:23,MC_03,54.7,38.63,1.55,223.87,13.84,0
2026-07-22 14:51:23,MC_04,53.08,41.39,2.47,222.98,14.41,0
2026-07-22 14:51:23,MC_05,69.13,33.6,3.06,216.38,13.16,0
2026-07-22 14:56:23,MC_01,56.75,36.69,2.94,223.09,12.97,0
2026-07-22 14:56:23,MC_02,62.55,37.31,2.32,225.29,12.78,0
2026-07-22 14:56:23,MC_03,66.45,44.23,3.04,212.59,11.37,0
2026-07-22 14:56:23,MC_04,69.54,41.35,3.15,227.62,13.23,0
2026-07-22 14:56:23,MC_05,61.78,43.05,3.33,221.37,13.07,0
2026-07-22 15:01:23,MC_01,75.68,35.66,1.62,224.08,11.24,0
2026-07-22 15:01:23,MC_02,61.41,35.13,2.17,226.16,11.32,0
2026-07-22 15:01:23,MC_03,62.76,38.55,3.34,216.34,9.92,0
2026-07-22 15:01:23,MC_04,54.22,34.73,2.9,229.22,15.28,0
2026-07-22 15:01:23,MC_05,59.28,45.08,2.0,217.41,12.55,0
2026-07-22 15:06:23,MC_01,66.23,43.07,2.4,224.16,13.6,0
2026-07-22 15:06:23,MC_02,54.61,42.16,2.51,222.14,12.16,0
2026-07-22 15:06:23,MC_03,74.01,41.22,2.99,171.44,28.8,1
2026-07-22 15:06:23,MC_04,61.07,42.84,2.74,215.49,13.98,0
2026-07-22 15:06:23,MC_05,58.87,40.94,3.8,222.98,11.27,0
2026-07-22 15:11:23,MC_01,57.59,37.78,2.5,221.73,12.65,0
2026-07-22 15:11:23,MC_02,62.09,42.52,2.47,226.45,9.58,0
2026-07-22 15:11:23,MC_03,47.24,42.96,2.33,228.59,13.56,0
2026-07-22 15:11:23,MC_04,62.94,38.41,2.53,218.37,12.39,0
2026-07-22 15:11:23,MC_05,62.26,37.96,2.28,213.65,9.07,0
2026-07-22 15:16:23,MC_01,64.66,41.78,2.14,219.65,10.06,0
2026-07-22 15:16:23,MC_02,62.5,38.29,2.62,212.72,15.41,0
2026-07-22 15:16:23,MC_03,62.07,35.8,2.25,219.78,11.83,0
2026-07-22 15:16:23,MC_04,56.98,42.85,1.71,219.8,12.21,0
2026-07-22 15:16:23,MC_05,62.17,36.46,2.18,223.05,12.34,0
2026-07-22 15:21:23,MC_01,70.91,41.81,1.71,223.06,10.34,0
2026-07-22 15:21:23,MC_02,64.65,35.12,2.01,220.69,11.08,0
2026-07-22 15:21:23,MC_03,57.23,33.88,2.34,224.42,14.82,0
2026-07-22 15:21:23,MC_04,64.14,39.88,2.17,212.45,10.09,0
2026-07-22 15:21:23,MC_05,52.62,37.45,2.64,216.63,10.18,0
2026-07-22 15:26:23,MC_01,55.4,38.93,2.44,216.22,10.56,0
2026-07-22 15:26:23,MC_02,60.53,37.83,2.56,222.02,11.83,0
2026-07-22 15:26:23,MC_03,62.16,39.23,2.84,220.15,12.52,0
2026-07-22 15:26:23,MC_04,60.85,47.77,2.92,223.55,12.31,0
2026-07-22 15:26:23,MC_05,53.34,44.9,2.95,221.83,11.93,0
2026-07-22 15:31:23,MC_01,62.73,39.08,2.86,215.81,9.13,0
2026-07-22 15:31:23,MC_02,53.99,39.41,1.85,221.51,10.45,0
2026-07-22 15:31:23,MC_03,55.81,36.11,2.79,217.69,12.64,0
2026-07-22 15:31:23,MC_04,65.7,35.59,3.13,227.56,11.91,0
2026-07-22 15:31:23,MC_05,51.7,37.48,2.25,218.18,10.6,0
2026-07-22 15:36:23,MC_01,55.18,37.1,2.81,217.21,12.6,0
2026-07-22 15:36:23,MC_02,57.99,41.75,1.98,210.71,11.4,0
2026-07-22 15:36:23,MC_03,51.06,35.5,3.24,221.37,9.7,0
2026-07-22 15:36:23,MC_04,49.66,41.39,2.98,217.89,11.56,0
2026-07-22 15:36:23,MC_05,57.21,41.54,2.38,218.95,10.79,0
2026-07-22 15:41:23,MC_01,63.5,41.06,1.22,218.15,10.27,0
2026-07-22 15:41:23,MC_02,64.88,43.99,2.64,220.02,11.41,0
2026-07-22 15:41:23,MC_03,59.38,34.64,2.59,225.26,10.69,0
2026-07-22 15:41:23,MC_04,60.09,37.85,1.75,214.4,8.52,0
2026-07-22 15:41:23,MC_05,59.93,37.21,2.42,219.86,11.22,0
2026-07-22 15:46:23,MC_01,57.58,43.97,1.69,228.04,8.42,0
2026-07-22 15:46:23,MC_02,59.16,39.46,2.8,210.19,11.95,0
2026-07-22 15:46:23,MC_03,60.93,37.34,2.78,221.82,12.33,0
2026-07-22 15:46:23,MC_04,55.04,48.89,2.7,217.49,15.45,0
2026-07-22 15:46:23,MC_05,57.92,37.77,3.04,219.44,12.15,0
2026-07-22 15:51:23,MC_01,58.39,39.18,2.16,217.9,12.79,0
2026-07-22 15:51:23,MC_02,63.64,46.8,2.45,218.68,12.6,0
2026-07-22 15:51:23,MC_03,61.62,38.43,2.36,223.03,12.47,0
2026-07-22 15:51:23,MC_04,70.0,38.4,1.81,215.14,13.89,0
2026-07-22 15:51:23,MC_05,58.61,34.46,1.53,212.64,10.8,0
2026-07-22 15:56:23,MC_01,60.02,36.26,3.11,219.32,12.69,0
2026-07-22 15:56:23,MC_02,53.36,35.06,2.02,225.88,11.64,0
2026-07-22 15:56:23,MC_03,55.26,35.69,2.58,219.32,11.24,0
2026-07-22 15:56:23,MC_04,57.66,28.26,2.68,221.9,13.4,0
2026-07-22 15:56:23,MC_05,62.07,38.06,2.84,219.22,9.84,0
2026-07-22 16:01:23,MC_01,58.28,39.78,1.5,223.73,12.0,0
2026-07-22 16:01:23,MC_02,53.19,43.78,2.96,225.39,12.56,0
2026-07-22 16:01:23,MC_03,56.5,39.74,2.49,225.14,11.62,0
2026-07-22 16:01:23,MC_04,49.88,36.09,1.1,227.85,8.73,0
2026-07-22 16:01:23,MC_05,67.91,42.63,2.79,170.52,24.96,1
2026-07-22 16:06:23,MC_01,65.31,44.35,3.03,219.3,8.58,0
2026-07-22 16:06:23,MC_02,57.0,46.41,3.21,220.41,11.21,0
2026-07-22 16:06:23,MC_03,55.23,37.03,2.44,218.62,14.65,0
2026-07-22 16:06:23,MC_04,53.16,41.85,2.52,222.65,12.08,0
2026-07-22 16:06:23,MC_05,58.27,40.62,3.15,224.41,11.56,0
2026-07-22 16:11:23,MC_01,61.86,40.0,2.22,215.56,10.65,0
2026-07-22 16:11:23,MC_02,59.19,42.93,1.97,216.58,11.62,0
2026-07-22 16:11:23,MC_03,57.67,44.32,2.3,226.65,11.89,0
2026-07-22 16:11:23,MC_04,52.57,39.16,1.99,213.39,13.2,0
2026-07-22 16:11:23,MC_05,54.51,47.58,1.49,209.48,11.36,0
2026-07-22 16:16:23,MC_01,65.08,40.58,2.01,216.18,11.01,0
2026-07-22 16:16:23,MC_02,61.0,37.67,2.58,221.89,10.35,0
2026-07-22 16:16:23,MC_03,53.74,39.4,1.79,223.85,12.0,0
2026-07-22 16:16:23,MC_04,58.7,37.53,3.29,224.95,12.33,0
2026-07-22 16:16:23,MC_05,64.71,43.77,2.85,214.53,12.88,0
2026-07-22 16:21:23,MC_01,60.76,40.4,2.46,211.89,12.07,0
2026-07-22 16:21:23,MC_02,68.36,42.76,2.57,217.89,13.37,0
2026-07-22 16:21:23,MC_03,59.01,39.6,2.9,217.47,15.48,0
2026-07-22 16:21:23,MC_04,57.05,39.91,2.8,227.59,12.61,0
2026-07-22 16:21:23,MC_05,55.75,33.85,2.14,217.63,10.88,0
2026-07-22 16:26:23,MC_01,58.73,34.76,2.99,223.41,10.61,0
2026-07-22 16:26:23,MC_02,62.79,36.83,1.84,217.99,7.18,0
2026-07-22 16:26:23,MC_03,62.73,47.17,2.3,223.39,11.62,0
2026-07-22 16:26:23,MC_04,57.22,42.19,2.66,222.09,12.94,0
2026-07-22 16:26:23,MC_05,62.58,37.74,2.28,221.38,9.22,0
2026-07-22 16:31:23,MC_01,65.22,32.16,2.73,221.35,12.23,0
2026-07-22 16:31:23,MC_02,66.6,35.12,2.56,218.72,11.59,0
2026-07-22 16:31:23,MC_03,55.22,38.83,1.76,212.76,9.85,0
2026-07-22 16:31:23,MC_04,67.75,38.4,2.13,215.65,11.36,0
2026-07-22 16:31:23,MC_05,67.79,45.0,1.54,210.03,9.65,0
2026-07-22 16:36:23,MC_01,62.69,37.91,3.7,220.12,13.6,0
2026-07-22 16:36:23,MC_02,55.8,46.18,1.64,219.2,13.05,0
2026-07-22 16:36:23,MC_03,62.38,34.96,2.04,228.15,12.31,0
2026-07-22 16:36:23,MC_04,57.7,35.63,2.21,212.93,14.39,0
2026-07-22 16:36:23,MC_05,63.14,39.76,2.25,212.93,13.35,0
2026-07-22 16:41:23,MC_01,60.14,36.46,2.67,215.13,10.75,0
2026-07-22 16:41:23,MC_02,55.17,42.92,1.99,219.93,12.91,0
2026-07-22 16:41:23,MC_03,50.48,39.08,2.86,215.08,13.99,0
2026-07-22 16:41:23,MC_04,66.53,44.84,2.53,224.39,10.27,0
2026-07-22 16:41:23,MC_05,72.46,38.46,3.14,224.75,11.84,0
2026-07-22 16:46:23,MC_01,50.93,43.82,2.64,220.17,13.24,0
2026-07-22 16:46:23,MC_02,55.74,43.88,3.15,233.36,12.74,0
2026-07-22 16:46:23,MC_03,65.45,44.37,1.69,221.47,12.49,0
2026-07-22 16:46:23,MC_04,57.68,41.26,2.39,221.42,10.6,0
2026-07-22 16:46:23,MC_05,60.76,34.53,2.9,220.66,10.47,0
2026-07-22 16:51:23,MC_01,55.4,46.18,2.78,224.15,12.26,0
2026-07-22 16:51:23,MC_02,63.05,38.45,3.55,226.5,11.74,0
2026-07-22 16:51:23,MC_03,70.17,40.36,3.03,221.2,12.48,0
2026-07-22 16:51:23,MC_04,83.26,67.42,9.58,222.63,23.98,1
2026-07-22 16:51:23,MC_05,58.44,39.24,2.64,214.08,13.03,0
2026-07-22 16:56:23,MC_01,60.36,41.5,2.71,218.05,14.35,0
2026-07-22 16:56:23,MC_02,82.39,58.53,9.31,228.22,21.98,1
2026-07-22 16:56:23,MC_03,56.84,42.67,2.41,229.03,12.15,0
2026-07-22 16:56:23,MC_04,53.01,36.78,2.77,219.36,11.74,0
2026-07-22 16:56:23,MC_05,61.18,37.78,1.79,228.18,11.3,0
2026-07-22 17:01:23,MC_01,67.35,37.51,2.94,218.6,11.0,0
2026-07-22 17:01:23,MC_02,68.4,37.02,2.1,214.41,11.33,0
2026-07-22 17:01:23,MC_03,61.94,33.68,2.48,212.87,11.34,0
2026-07-22 17:01:23,MC_04,58.81,34.95,2.28,231.43,11.88,0
2026-07-22 17:01:23,MC_05,60.84,33.65,1.26,222.2,12.65,0
2026-07-22 17:06:23,MC_01,51.93,47.77,2.64,222.88,13.84,0
2026-07-22 17:06:23,MC_02,62.28,40.07,1.51,221.44,11.18,0
2026-07-22 17:06:23,MC_03,45.37,43.66,2.42,216.26,10.02,0
2026-07-22 17:06:23,MC_04,62.76,43.26,1.78,221.23,11.74,0
2026-07-22 17:06:23,MC_05,58.68,40.79,3.35,218.5,12.15,0
2026-07-22 17:11:23,MC_01,54.21,33.6,2.16,228.81,10.8,0
2026-07-22 17:11:23,MC_02,91.34,54.45,8.71,218.24,21.96,1
2026-07-22 17:11:23,MC_03,93.67,55.82,9.98,218.47,20.07,1
2026-07-22 17:11:23,MC_04,58.73,36.71,3.3,216.69,14.26,0
2026-07-22 17:11:23,MC_05,62.2,37.87,1.85,220.16,10.84,0
2026-07-22 17:16:23,MC_01,52.08,30.8,2.35,223.78,9.73,0
2026-07-22 17:16:23,MC_02,46.72,39.71,2.25,227.19,14.39,0
2026-07-22 17:16:23,MC_03,61.63,43.49,2.85,208.19,9.78,0
2026-07-22 17:16:23,MC_04,61.66,43.25,2.8,222.38,11.26,0
2026-07-22 17:16:23,MC_05,53.07,40.45,2.21,226.6,12.04,0
2026-07-22 17:21:23,MC_01,64.41,44.25,2.82,220.51,10.53,0
2026-07-22 17:21:23,MC_02,56.32,34.04,1.64,218.93,12.34,0
2026-07-22 17:21:23,MC_03,57.28,44.91,3.25,222.62,11.22,0
2026-07-22 17:21:23,MC_04,46.01,42.52,2.32,219.42,14.52,0
2026-07-22 17:21:23,MC_05,47.97,43.79,1.83,218.19,13.22,0
2026-07-22 17:26:23,MC_01,67.69,40.17,1.99,221.7,10.4,0
2026-07-22 17:26:23,MC_02,55.77,48.97,3.03,216.6,11.33,0
2026-07-22 17:26:23,MC_03,63.58,33.7,2.46,215.97,12.38,0
2026-07-22 17:26:23,MC_04,62.12,41.09,1.93,219.43,11.83,0
2026-07-22 17:26:23,MC_05,59.74,46.54,1.52,217.06,11.62,0
2026-07-22 17:31:23,MC_01,94.35,56.34,9.82,218.97,18.4,1
2026-07-22 17:31:23,MC_02,59.74,44.89,2.58,218.98,12.58,0
2026-07-22 17:31:23,MC_03,59.61,39.62,2.3,218.46,11.83,0
2026-07-22 17:31:23,MC_04,67.3,39.65,2.47,217.97,12.75,0
2026-07-22 17:31:23,MC_05,70.47,40.58,2.55,213.03,11.14,0
2026-07-22 17:36:23,MC_01,66.8,38.16,3.49,219.23,13.7,0
2026-07-22 17:36:23,MC_02,61.76,43.7,2.87,217.63,13.74,0
2026-07-22 17:36:23,MC_03,55.05,35.27,2.35,221.97,10.47,0
2026-07-22 17:36:23,MC_04,58.65,43.89,2.08,213.89,12.57,0
2026-07-22 17:36:23,MC_05,56.06,44.1,1.84,222.29,10.49,0
2026-07-22 17:41:23,MC_01,65.2,41.28,2.56,226.81,12.02,0
2026-07-22 17:41:23,MC_02,65.15,41.04,2.98,227.18,12.19,0
2026-07-22 17:41:23,MC_03,62.86,43.43,2.85,221.03,12.4,0
2026-07-22 17:41:23,MC_04,63.51,41.8,2.08,220.93,13.98,0
2026-07-22 17:41:23,MC_05,61.45,37.07,1.86,232.32,9.39,0
2026-07-22 17:46:23,MC_01,61.68,35.13,3.3,219.37,11.67,0
2026-07-22 17:46:23,MC_02,58.43,37.63,2.32,223.59,9.42,0
2026-07-22 17:46:23,MC_03,56.26,45.98,2.45,217.14,10.09,0
2026-07-22 17:46:23,MC_04,55.89,43.22,2.01,219.37,11.9,0
2026-07-22 17:46:23,MC_05,56.23,39.65,2.72,215.83,12.32,0
2026-07-22 17:51:23,MC_01,53.28,40.38,1.64,216.85,11.99,0
2026-07-22 17:51:23,MC_02,61.04,43.18,2.01,209.23,12.79,0
2026-07-22 17:51:23,MC_03,60.65,40.31,3.01,218.79,12.1,0
2026-07-22 17:51:23,MC_04,51.54,52.92,2.39,222.12,12.96,0
2026-07-22 17:51:23,MC_05,71.28,36.98,1.38,213.49,13.5,0
2026-07-22 17:56:23,MC_01,57.6,37.39,2.11,217.77,8.9,0
2026-07-22 17:56:23,MC_02,61.39,42.77,2.02,212.24,10.63,0
2026-07-22 17:56:23,MC_03,64.99,46.57,1.66,218.96,12.84,0
2026-07-22 17:56:23,MC_04,63.62,45.28,2.88,214.23,11.32,0
2026-07-22 17:56:23,MC_05,51.52,35.12,2.31,211.22,11.82,0
2026-07-22 18:01:23,MC_01,59.88,47.53,2.9,218.74,11.93,0
2026-07-22 18:01:23,MC_02,69.39,42.0,2.0,220.12,13.15,0
2026-07-22 18:01:23,MC_03,65.01,40.59,2.36,229.55,11.46,0
2026-07-22 18:01:23,MC_04,54.46,36.05,2.91,215.73,11.89,0
2026-07-22 18:01:23,MC_05,49.9,45.47,1.8,215.94,13.09,0
2026-07-22 18:06:23,MC_01,63.44,43.41,3.51,213.81,13.6,0
2026-07-22 18:06:23,MC_02,54.8,39.08,2.69,224.77,12.86,0
2026-07-22 18:06:23,MC_03,57.85,41.11,2.26,222.69,12.93,0
2026-07-22 18:06:23,MC_04,53.23,41.95,1.75,216.78,10.52,0
2026-07-22 18:06:23,MC_05,59.35,32.42,2.46,214.49,15.43,0
2026-07-22 18:11:23,MC_01,63.48,45.29,1.91,222.87,13.45,0
2026-07-22 18:11:23,MC_02,60.92,40.66,2.24,218.39,11.84,0
2026-07-22 18:11:23,MC_03,57.87,43.55,2.06,224.28,13.99,0
2026-07-22 18:11:23,MC_04,61.85,37.43,2.24,221.81,13.66,0
2026-07-22 18:11:23,MC_05,69.96,35.6,2.4,216.92,13.05,0
2026-07-22 18:16:23,MC_01,53.75,40.95,1.91,219.66,10.08,0
2026-07-22 18:16:23,MC_02,56.43,37.68,2.27,214.62,14.01,0
2026-07-22 18:16:23,MC_03,65.82,35.51,2.42,222.45,13.77,0
2026-07-22 18:16:23,MC_04,54.96,42.22,2.48,224.96,12.06,0
2026-07-22 18:16:23,MC_05,68.08,45.41,2.1,220.69,12.2,0
2026-07-22 18:21:23,MC_01,55.24,35.87,2.8,223.86,11.62,0
2026-07-22 18:21:23,MC_02,57.02,47.8,2.73,219.2,13.24,0
2026-07-22 18:21:23,MC_03,50.55,41.64,3.23,217.22,13.44,0
2026-07-22 18:21:23,MC_04,64.25,42.24,2.71,229.45,13.45,0
2026-07-22 18:21:23,MC_05,63.54,44.23,2.85,209.6,11.82,0
2026-07-22 18:26:23,MC_01,56.9,42.36,2.29,228.49,14.48,0
2026-07-22 18:26:23,MC_02,57.69,41.01,2.79,213.61,10.54,0
2026-07-22 18:26:23,MC_03,55.75,43.19,2.61,215.64,11.52,0
2026-07-22 18:26:23,MC_04,48.15,48.08,2.51,224.96,13.19,0
2026-07-22 18:26:23,MC_05,59.82,41.41,2.53,225.2,12.0,0
2026-07-22 18:31:23,MC_01,62.59,35.88,2.96,216.23,9.37,0
2026-07-22 18:31:23,MC_02,52.57,42.97,2.72,219.67,10.31,0
2026-07-22 18:31:23,MC_03,55.34,37.79,2.18,216.72,10.57,0
2026-07-22 18:31:23,MC_04,84.21,55.63,7.12,222.43,19.51,1
2026-07-22 18:31:23,MC_05,57.7,40.53,2.86,216.18,10.77,0
2026-07-22 18:36:23,MC_01,65.7,32.01,3.05,226.87,11.97,0
2026-07-22 18:36:23,MC_02,54.52,42.48,3.18,219.99,13.07,0
2026-07-22 18:36:23,MC_03,55.62,36.14,2.73,227.63,11.09,0
2026-07-22 18:36:23,MC_04,57.77,41.94,2.02,222.18,11.65,0
2026-07-22 18:36:23,MC_05,52.01,45.42,1.84,225.09,12.62,0
2026-07-22 18:41:23,MC_01,63.15,47.4,2.6,215.11,14.17,0
2026-07-22 18:41:23,MC_02,62.65,45.63,2.74,215.48,11.45,0
2026-07-22 18:41:23,MC_03,79.41,39.89,2.26,188.79,30.82,1
2026-07-22 18:41:23,MC_04,61.03,39.2,1.67,219.76,12.83,0
2026-07-22 18:41:23,MC_05,49.21,39.73,2.45,215.43,13.14,0
2026-07-22 18:46:23,MC_01,64.72,45.17,2.09,218.14,13.02,0
2026-07-22 18:46:23,MC_02,56.72,39.35,2.92,219.97,10.62,0
2026-07-22 18:46:23,MC_03,57.05,38.91,2.79,218.38,8.33,0
2026-07-22 18:46:23,MC_04,54.67,35.47,3.18,218.8,13.13,0
2026-07-22 18:46:23,MC_05,56.53,41.69,2.68,209.68,12.19,0
2026-07-22 18:51:23,MC_01,61.18,39.01,3.26,210.48,14.89,0
2026-07-22 18:51:23,MC_02,69.38,41.94,1.26,219.44,10.1,0
2026-07-22 18:51:23,MC_03,58.74,44.86,2.12,218.03,14.05,0
2026-07-22 18:51:23,MC_04,59.08,42.12,2.55,224.62,10.13,0
2026-07-22 18:51:23,MC_05,44.83,37.31,1.91,220.36,12.91,0
2026-07-22 18:56:23,MC_01,65.53,38.36,2.04,212.74,12.07,0
2026-07-22 18:56:23,MC_02,59.64,40.54,2.29,227.12,13.81,0
2026-07-22 18:56:23,MC_03,64.09,35.41,2.16,221.4,11.51,0
2026-07-22 18:56:23,MC_04,53.3,44.96,2.24,223.93,10.73,0
2026-07-22 18:56:23,MC_05,55.59,34.37,2.69,215.36,12.52,0
2026-07-22 19:01:23,MC_01,60.51,43.52,1.99,225.3,10.64,0
2026-07-22 19:01:23,MC_02,46.29,40.76,2.06,227.5,12.45,0
2026-07-22 19:01:23,MC_03,57.51,46.74,2.23,222.32,10.77,0
2026-07-22 19:01:23,MC_04,60.01,40.26,2.77,222.34,12.04,0
2026-07-22 19:01:23,MC_05,60.2,39.66,2.6,218.57,11.45,0
2026-07-22 19:06:23,MC_01,63.76,32.42,3.26,224.48,11.92,0
2026-07-22 19:06:23,MC_02,54.87,40.15,2.58,209.78,12.52,0
2026-07-22 19:06:23,MC_03,53.24,46.04,2.34,218.32,9.04,0
2026-07-22 19:06:23,MC_04,52.75,38.79,1.95,215.19,12.07,0
2026-07-22 19:06:23,MC_05,64.41,44.59,2.56,217.37,10.84,0
2026-07-22 19:11:23,MC_01,61.74,38.29,2.08,215.72,13.45,0
2026-07-22 19:11:23,MC_02,55.71,38.88,2.27,225.3,14.31,0
2026-07-22 19:11:23,MC_03,61.71,36.36,2.61,211.21,12.35,0
2026-07-22 19:11:23,MC_04,59.72,43.34,2.12,223.78,12.71,0
2026-07-22 19:11:23,MC_05,55.24,42.07,1.92,225.8,10.72,0
2026-07-22 19:16:23,MC_01,58.1,41.49,2.88,220.06,12.37,0
2026-07-22 19:16:23,MC_02,51.17,44.1,2.35,217.85,14.91,0
2026-07-22 19:16:23,MC_03,46.46,40.38,1.38,221.7,10.95,0
2026-07-22 19:16:23,MC_04,53.55,43.79,2.01,217.68,8.57,0
2026-07-22 19:16:23,MC_05,62.12,39.62,1.68,223.46,11.15,0
2026-07-22 19:21:23,MC_01,58.05,34.57,1.69,224.39,13.59,0
2026-07-22 19:21:23,MC_02,57.17,41.16,2.74,220.44,11.02,0
2026-07-22 19:21:23,MC_03,87.5,65.09,6.18,217.05,25.37,1
2026-07-22 19:21:23,MC_04,63.89,41.06,3.91,218.88,12.16,0
2026-07-22 19:21:23,MC_05,51.21,28.16,2.18,222.92,13.54,0
2026-07-22 19:26:23,MC_01,53.7,37.04,2.61,220.63,14.2,0
2026-07-22 19:26:23,MC_02,61.53,36.14,2.02,228.49,13.4,0
2026-07-22 19:26:23,MC_03,57.87,41.55,2.16,209.71,10.72,0
2026-07-22 19:26:23,MC_04,57.54,35.21,2.56,209.81,14.0,0
2026-07-22 19:26:23,MC_05,57.71,35.06,1.63,216.8,12.56,0
2026-07-22 19:31:23,MC_01,61.96,41.86,2.1,218.73,11.66,0
2026-07-22 19:31:23,MC_02,63.09,39.2,2.68,229.66,9.39,0
2026-07-22 19:31:23,MC_03,53.42,36.82,2.69,224.73,12.35,0
2026-07-22 19:31:23,MC_04,61.05,41.5,3.17,224.79,11.86,0
2026-07-22 19:31:23,MC_05,56.52,38.19,1.6,222.33,11.25,0
2026-07-22 19:36:23,MC_01,58.51,42.73,2.12,222.49,12.82,0
2026-07-22 19:36:23,MC_02,59.48,42.86,2.19,222.93,11.47,0
2026-07-22 19:36:23,MC_03,61.68,38.29,2.39,220.36,12.86,0
2026-07-22 19:36:23,MC_04,64.28,41.61,3.09,224.24,11.37,0
2026-07-22 19:36:23,MC_05,54.17,42.99,2.1,213.49,11.35,0
2026-07-22 19:41:23,MC_01,56.37,50.71,2.32,220.19,11.96,0
2026-07-22 19:41:23,MC_02,68.62,44.12,1.97,212.54,14.29,0
2026-07-22 19:41:23,MC_03,65.77,43.9,2.16,220.95,11.84,0
2026-07-22 19:41:23,MC_04,56.68,36.26,2.91,210.71,12.33,0
2026-07-22 19:41:23,MC_05,51.94,39.04,2.08,217.16,10.29,0
2026-07-22 19:46:23,MC_01,60.86,42.49,1.71,220.15,14.64,0
2026-07-22 19:46:23,MC_02,55.7,38.8,2.11,216.65,12.47,0
2026-07-22 19:46:23,MC_03,68.07,37.1,3.05,228.31,13.83,0
2026-07-22 19:46:23,MC_04,56.21,34.1,2.83,216.07,10.94,0
2026-07-22 19:46:23,MC_05,52.56,43.83,1.84,215.17,9.3,0
2026-07-22 19:51:23,MC_01,61.36,38.23,2.83,218.55,13.44,0
2026-07-22 19:51:23,MC_02,54.52,43.48,2.72,223.3,11.51,0
2026-07-22 19:51:23,MC_03,68.77,37.14,3.64,222.23,13.72,0
2026-07-22 19:51:23,MC_04,67.27,43.79,2.87,222.36,12.58,0
2026-07-22 19:51:23,MC_05,59.24,42.04,2.14,224.83,11.68,0
2026-07-22 19:56:23,MC_01,53.61,35.83,2.02,222.6,10.02,0
2026-07-22 19:56:23,MC_02,62.83,31.76,2.74,219.53,14.45,0
2026-07-22 19:56:23,MC_03,50.25,39.81,2.25,211.16,12.63,0
2026-07-22 19:56:23,MC_04,60.38,41.41,2.3,219.79,10.45,0
2026-07-22 19:56:23,MC_05,53.07,42.2,2.72,215.23,10.04,0
2026-07-22 20:01:23,MC_01,56.92,40.89,2.09,217.66,8.99,0
2026-07-22 20:01:23,MC_02,59.81,35.97,2.01,214.54,11.36,0
2026-07-22 20:01:23,MC_03,69.03,43.62,2.55,218.41,10.74,0
2026-07-22 20:01:23,MC_04,60.33,36.83,1.53,214.92,12.6,0
2026-07-22 20:01:23,MC_05,57.48,33.34,1.9,222.21,12.61,0
2026-07-22 20:06:23,MC_01,56.75,32.95,2.51,213.93,10.27,0
2026-07-22 20:06:23,MC_02,63.09,46.25,1.53,222.46,13.36,0
2026-07-22 20:06:23,MC_03,58.78,40.6,2.3,225.68,13.66,0
2026-07-22 20:06:23,MC_04,86.65,50.93,9.21,221.52,24.3,1
2026-07-22 20:06:23,MC_05,60.1,44.57,2.39,227.26,12.33,0
2026-07-22 20:11:23,MC_01,62.09,39.57,2.13,224.3,10.55,0
2026-07-22 20:11:23,MC_02,55.7,32.14,2.02,222.03,11.6,0
2026-07-22 20:11:23,MC_03,62.28,40.46,0.84,219.72,11.23,0
2026-07-22 20:11:23,MC_04,60.15,40.28,2.74,218.45,10.04,0
2026-07-22 20:11:23,MC_05,56.9,32.29,2.1,213.5,13.12,0
2026-07-22 20:16:23,MC_01,52.58,37.04,2.19,224.72,13.63,0
2026-07-22 20:16:23,MC_02,57.84,36.59,2.96,220.78,10.91,0
2026-07-22 20:16:23,MC_03,60.32,39.0,2.87,222.17,11.77,0
2026-07-22 20:16:23,MC_04,72.43,39.61,1.2,230.95,11.24,0
2026-07-22 20:16:23,MC_05,60.43,35.53,1.5,216.41,12.77,0
2026-07-22 20:21:23,MC_01,71.6,41.15,1.81,222.01,13.44,0
2026-07-22 20:21:23,MC_02,66.52,43.4,2.8,221.59,11.04,0
2026-07-22 20:21:23,MC_03,97.71,50.95,8.15,213.61,18.59,1
2026-07-22 20:21:23,MC_04,57.05,38.74,2.86,215.33,13.18,0
2026-07-22 20:21:23,MC_05,58.16,46.24,2.35,224.49,14.51,0
2026-07-22 20:26:23,MC_01,66.03,39.54,1.95,215.21,10.52,0
2026-07-22 20:26:23,MC_02,56.56,39.86,2.82,223.9,13.44,0
2026-07-22 20:26:23,MC_03,64.51,38.94,2.65,218.86,11.97,0
2026-07-22 20:26:23,MC_04,58.65,42.41,2.97,222.45,10.57,0
2026-07-22 20:26:23,MC_05,57.49,36.43,2.69,222.24,10.67,0
2026-07-22 20:31:23,MC_01,61.36,47.24,2.32,225.42,12.4,0
2026-07-22 20:31:23,MC_02,61.53,39.37,2.8,224.67,13.52,0
2026-07-22 20:31:23,MC_03,60.15,38.3,2.66,221.7,12.5,0
2026-07-22 20:31:23,MC_04,65.57,31.86,2.59,225.14,11.69,0
2026-07-22 20:31:23,MC_05,72.02,39.66,3.29,217.96,13.61,0
2026-07-22 20:36:23,MC_01,63.0,41.44,2.68,227.15,11.76,0
2026-07-22 20:36:23,MC_02,62.81,45.01,2.39,217.42,13.18,0
2026-07-22 20:36:23,MC_03,61.19,39.28,1.67,211.15,9.11,0
2026-07-22 20:36:23,MC_04,61.79,35.77,1.64,215.66,9.15,0
2026-07-22 20:36:23,MC_05,56.96,40.65,2.26,223.3,10.14,0
2026-07-22 20:41:23,MC_01,57.62,36.85,2.47,209.65,15.42,0
2026-07-22 20:41:23,MC_02,61.77,40.88,2.39,225.59,11.57,0
2026-07-22 20:41:23,MC_03,95.21,54.97,9.46,208.77,22.03,1
2026-07-22 20:41:23,MC_04,64.82,34.33,2.01,216.11,12.38,0
2026-07-22 20:41:23,MC_05,71.59,43.04,2.25,222.17,12.67,0
2026-07-22 20:46:23,MC_01,58.35,44.37,2.53,221.61,11.69,0
2026-07-22 20:46:23,MC_02,55.98,38.14,2.38,225.03,11.43,0
2026-07-22 20:46:23,MC_03,58.34,46.79,2.31,222.81,12.52,0
2026-07-22 20:46:23,MC_04,62.62,32.3,1.99,217.29,11.66,0
2026-07-22 20:46:23,MC_05,60.42,45.56,2.82,220.84,11.5,0
2026-07-22 20:51:23,MC_01,49.46,34.9,3.09,216.44,11.21,0
2026-07-22 20:51:23,MC_02,65.11,35.61,2.65,222.78,12.86,0
2026-07-22 20:51:23,MC_03,61.24,49.73,1.44,231.0,14.61,0
2026-07-22 20:51:23,MC_04,59.26,37.17,2.17,218.56,13.79,0
2026-07-22 20:51:23,MC_05,60.0,44.71,1.89,223.62,12.58,0
2026-07-22 20:56:23,MC_01,62.82,37.23,2.31,213.82,13.15,0
2026-07-22 20:56:23,MC_02,46.6,45.43,2.56,206.73,9.45,0
2026-07-22 20:56:23,MC_03,54.73,36.44,2.96,225.94,13.42,0
2026-07-22 20:56:23,MC_04,57.61,47.85,2.63,226.08,12.83,0
2026-07-22 20:56:23,MC_05,62.16,43.72,2.33,217.8,10.93,0
2026-07-22 21:01:23,MC_01,64.09,40.95,2.64,218.2,14.19,0
2026-07-22 21:01:23,MC_02,52.56,38.73,1.78,221.91,13.79,0
2026-07-22 21:01:23,MC_03,56.93,42.77,2.75,221.61,10.67,0
2026-07-22 21:01:23,MC_04,62.99,40.35,3.35,226.96,12.07,0
2026-07-22 21:01:23,MC_05,66.19,36.87,2.4,217.32,11.76,0
2026-07-22 21:06:23,MC_01,49.98,43.15,2.62,218.64,10.08,0
2026-07-22 21:06:23,MC_02,57.63,36.1,2.16,222.31,13.32,0
2026-07-22 21:06:23,MC_03,54.17,39.35,2.32,224.61,12.28,0
2026-07-22 21:06:23,MC_04,51.69,39.28,1.84,211.19,8.92,0
2026-07-22 21:06:23,MC_05,69.92,34.54,2.34,220.3,12.18,0
2026-07-22 21:11:23,MC_01,57.73,40.88,2.6,220.25,12.96,0
2026-07-22 21:11:23,MC_02,56.87,39.02,2.18,225.28,9.81,0
2026-07-22 21:11:23,MC_03,57.62,37.9,2.84,213.62,12.01,0
2026-07-22 21:11:23,MC_04,60.39,34.77,2.74,213.03,11.22,0
2026-07-22 21:11:23,MC_05,52.29,38.82,2.51,215.69,11.46,0
2026-07-22 21:16:23,MC_01,64.45,37.97,2.32,224.43,11.67,0
2026-07-22 21:16:23,MC_02,58.63,43.11,2.14,218.83,13.89,0
2026-07-22 21:16:23,MC_03,56.13,40.31,2.52,214.88,13.1,0
2026-07-22 21:16:23,MC_04,53.73,41.56,2.24,218.03,11.7,0
2026-07-22 21:16:23,MC_05,62.5,46.25,2.56,216.4,9.84,0
2026-07-22 21:21:23,MC_01,58.84,40.23,2.88,217.95,11.0,0
2026-07-22 21:21:23,MC_02,53.45,44.3,2.25,221.3,13.69,0
2026-07-22 21:21:23,MC_03,60.34,39.37,2.31,229.96,13.83,0
2026-07-22 21:21:23,MC_04,52.7,48.44,2.75,220.65,12.78,0
2026-07-22 21:21:23,MC_05,55.21,40.79,2.35,218.2,13.44,0
2026-07-22 21:26:23,MC_01,86.46,58.24,8.28,224.72,23.23,1
2026-07-22 21:26:23,MC_02,60.47,35.74,2.55,222.43,11.24,0
2026-07-22 21:26:23,MC_03,66.0,34.94,1.78,220.83,14.41,0
2026-07-22 21:26:23,MC_04,66.95,44.12,2.16,218.53,12.43,0
2026-07-22 21:26:23,MC_05,56.09,36.04,2.87,224.85,10.47,0
2026-07-22 21:31:23,MC_01,54.48,41.29,2.76,222.82,11.56,0
2026-07-22 21:31:23,MC_02,61.44,43.47,2.01,215.66,10.37,0
2026-07-22 21:31:23,MC_03,56.79,44.98,2.37,209.01,11.0,0
2026-07-22 21:31:23,MC_04,60.36,38.2,2.24,223.03,13.96,0
2026-07-22 21:31:23,MC_05,60.75,39.24,2.34,214.98,10.66,0
2026-07-22 21:36:23,MC_01,54.8,48.2,2.1,218.36,13.41,0
2026-07-22 21:36:23,MC_02,50.08,40.03,2.16,213.17,10.91,0
2026-07-22 21:36:23,MC_03,64.07,41.49,2.54,219.57,12.9,0
2026-07-22 21:36:23,MC_04,61.07,40.46,1.49,218.04,9.56,0
2026-07-22 21:36:23,MC_05,54.19,46.28,2.82,216.15,11.26,0
2026-07-22 21:41:23,MC_01,64.39,30.92,1.67,216.55,12.87,0
2026-07-22 21:41:23,MC_02,63.54,41.9,1.95,221.0,12.58,0
2026-07-22 21:41:23,MC_03,59.01,41.78,2.36,210.6,12.77,0
2026-07-22 21:41:23,MC_04,59.61,38.75,2.22,224.3,12.94,0
2026-07-22 21:41:23,MC_05,53.53,35.66,2.94,226.41,9.95,0
2026-07-22 21:46:23,MC_01,57.29,41.39,2.04,215.15,14.12,0
2026-07-22 21:46:23,MC_02,63.02,39.98,2.27,217.79,9.86,0
2026-07-22 21:46:23,MC_03,56.27,38.02,2.41,219.4,13.38,0
2026-07-22 21:46:23,MC_04,59.21,41.29,3.01,222.54,13.07,0
2026-07-22 21:46:23,MC_05,86.3,60.34,7.32,223.66,25.2,1
2026-07-22 21:51:23,MC_01,73.54,36.34,2.68,219.65,12.93,0
2026-07-22 21:51:23,MC_02,61.88,40.33,2.56,225.67,15.72,0
2026-07-22 21:51:23,MC_03,63.21,37.03,2.32,224.41,12.08,0
2026-07-22 21:51:23,MC_04,59.76,36.14,2.25,219.36,12.53,0
2026-07-22 21:51:23,MC_05,55.46,43.08,2.07,230.09,12.97,0
2026-07-22 21:56:23,MC_01,64.21,34.99,2.01,218.46,14.28,0
2026-07-22 21:56:23,MC_02,55.07,39.65,3.13,221.22,8.19,0
2026-07-22 21:56:23,MC_03,54.14,42.88,2.6,220.67,13.67,0
2026-07-22 21:56:23,MC_04,58.27,42.8,3.32,221.12,10.66,0
2026-07-22 21:56:23,MC_05,57.87,36.84,2.82,220.05,14.04,0
2026-07-22 22:01:23,MC_01,51.2,38.25,2.37,215.87,14.29,0
2026-07-22 22:01:23,MC_02,50.35,43.05,2.31,215.5,13.64,0
2026-07-22 22:01:23,MC_03,65.0,41.23,2.32,221.63,12.67,0
2026-07-22 22:01:23,MC_04,59.73,40.61,1.42,219.47,11.04,0
2026-07-22 22:01:23,MC_05,57.52,38.81,2.58,216.33,12.78,0
2026-07-22 22:06:23,MC_01,63.68,42.9,2.97,217.16,11.59,0
2026-07-22 22:06:23,MC_02,54.21,37.99,3.32,216.28,10.81,0
2026-07-22 22:06:23,MC_03,81.49,67.23,11.46,224.11,23.45,1
2026-07-22 22:06:23,MC_04,54.58,42.6,2.31,216.31,10.9,0
2026-07-22 22:06:23,MC_05,69.51,41.08,2.61,228.67,11.34,0
2026-07-22 22:11:23,MC_01,48.89,39.52,2.36,222.28,13.29,0
2026-07-22 22:11:23,MC_02,78.7,44.45,2.82,192.22,27.47,1
2026-07-22 22:11:23,MC_03,59.52,44.73,2.14,220.03,15.32,0
2026-07-22 22:11:23,MC_04,59.13,42.53,2.8,209.86,12.67,0
2026-07-22 22:11:23,MC_05,60.59,35.54,1.9,219.64,15.72,0
2026-07-22 22:16:23,MC_01,68.12,42.41,2.23,216.54,13.28,0
2026-07-22 22:16:23,MC_02,56.99,45.76,1.82,215.49,14.12,0
2026-07-22 22:16:23,MC_03,58.57,44.64,2.8,221.44,13.2,0
2026-07-22 22:16:23,MC_04,62.05,44.34,3.93,222.53,10.71,0
2026-07-22 22:16:23,MC_05,65.19,41.47,2.21,218.15,8.54,0
2026-07-22 22:21:23,MC_01,59.49,42.24,2.51,217.7,12.57,0
2026-07-22 22:21:23,MC_02,55.29,35.77,2.76,222.9,12.77,0
2026-07-22 22:21:23,MC_03,54.38,38.81,2.87,224.3,10.84,0
2026-07-22 22:21:23,MC_04,70.71,43.91,3.28,220.31,13.76,0
2026-07-22 22:21:23,MC_05,60.19,41.26,2.33,221.08,10.9,0
2026-07-22 22:26:23,MC_01,59.69,37.72,1.45,213.8,11.98,0
2026-07-22 22:26:23,MC_02,59.85,44.65,2.92,224.09,12.18,0
2026-07-22 22:26:23,MC_03,57.55,47.23,3.7,227.65,12.07,0
2026-07-22 22:26:23,MC_04,65.48,29.79,1.76,217.72,10.85,0
2026-07-22 22:26:23,MC_05,51.95,41.52,3.12,219.06,9.51,0
2026-07-22 22:31:23,MC_01,54.96,43.84,3.1,218.55,13.1,0
2026-07-22 22:31:23,MC_02,54.63,34.7,2.05,222.05,9.78,0
2026-07-22 22:31:23,MC_03,57.54,33.83,2.36,223.39,10.05,0
2026-07-22 22:31:23,MC_04,65.94,42.31,2.56,221.67,12.11,0
2026-07-22 22:31:23,MC_05,55.9,37.19,2.3,216.96,13.7,0
2026-07-22 22:36:23,MC_01,52.5,37.69,3.24,225.79,11.48,0
2026-07-22 22:36:23,MC_02,54.49,38.14,3.18,217.71,12.06,0
2026-07-22 22:36:23,MC_03,54.98,37.18,1.34,218.19,12.66,0
2026-07-22 22:36:23,MC_04,61.75,37.96,1.87,223.7,10.67,0
2026-07-22 22:36:23,MC_05,53.99,36.73,3.29,227.94,13.79,0
2026-07-22 22:41:23,MC_01,63.8,44.63,3.48,225.47,12.38,0
2026-07-22 22:41:23,MC_02,64.36,40.76,2.43,218.43,13.93,0
2026-07-22 22:41:23,MC_03,53.55,31.97,3.1,226.43,11.27,0
2026-07-22 22:41:23,MC_04,60.25,38.05,2.73,218.09,12.62,0
2026-07-22 22:41:23,MC_05,60.62,37.71,2.49,211.65,14.31,0
2026-07-22 22:46:23,MC_01,55.21,41.42,3.16,221.22,13.39,0
2026-07-22 22:46:23,MC_02,64.65,43.33,1.93,222.55,9.92,0
2026-07-22 22:46:23,MC_03,69.97,41.5,1.99,212.23,13.32,0
2026-07-22 22:46:23,MC_04,61.03,39.27,1.99,220.3,12.22,0
2026-07-22 22:46:23,MC_05,64.36,49.78,1.51,216.01,12.33,0
2026-07-22 22:51:23,MC_01,65.05,41.39,3.06,212.6,11.52,0
2026-07-22 22:51:23,MC_02,67.31,36.73,2.72,219.65,10.07,0
2026-07-22 22:51:23,MC_03,53.93,36.48,2.55,208.06,14.05,0
2026-07-22 22:51:23,MC_04,59.48,37.46,2.5,220.76,11.71,0
2026-07-22 22:51:23,MC_05,49.63,35.14,2.16,213.29,11.67,0
2026-07-22 22:56:23,MC_01,53.31,46.04,1.5,230.03,12.88,0
2026-07-22 22:56:23,MC_02,58.39,38.97,2.45,226.36,13.04,0
2026-07-22 22:56:23,MC_03,59.17,37.73,2.2,230.81,11.64,0
2026-07-22 22:56:23,MC_04,65.37,42.87,2.44,223.06,12.38,0
2026-07-22 22:56:23,MC_05,59.29,38.34,2.54,219.75,9.82,0
2026-07-22 23:01:23,MC_01,69.3,39.36,2.64,230.76,9.63,0
2026-07-22 23:01:23,MC_02,52.33,39.07,2.24,213.83,13.46,0
2026-07-22 23:01:23,MC_03,54.91,47.84,1.67,219.93,10.5,0
2026-07-22 23:01:23,MC_04,60.18,36.88,3.3,215.0,12.76,0
2026-07-22 23:01:23,MC_05,70.22,38.74,2.58,220.43,14.36,0
2026-07-22 23:06:23,MC_01,52.51,41.59,2.81,218.86,12.23,0
2026-07-22 23:06:23,MC_02,67.6,40.9,2.57,215.67,13.75,0
2026-07-22 23:06:23,MC_03,59.77,39.35,1.92,221.73,13.16,0
2026-07-22 23:06:23,MC_04,66.1,39.31,2.45,220.03,11.34,0
2026-07-22 23:06:23,MC_05,58.24,39.71,2.8,225.11,10.42,0
2026-07-22 23:11:23,MC_01,58.73,40.32,2.54,215.26,12.76,0
2026-07-22 23:11:23,MC_02,61.24,39.56,2.87,225.87,11.99,0
2026-07-22 23:11:23,MC_03,70.99,42.87,2.36,222.01,13.2,0
2026-07-22 23:11:23,MC_04,60.57,45.26,1.93,217.98,12.69,0
2026-07-22 23:11:23,MC_05,57.74,37.33,2.13,222.6,11.94,0
2026-07-22 23:16:23,MC_01,66.49,42.94,2.67,214.51,13.73,0
2026-07-22 23:16:23,MC_02,59.34,44.63,2.32,218.82,12.74,0
2026-07-22 23:16:23,MC_03,51.49,31.92,2.16,213.5,8.62,0
2026-07-22 23:16:23,MC_04,63.71,36.84,2.33,220.7,12.76,0
2026-07-22 23:16:23,MC_05,61.41,38.0,2.14,208.41,12.96,0
2026-07-22 23:21:23,MC_01,63.69,43.8,2.85,222.65,12.71,0
2026-07-22 23:21:23,MC_02,62.85,35.29,2.71,226.46,11.81,0
2026-07-22 23:21:23,MC_03,57.73,35.08,1.92,220.49,11.91,0
2026-07-22 23:21:23,MC_04,63.94,32.26,2.03,216.45,12.83,0
2026-07-22 23:21:23,MC_05,63.7,50.25,2.44,218.83,10.74,0
2026-07-22 23:26:23,MC_01,61.59,38.44,2.24,214.25,12.2,0
2026-07-22 23:26:23,MC_02,69.2,41.6,1.94,223.16,11.49,0
2026-07-22 23:26:23,MC_03,58.36,41.08,3.56,218.16,12.13,0
2026-07-22 23:26:23,MC_04,57.99,43.97,2.24,215.56,14.67,0
2026-07-22 23:26:23,MC_05,53.97,35.14,2.31,218.87,9.55,0
2026-07-22 23:31:23,MC_01,58.26,41.89,2.6,226.47,10.38,0
2026-07-22 23:31:23,MC_02,58.54,30.79,1.67,220.0,14.46,0
2026-07-22 23:31:23,MC_03,57.84,42.6,2.54,222.89,13.61,0
2026-07-22 23:31:23,MC_04,64.72,39.4,2.76,222.41,12.89,0
2026-07-22 23:31:23,MC_05,51.48,37.0,2.6,219.85,14.13,0
2026-07-22 23:36:23,MC_01,54.15,40.53,2.4,213.8,13.96,0
2026-07-22 23:36:23,MC_02,65.69,39.63,2.86,224.32,10.4,0
2026-07-22 23:36:23,MC_03,80.3,34.89,2.75,187.7,28.5,1
2026-07-22 23:36:23,MC_04,59.98,47.77,2.39,223.95,11.37,0
2026-07-22 23:36:23,MC_05,69.33,30.63,2.35,222.78,9.82,0
2026-07-22 23:41:23,MC_01,54.66,41.09,1.77,214.59,12.64,0
2026-07-22 23:41:23,MC_02,58.88,44.43,2.39,222.88,9.38,0
2026-07-22 23:41:23,MC_03,56.3,39.49,2.35,223.64,13.66,0
2026-07-22 23:41:23,MC_04,56.89,40.48,1.83,218.57,14.29,0
2026-07-22 23:41:23,MC_05,78.75,60.29,7.49,217.63,21.04,1
2026-07-22 23:46:23,MC_01,59.48,42.69,2.79,215.29,14.71,0
2026-07-22 23:46:23,MC_02,74.08,48.05,2.0,219.05,10.22,0
2026-07-22 23:46:23,MC_03,56.95,42.13,1.64,219.82,12.78,0
2026-07-22 23:46:23,MC_04,64.74,41.71,2.74,218.81,12.41,0
2026-07-22 23:46:23,MC_05,72.92,44.83,2.68,223.64,12.11,0
2026-07-22 23:51:23,MC_01,57.01,39.48,1.81,223.88,13.6,0
2026-07-22 23:51:23,MC_02,63.02,40.59,3.05,225.18,9.85,0
2026-07-22 23:51:23,MC_03,53.31,43.67,2.36,223.54,12.05,0
2026-07-22 23:51:23,MC_04,59.51,39.54,2.43,223.62,11.04,0
2026-07-22 23:51:23,MC_05,64.11,40.42,1.77,213.13,12.96,0
2026-07-22 23:56:23,MC_01,83.44,37.75,2.3,175.67,27.47,1
2026-07-22 23:56:23,MC_02,56.11,41.47,3.09,213.54,10.17,0
2026-07-22 23:56:23,MC_03,75.3,37.28,2.88,190.79,25.71,1
2026-07-22 23:56:23,MC_04,61.88,32.81,2.54,225.81,13.3,0
2026-07-22 23:56:23,MC_05,59.75,45.48,2.45,216.85,13.29,0
2026-07-23 00:01:23,MC_01,62.92,38.58,1.67,229.69,14.4,0
2026-07-23 00:01:23,MC_02,56.17,40.26,2.3,223.46,10.3,0
2026-07-23 00:01:23,MC_03,58.03,43.49,1.51,221.54,11.18,0
2026-07-23 00:01:23,MC_04,68.08,45.81,2.51,220.66,13.33,0
2026-07-23 00:01:23,MC_05,56.97,45.79,2.79,216.79,11.35,0
2026-07-23 00:06:23,MC_01,53.72,41.23,2.41,221.56,9.45,0
2026-07-23 00:06:23,MC_02,57.38,36.07,2.75,216.99,12.71,0
2026-07-23 00:06:23,MC_03,57.33,43.66,2.44,224.61,10.84,0
2026-07-23 00:06:23,MC_04,59.79,38.14,3.43,214.06,15.11,0
2026-07-23 00:06:23,MC_05,53.13,42.94,2.19,221.27,11.74,0
2026-07-23 00:11:23,MC_01,57.91,42.29,2.0,222.36,13.3,0
2026-07-23 00:11:23,MC_02,59.46,41.87,2.14,222.47,9.49,0
2026-07-23 00:11:23,MC_03,64.12,35.99,1.51,226.82,11.78,0
2026-07-23 00:11:23,MC_04,58.04,43.05,2.51,221.23,14.44,0
2026-07-23 00:11:23,MC_05,58.99,35.19,2.97,224.02,11.99,0
2026-07-23 00:16:23,MC_01,55.38,39.08,1.55,232.47,12.62,0
2026-07-23 00:16:23,MC_02,63.69,38.8,2.42,227.02,13.65,0
2026-07-23 00:16:23,MC_03,59.95,37.98,2.56,221.5,10.21,0
2026-07-23 00:16:23,MC_04,64.75,42.66,2.74,215.01,10.51,0
2026-07-23 00:16:23,MC_05,60.82,38.6,2.73,222.9,10.75,0
2026-07-23 00:21:23,MC_01,53.66,36.91,2.49,215.45,11.51,0
2026-07-23 00:21:23,MC_02,72.48,41.37,1.89,223.39,12.06,0
2026-07-23 00:21:23,MC_03,60.98,38.77,3.08,218.04,9.9,0
2026-07-23 00:21:23,MC_04,50.52,38.55,2.11,217.83,13.24,0
2026-07-23 00:21:23,MC_05,57.0,38.44,2.43,215.53,11.83,0
2026-07-23 00:26:23,MC_01,55.27,44.47,2.63,221.14,10.75,0
2026-07-23 00:26:23,MC_02,51.48,38.94,2.25,223.06,10.56,0
2026-07-23 00:26:23,MC_03,74.07,37.73,2.89,218.93,10.53,0
2026-07-23 00:26:23,MC_04,63.25,41.37,2.39,218.4,13.17,0
2026-07-23 00:26:23,MC_05,59.49,39.46,2.69,226.96,13.77,0
2026-07-23 00:31:23,MC_01,53.96,42.77,1.61,228.53,13.26,0
2026-07-23 00:31:23,MC_02,56.27,41.87,2.37,222.76,9.87,0
2026-07-23 00:31:23,MC_03,58.56,37.24,2.18,226.44,9.85,0
2026-07-23 00:31:23,MC_04,62.04,41.71,1.8,221.67,10.96,0
2026-07-23 00:31:23,MC_05,66.15,32.01,2.1,214.59,12.57,0
2026-07-23 00:36:23,MC_01,57.54,34.53,2.39,213.49,9.25,0
2026-07-23 00:36:23,MC_02,67.29,45.67,2.94,214.32,15.18,0
2026-07-23 00:36:23,MC_03,48.24,36.47,2.92,223.77,10.91,0
2026-07-23 00:36:23,MC_04,59.57,38.12,3.33,216.58,14.2,0
2026-07-23 00:36:23,MC_05,62.03,44.11,3.0,216.67,13.27,0
2026-07-23 00:41:23,MC_01,65.84,39.27,2.37,227.02,9.07,0
2026-07-23 00:41:23,MC_02,59.11,45.5,2.04,215.51,8.29,0
2026-07-23 00:41:23,MC_03,65.55,38.68,2.34,218.93,13.79,0
2026-07-23 00:41:23,MC_04,68.06,35.46,2.39,219.54,9.42,0
2026-07-23 00:41:23,MC_05,63.9,40.12,1.64,223.07,9.99,0
2026-07-23 00:46:23,MC_01,53.84,32.99,2.43,219.56,11.81,0
2026-07-23 00:46:23,MC_02,63.1,34.61,1.96,223.94,14.37,0
2026-07-23 00:46:23,MC_03,59.17,45.43,2.07,217.58,11.23,0
2026-07-23 00:46:23,MC_04,61.31,31.93,2.49,228.31,12.41,0
2026-07-23 00:46:23,MC_05,68.02,45.26,2.46,217.94,13.65,0
2026-07-23 00:51:23,MC_01,62.07,39.68,2.46,218.23,12.6,0
2026-07-23 00:51:23,MC_02,59.11,36.59,2.79,221.94,11.36,0
2026-07-23 00:51:23,MC_03,66.88,36.72,2.72,222.29,12.08,0
2026-07-23 00:51:23,MC_04,66.33,30.9,2.26,215.09,11.34,0
2026-07-23 00:51:23,MC_05,55.26,40.9,2.6,221.73,9.94,0
2026-07-23 00:56:23,MC_01,66.18,44.92,1.78,211.53,12.4,0
2026-07-23 00:56:23,MC_02,65.54,37.37,3.1,223.94,14.79,0
2026-07-23 00:56:23,MC_03,51.14,43.11,3.29,218.14,12.9,0
2026-07-23 00:56:23,MC_04,63.51,32.07,3.28,218.51,16.0,0
2026-07-23 00:56:23,MC_05,55.75,29.99,3.39,223.72,9.76,0
2026-07-23 01:01:23,MC_01,59.33,37.62,2.47,224.31,13.23,0
2026-07-23 01:01:23,MC_02,60.04,36.11,2.47,216.33,10.51,0
2026-07-23 01:01:23,MC_03,63.93,44.89,2.72,213.52,11.77,0
2026-07-23 01:01:23,MC_04,54.23,38.02,2.96,219.8,13.61,0
2026-07-23 01:01:23,MC_05,83.17,63.53,7.16,206.91,22.01,1
2026-07-23 01:06:23,MC_01,56.93,40.98,3.97,218.0,12.44,0
2026-07-23 01:06:23,MC_02,60.32,32.57,2.04,218.7,9.97,0
2026-07-23 01:06:23,MC_03,62.2,38.38,2.95,218.35,13.11,0
2026-07-23 01:06:23,MC_04,70.5,43.89,1.97,214.15,13.66,0
2026-07-23 01:06:23,MC_05,63.95,37.12,3.1,222.42,10.74,0
2026-07-23 01:11:23,MC_01,57.11,36.91,3.2,227.71,14.28,0
2026-07-23 01:11:23,MC_02,61.55,38.37,2.27,220.52,11.92,0
2026-07-23 01:11:23,MC_03,57.1,35.46,2.36,216.5,9.86,0
2026-07-23 01:11:23,MC_04,60.56,40.41,2.45,223.41,12.16,0
2026-07-23 01:11:23,MC_05,61.22,42.04,2.19,224.6,11.99,0
2026-07-23 01:16:23,MC_01,59.25,43.63,2.24,217.8,12.68,0
2026-07-23 01:16:23,MC_02,65.01,30.43,2.64,210.78,11.38,0
2026-07-23 01:16:23,MC_03,60.88,38.16,1.4,220.3,11.16,0
2026-07-23 01:16:23,MC_04,63.21,32.41,2.14,224.07,8.66,0
2026-07-23 01:16:23,MC_05,62.38,35.42,2.34,214.77,10.16,0
2026-07-23 01:21:23,MC_01,61.21,40.27,3.14,221.91,12.77,0
2026-07-23 01:21:23,MC_02,63.6,34.66,2.65,221.44,15.57,0
2026-07-23 01:21:23,MC_03,62.01,36.91,2.18,217.77,12.16,0
2026-07-23 01:21:23,MC_04,60.93,42.12,1.93,211.96,13.65,0
2026-07-23 01:21:23,MC_05,55.93,47.05,3.44,220.07,11.53,0
2026-07-23 01:26:23,MC_01,58.74,53.47,1.97,221.21,11.77,0
2026-07-23 01:26:23,MC_02,59.45,40.79,2.69,222.5,9.9,0
2026-07-23 01:26:23,MC_03,56.63,41.91,2.35,222.37,12.38,0
2026-07-23 01:26:23,MC_04,60.86,42.88,3.21,228.95,9.49,0
2026-07-23 01:26:23,MC_05,59.06,43.29,2.14,216.55,12.99,0
2026-07-23 01:31:23,MC_01,60.51,39.23,2.93,222.06,14.9,0
2026-07-23 01:31:23,MC_02,55.05,40.17,2.78,222.64,12.38,0
2026-07-23 01:31:23,MC_03,54.63,41.99,1.55,223.3,11.55,0
2026-07-23 01:31:23,MC_04,58.32,37.31,2.89,220.19,13.28,0
2026-07-23 01:31:23,MC_05,59.79,43.25,2.43,224.13,13.91,0
2026-07-23 01:36:23,MC_01,92.15,56.52,7.8,223.91,26.75,1
2026-07-23 01:36:23,MC_02,66.41,48.79,2.3,220.27,8.13,0
2026-07-23 01:36:23,MC_03,63.26,40.54,2.37,215.18,11.47,0
2026-07-23 01:36:23,MC_04,53.27,36.56,1.86,214.92,10.27,0
2026-07-23 01:36:23,MC_05,62.89,35.63,1.97,214.54,13.47,0
2026-07-23 01:41:23,MC_01,59.09,37.01,2.0,213.28,10.92,0
2026-07-23 01:41:23,MC_02,52.82,36.88,3.12,218.78,11.73,0
2026-07-23 01:41:23,MC_03,57.56,33.8,2.54,223.04,8.36,0
2026-07-23 01:41:23,MC_04,64.3,35.03,2.89,228.41,11.39,0
2026-07-23 01:41:23,MC_05,58.0,39.29,3.01,219.67,12.44,0
2026-07-23 01:46:23,MC_01,70.17,46.98,3.19,227.47,11.06,0
2026-07-23 01:46:23,MC_02,60.61,47.01,2.57,211.4,11.44,0
2026-07-23 01:46:23,MC_03,56.73,38.37,2.31,228.0,13.44,0
2026-07-23 01:46:23,MC_04,77.95,40.93,2.61,189.83,26.54,1
2026-07-23 01:46:23,MC_05,53.66,45.38,1.33,222.6,12.73,0
2026-07-23 01:51:23,MC_01,53.4,35.8,1.86,214.21,10.95,0
2026-07-23 01:51:23,MC_02,59.11,36.69,2.46,220.49,10.67,0
2026-07-23 01:51:23,MC_03,57.69,46.77,3.1,226.6,12.83,0
2026-07-23 01:51:23,MC_04,64.24,28.33,1.95,212.61,10.98,0
2026-07-23 01:51:23,MC_05,55.73,40.68,2.67,222.64,13.14,0
2026-07-23 01:56:23,MC_01,56.88,43.01,2.18,228.58,12.76,0
2026-07-23 01:56:23,MC_02,65.43,35.66,3.61,223.66,10.04,0
2026-07-23 01:56:23,MC_03,61.07,38.57,2.66,216.23,14.0,0
2026-07-23 01:56:23,MC_04,66.25,40.22,3.15,219.06,10.31,0
2026-07-23 01:56:23,MC_05,63.71,39.65,2.01,219.97,15.42,0
2026-07-23 02:01:23,MC_01,60.84,44.2,2.54,211.04,9.99,0
2026-07-23 02:01:23,MC_02,57.26,44.75,2.69,220.89,10.35,0
2026-07-23 02:01:23,MC_03,59.23,37.52,1.99,204.66,10.22,0
2026-07-23 02:01:23,MC_04,68.72,38.07,3.76,231.9,12.32,0
2026-07-23 02:01:23,MC_05,58.43,41.11,2.82,225.26,12.49,0
2026-07-23 02:06:23,MC_01,61.57,32.75,2.74,217.14,11.7,0
2026-07-23 02:06:23,MC_02,60.43,41.21,1.55,221.93,11.41,0
2026-07-23 02:06:23,MC_03,64.4,44.56,2.02,217.43,10.61,0
2026-07-23 02:06:23,MC_04,57.66,46.73,1.89,218.73,13.18,0
2026-07-23 02:06:23,MC_05,58.88,39.57,2.37,219.07,13.76,0
2026-07-23 02:11:23,MC_01,64.8,42.21,2.36,226.75,12.24,0
2026-07-23 02:11:23,MC_02,64.35,42.69,2.12,226.79,13.69,0
2026-07-23 02:11:23,MC_03,59.11,39.6,2.2,217.65,13.25,0
2026-07-23 02:11:23,MC_04,68.0,40.02,1.73,217.24,10.91,0
2026-07-23 02:11:23,MC_05,64.92,31.6,2.58,219.23,12.54,0
2026-07-23 02:16:23,MC_01,55.23,35.5,2.01,217.85,12.8,0
2026-07-23 02:16:23,MC_02,59.78,45.95,2.21,219.72,13.32,0
2026-07-23 02:16:23,MC_03,77.19,56.28,5.86,222.93,18.13,1
2026-07-23 02:16:23,MC_04,63.07,39.66,1.89,218.94,11.59,0
2026-07-23 02:16:23,MC_05,54.6,38.7,2.94,219.93,13.13,0
2026-07-23 02:21:23,MC_01,65.91,40.4,1.75,213.32,11.02,0
2026-07-23 02:21:23,MC_02,63.71,42.14,2.58,208.54,10.22,0
2026-07-23 02:21:23,MC_03,46.5,40.28,3.4,221.37,12.07,0
2026-07-23 02:21:23,MC_04,84.01,54.76,6.91,228.7,19.32,1
2026-07-23 02:21:23,MC_05,69.08,42.91,2.61,228.02,12.22,0
2026-07-23 02:26:23,MC_01,59.33,35.78,2.92,230.21,8.8,0
2026-07-23 02:26:23,MC_02,55.63,43.19,2.81,222.02,14.76,0
2026-07-23 02:26:23,MC_03,61.62,37.85,1.93,222.39,10.32,0
2026-07-23 02:26:23,MC_04,49.79,44.06,2.78,223.99,9.67,0
2026-07-23 02:26:23,MC_05,66.66,41.57,2.3,217.94,12.41,0
2026-07-23 02:31:23,MC_01,69.91,34.85,2.67,231.49,12.08,0
2026-07-23 02:31:23,MC_02,63.59,36.97,2.06,213.3,12.14,0
2026-07-23 02:31:23,MC_03,60.85,38.34,2.25,215.82,10.93,0
2026-07-23 02:31:23,MC_04,62.54,37.94,2.12,215.83,15.43,0
2026-07-23 02:31:23,MC_05,65.73,42.82,1.41,214.81,13.74,0
2026-07-23 02:36:23,MC_01,70.88,42.1,2.03,222.19,12.4,0
2026-07-23 02:36:23,MC_02,60.84,28.66,2.2,216.63,11.78,0
2026-07-23 02:36:23,MC_03,61.57,39.54,1.32,225.34,12.26,0
2026-07-23 02:36:23,MC_04,52.58,47.9,2.18,212.05,11.73,0
2026-07-23 02:36:23,MC_05,74.48,38.97,2.12,166.92,28.4,1
2026-07-23 02:41:23,MC_01,58.65,43.51,2.06,227.78,12.34,0
2026-07-23 02:41:23,MC_02,59.87,39.34,2.88,221.18,7.2,0
2026-07-23 02:41:23,MC_03,55.16,37.98,2.31,227.97,12.9,0
2026-07-23 02:41:23,MC_04,61.65,43.4,2.83,212.9,14.1,0
2026-07-23 02:41:23,MC_05,73.67,38.33,2.58,217.21,12.26,0
2026-07-23 02:46:23,MC_01,67.13,44.41,1.87,220.42,10.91,0
2026-07-23 02:46:23,MC_02,52.86,31.17,2.27,221.14,13.22,0
2026-07-23 02:46:23,MC_03,53.32,41.44,2.63,209.19,11.82,0
2026-07-23 02:46:23,MC_04,88.5,60.04,11.09,218.7,20.02,1
2026-07-23 02:46:23,MC_05,60.65,42.81,2.96,218.99,12.98,0
2026-07-23 02:51:23,MC_01,65.61,39.35,2.62,216.88,13.05,0
2026-07-23 02:51:23,MC_02,61.81,45.67,2.9,218.35,11.52,0
2026-07-23 02:51:23,MC_03,61.0,46.56,2.34,220.16,10.91,0
2026-07-23 02:51:23,MC_04,94.26,68.63,10.22,217.73,16.07,1
2026-07-23 02:51:23,MC_05,68.39,40.01,2.6,218.5,12.53,0
2026-07-23 02:56:23,MC_01,55.11,36.82,2.33,220.84,13.67,0
2026-07-23 02:56:23,MC_02,57.8,42.35,3.1,219.42,12.53,0
2026-07-23 02:56:23,MC_03,57.07,33.5,2.79,211.82,11.27,0
2026-07-23 02:56:23,MC_04,71.97,40.3,2.46,220.05,10.61,0
2026-07-23 02:56:23,MC_05,58.93,42.95,1.92,216.67,12.59,0
2026-07-23 03:01:23,MC_01,60.33,42.29,2.8,228.42,12.38,0
2026-07-23 03:01:23,MC_02,53.8,35.74,3.13,228.05,11.95,0
2026-07-23 03:01:23,MC_03,61.91,40.37,2.35,212.54,12.72,0
2026-07-23 03:01:23,MC_04,68.91,38.27,2.75,225.76,12.8,0
2026-07-23 03:01:23,MC_05,64.17,39.28,2.23,217.77,13.29,0
2026-07-23 03:06:23,MC_01,50.12,41.07,1.92,211.48,15.37,0
2026-07-23 03:06:23,MC_02,64.52,40.45,2.62,225.4,13.79,0
2026-07-23 03:06:23,MC_03,62.38,44.37,3.07,221.65,11.09,0
2026-07-23 03:06:23,MC_04,62.49,37.01,2.31,221.99,11.88,0
2026-07-23 03:06:23,MC_05,66.58,37.36,1.44,226.55,12.07,0
2026-07-23 03:11:23,MC_01,50.58,36.72,2.79,218.99,11.5,0
2026-07-23 03:11:23,MC_02,51.5,49.37,2.68,227.76,10.92,0
2026-07-23 03:11:23,MC_03,62.8,42.67,2.7,231.46,12.59,0
2026-07-23 03:11:23,MC_04,58.45,41.17,3.04,227.04,11.55,0
2026-07-23 03:11:23,MC_05,59.74,37.43,2.98,213.83,10.92,0
2026-07-23 03:16:23,MC_01,39.21,37.96,1.85,214.35,13.89,0
2026-07-23 03:16:23,MC_02,79.87,56.25,8.84,221.8,22.51,1
2026-07-23 03:16:23,MC_03,61.5,42.52,2.45,217.85,12.28,0
2026-07-23 03:16:23,MC_04,57.44,39.83,2.37,219.18,14.48,0
2026-07-23 03:16:23,MC_05,56.14,34.23,2.14,219.75,11.91,0
2026-07-23 03:21:23,MC_01,57.33,44.05,2.6,220.36,13.94,0
2026-07-23 03:21:23,MC_02,56.37,37.69,2.31,213.02,11.97,0
2026-07-23 03:21:23,MC_03,54.76,40.16,2.67,218.76,11.41,0
2026-07-23 03:21:23,MC_04,66.75,37.74,2.76,217.06,11.36,0
2026-07-23 03:21:23,MC_05,68.15,40.41,1.98,223.14,14.21,0
2026-07-23 03:26:23,MC_01,64.36,36.74,2.53,222.87,13.67,0
2026-07-23 03:26:23,MC_02,69.25,45.74,2.16,223.49,12.82,0
2026-07-23 03:26:23,MC_03,69.47,40.95,2.57,226.24,11.89,0
2026-07-23 03:26:23,MC_04,84.74,55.86,9.23,221.7,26.59,1
2026-07-23 03:26:23,MC_05,58.34,38.92,2.33,225.16,12.14,0
2026-07-23 03:31:23,MC_01,64.12,43.43,2.78,220.81,13.56,0
2026-07-23 03:31:23,MC_02,59.75,34.95,2.43,221.62,10.96,0
2026-07-23 03:31:23,MC_03,64.02,42.76,1.51,220.52,11.35,0
2026-07-23 03:31:23,MC_04,67.09,36.65,2.9,224.99,11.41,0
2026-07-23 03:31:23,MC_05,66.49,38.34,3.17,233.02,13.4,0
2026-07-23 03:36:23,MC_01,63.06,43.55,2.27,227.5,12.16,0
2026-07-23 03:36:23,MC_02,63.38,38.36,2.03,215.57,11.43,0
2026-07-23 03:36:23,MC_03,62.57,36.2,3.13,219.39,9.06,0
2026-07-23 03:36:23,MC_04,61.02,37.73,3.14,219.23,11.68,0
2026-07-23 03:36:23,MC_05,58.42,38.44,2.51,218.73,13.27,0
2026-07-23 03:41:23,MC_01,53.56,38.64,2.4,226.97,13.76,0
2026-07-23 03:41:23,MC_02,61.96,47.52,2.43,220.64,12.28,0
2026-07-23 03:41:23,MC_03,55.95,38.81,2.72,220.85,12.76,0
2026-07-23 03:41:23,MC_04,70.8,43.69,2.83,225.38,13.56,0
2026-07-23 03:41:23,MC_05,57.36,47.93,3.27,224.83,13.03,0
2026-07-23 03:46:23,MC_01,61.99,41.02,2.69,220.12,11.8,0
2026-07-23 03:46:23,MC_02,58.58,41.16,1.96,225.33,12.21,0
2026-07-23 03:46:23,MC_03,58.99,47.81,2.66,229.69,11.81,0
2026-07-23 03:46:23,MC_04,63.12,38.73,1.68,231.95,11.1,0
2026-07-23 03:46:23,MC_05,73.35,42.87,2.88,217.52,11.59,0
2026-07-23 03:51:23,MC_01,59.58,38.37,2.09,216.42,12.8,0
2026-07-23 03:51:23,MC_02,56.49,35.6,2.57,209.09,11.99,0
2026-07-23 03:51:23,MC_03,60.39,42.25,2.67,213.61,11.72,0
2026-07-23 03:51:23,MC_04,63.26,41.66,2.96,215.12,9.06,0
2026-07-23 03:51:23,MC_05,57.71,38.03,2.57,225.21,9.74,0
2026-07-23 03:56:23,MC_01,58.0,42.96,2.7,221.55,11.3,0
2026-07-23 03:56:23,MC_02,57.3,41.14,2.58,230.96,11.76,0
2026-07-23 03:56:23,MC_03,65.84,35.02,2.47,224.5,10.16,0
2026-07-23 03:56:23,MC_04,64.18,45.37,2.55,224.57,12.21,0
2026-07-23 03:56:23,MC_05,62.86,36.94,3.13,227.18,9.89,0
2026-07-23 04:01:23,MC_01,63.13,40.88,2.13,216.64,11.05,0
2026-07-23 04:01:23,MC_02,58.98,45.74,2.34,221.15,10.39,0
2026-07-23 04:01:23,MC_03,79.29,37.17,2.08,186.7,24.07,1
2026-07-23 04:01:23,MC_04,56.5,38.41,2.77,217.31,10.01,0
2026-07-23 04:01:23,MC_05,58.33,39.16,3.28,231.77,12.5,0
2026-07-23 04:06:23,MC_01,60.47,44.65,1.76,223.3,15.58,0
2026-07-23 04:06:23,MC_02,62.4,45.14,2.0,224.8,13.87,0
2026-07-23 04:06:23,MC_03,61.91,37.91,2.48,218.18,12.42,0
2026-07-23 04:06:23,MC_04,58.79,42.38,2.14,215.94,13.7,0
2026-07-23 04:06:23,MC_05,64.65,37.21,1.58,224.72,12.54,0
2026-07-23 04:11:23,MC_01,88.23,63.55,9.54,222.15,18.53,1
2026-07-23 04:11:23,MC_02,60.15,38.74,1.76,223.92,13.84,0
2026-07-23 04:11:23,MC_03,55.95,37.15,2.85,217.48,12.71,0
2026-07-23 04:11:23,MC_04,59.92,43.0,2.3,225.43,14.81,0
2026-07-23 04:11:23,MC_05,59.54,37.14,2.7,225.6,9.04,0
2026-07-23 04:16:23,MC_01,73.42,64.37,8.47,220.22,27.99,1
2026-07-23 04:16:23,MC_02,64.93,32.55,2.38,219.51,9.86,0
2026-07-23 04:16:23,MC_03,60.17,41.15,2.69,217.46,12.23,0
2026-07-23 04:16:23,MC_04,61.52,36.13,1.2,210.06,12.96,0
2026-07-23 04:16:23,MC_05,55.99,34.88,2.17,219.32,12.13,0
2026-07-23 04:21:23,MC_01,56.33,43.66,2.39,218.74,10.61,0
2026-07-23 04:21:23,MC_02,69.75,40.69,3.12,215.76,12.79,0
2026-07-23 04:21:23,MC_03,58.27,47.66,2.44,212.22,11.81,0
2026-07-23 04:21:23,MC_04,60.67,35.26,3.43,218.87,11.82,0
2026-07-23 04:21:23,MC_05,70.44,43.21,2.48,221.18,14.99,0
2026-07-23 04:26:23,MC_01,56.83,40.24,2.23,222.01,12.0,0
2026-07-23 04:26:23,MC_02,75.92,42.38,2.74,230.28,11.06,0
2026-07-23 04:26:23,MC_03,56.53,39.63,3.88,217.34,8.07,0
2026-07-23 04:26:23,MC_04,51.59,42.36,2.82,221.81,10.46,0
2026-07-23 04:26:23,MC_05,54.03,41.4,3.14,224.71,12.27,0
2026-07-23 04:31:23,MC_01,48.71,34.67,2.56,213.33,13.98,0
2026-07-23 04:31:23,MC_02,61.17,30.31,3.26,219.72,11.99,0
2026-07-23 04:31:23,MC_03,62.85,40.95,2.48,212.85,12.07,0
2026-07-23 04:31:23,MC_04,59.42,39.25,2.35,226.08,13.1,0
2026-07-23 04:31:23,MC_05,69.07,43.28,2.97,214.38,13.22,0
2026-07-23 04:36:23,MC_01,55.16,34.68,2.59,222.63,12.91,0
2026-07-23 04:36:23,MC_02,60.27,31.91,3.24,223.11,12.09,0
2026-07-23 04:36:23,MC_03,66.43,44.04,3.59,217.71,9.34,0
2026-07-23 04:36:23,MC_04,51.18,39.43,3.06,227.4,9.64,0
2026-07-23 04:36:23,MC_05,58.74,40.83,2.67,228.98,8.36,0
2026-07-23 04:41:23,MC_01,54.12,38.92,2.64,217.07,11.6,0
2026-07-23 04:41:23,MC_02,59.95,39.21,2.55,220.18,14.6,0
2026-07-23 04:41:23,MC_03,59.8,40.1,1.53,217.87,12.8,0
2026-07-23 04:41:23,MC_04,60.05,39.34,3.21,221.98,10.23,0
2026-07-23 04:41:23,MC_05,65.91,41.1,2.9,188.91,32.12,1
2026-07-23 04:46:23,MC_01,59.17,34.36,1.99,227.53,14.28,0
2026-07-23 04:46:23,MC_02,65.86,42.13,2.8,215.38,13.72,0
2026-07-23 04:46:23,MC_03,59.0,37.61,3.24,216.52,12.58,0
2026-07-23 04:46:23,MC_04,56.04,41.56,2.7,223.16,12.5,0
2026-07-23 04:46:23,MC_05,69.57,42.55,2.64,224.46,12.3,0
2026-07-23 04:51:23,MC_01,61.24,48.47,3.64,221.64,13.89,0
2026-07-23 04:51:23,MC_02,66.0,42.65,2.79,216.41,11.9,0
2026-07-23 04:51:23,MC_03,62.16,42.8,2.11,224.82,12.71,0
2026-07-23 04:51:23,MC_04,71.16,34.6,2.61,214.85,10.9,0
2026-07-23 04:51:23,MC_05,67.28,36.13,2.29,212.85,9.44,0
2026-07-23 04:56:23,MC_01,58.6,33.92,1.56,220.73,13.4,0
2026-07-23 04:56:23,MC_02,65.41,39.15,2.45,221.9,11.34,0
2026-07-23 04:56:23,MC_03,56.11,33.55,2.15,223.56,13.74,0
2026-07-23 04:56:23,MC_04,57.63,43.32,3.19,220.19,12.95,0
2026-07-23 04:56:23,MC_05,69.33,46.4,2.03,220.78,11.06,0
2026-07-23 05:01:23,MC_01,66.82,35.26,2.47,214.77,9.8,0
2026-07-23 05:01:23,MC_02,50.51,40.07,2.62,217.83,13.48,0
2026-07-23 05:01:23,MC_03,63.64,40.5,2.6,217.67,14.92,0
2026-07-23 05:01:23,MC_04,64.04,39.59,2.41,218.05,11.55,0
2026-07-23 05:01:23,MC_05,58.75,39.48,2.5,220.87,12.05,0
2026-07-23 05:06:23,MC_01,62.03,42.63,3.62,223.51,10.88,0
2026-07-23 05:06:23,MC_02,60.04,44.39,2.34,217.16,12.77,0
2026-07-23 05:06:23,MC_03,55.92,32.83,2.26,224.28,9.25,0
2026-07-23 05:06:23,MC_04,51.2,34.26,1.13,229.48,12.18,0
2026-07-23 05:06:23,MC_05,56.65,42.62,2.44,226.1,12.58,0
2026-07-23 05:11:23,MC_01,57.49,37.57,2.2,214.92,13.67,0
2026-07-23 05:11:23,MC_02,57.41,37.6,2.27,215.5,11.12,0
2026-07-23 05:11:23,MC_03,61.5,35.24,2.2,217.11,14.55,0
2026-07-23 05:11:23,MC_04,64.93,34.91,2.79,217.7,12.44,0
2026-07-23 05:11:23,MC_05,65.02,34.16,2.55,223.39,14.55,0
2026-07-23 05:16:23,MC_01,60.67,49.35,2.66,230.26,13.22,0
2026-07-23 05:16:23,MC_02,55.42,46.12,2.58,213.4,13.32,0
2026-07-23 05:16:23,MC_03,66.61,40.81,1.59,223.55,14.54,0
2026-07-23 05:16:23,MC_04,64.97,39.69,2.82,227.99,12.21,0
2026-07-23 05:16:23,MC_05,61.96,42.8,2.41,217.48,13.73,0
2026-07-23 05:21:23,MC_01,68.76,48.45,3.01,214.03,12.61,0
2026-07-23 05:21:23,MC_02,62.94,40.84,3.06,218.47,12.73,0
2026-07-23 05:21:23,MC_03,62.46,39.45,1.91,209.79,11.07,0
2026-07-23 05:21:23,MC_04,63.95,45.56,2.74,219.17,13.54,0
2026-07-23 05:21:23,MC_05,65.79,39.1,2.54,215.93,12.43,0
2026-07-23 05:26:23,MC_01,49.67,39.65,2.1,210.43,11.02,0
2026-07-23 05:26:23,MC_02,57.62,44.26,2.18,215.76,10.21,0
2026-07-23 05:26:23,MC_03,65.71,39.11,2.64,212.28,9.37,0
2026-07-23 05:26:23,MC_04,54.54,37.5,2.51,216.87,12.72,0
2026-07-23 05:26:23,MC_05,55.84,36.25,2.9,215.29,9.69,0
2026-07-23 05:31:23,MC_01,58.03,36.82,3.13,212.29,13.01,0
2026-07-23 05:31:23,MC_02,61.43,40.69,2.61,221.97,11.6,0
2026-07-23 05:31:23,MC_03,59.98,37.55,2.0,224.61,14.08,0
2026-07-23 05:31:23,MC_04,62.88,38.55,3.57,214.7,11.63,0
2026-07-23 05:31:23,MC_05,68.65,39.05,2.71,205.46,12.64,0
2026-07-23 05:36:23,MC_01,64.99,35.2,2.22,213.96,14.36,0
2026-07-23 05:36:23,MC_02,58.55,36.94,2.15,217.69,11.26,0
2026-07-23 05:36:23,MC_03,66.11,33.36,2.65,218.45,14.11,0
2026-07-23 05:36:23,MC_04,49.51,39.46,2.17,222.03,10.29,0
2026-07-23 05:36:23,MC_05,61.31,36.48,2.23,221.94,9.52,0
2026-07-23 05:41:23,MC_01,56.79,37.54,2.84,219.04,10.55,0
2026-07-23 05:41:23,MC_02,54.61,46.5,2.5,215.43,10.42,0
2026-07-23 05:41:23,MC_03,51.73,39.29,2.79,217.07,10.48,0
2026-07-23 05:41:23,MC_04,64.19,40.46,2.2,214.01,11.16,0
2026-07-23 05:41:23,MC_05,62.27,38.98,2.2,216.37,12.35,0
2026-07-23 05:46:23,MC_01,65.63,44.37,2.06,228.64,11.76,0
2026-07-23 05:46:23,MC_02,58.44,41.77,2.55,213.1,11.89,0
2026-07-23 05:46:23,MC_03,62.51,41.25,2.38,221.05,11.26,0
2026-07-23 05:46:23,MC_04,53.81,43.09,3.62,222.73,8.95,0
2026-07-23 05:46:23,MC_05,57.87,42.74,2.14,229.42,7.68,0
2026-07-23 05:51:23,MC_01,53.9,35.65,2.88,229.64,15.07,0
2026-07-23 05:51:23,MC_02,58.27,43.67,2.39,214.33,14.4,0
2026-07-23 05:51:23,MC_03,64.68,39.42,3.59,212.54,11.73,0
2026-07-23 05:51:23,MC_04,52.76,38.2,1.99,224.19,13.95,0
2026-07-23 05:51:23,MC_05,61.7,41.32,2.08,221.73,11.24,0
2026-07-23 05:56:23,MC_01,55.9,45.17,2.43,224.92,14.29,0
2026-07-23 05:56:23,MC_02,62.35,36.65,2.77,220.76,10.04,0
2026-07-23 05:56:23,MC_03,53.53,38.65,2.49,226.83,12.66,0
2026-07-23 05:56:23,MC_04,61.53,36.12,3.13,221.23,12.19,0
2026-07-23 05:56:23,MC_05,85.61,59.36,8.59,217.98,19.29,1
2026-07-23 06:01:23,MC_01,53.76,43.65,2.78,213.68,12.17,0
2026-07-23 06:01:23,MC_02,63.27,42.87,3.42,227.92,12.75,0
2026-07-23 06:01:23,MC_03,62.08,42.69,2.23,227.65,11.43,0
2026-07-23 06:01:23,MC_04,61.53,34.49,1.86,217.03,11.43,0
2026-07-23 06:01:23,MC_05,61.26,34.82,2.57,225.95,13.29,0
2026-07-23 06:06:23,MC_01,58.26,42.76,2.83,225.06,12.86,0
2026-07-23 06:06:23,MC_02,62.82,41.43,2.66,218.62,11.9,0
2026-07-23 06:06:23,MC_03,67.66,43.75,2.47,216.34,12.64,0
2026-07-23 06:06:23,MC_04,66.47,35.15,2.61,224.46,10.79,0
2026-07-23 06:06:23,MC_05,65.56,40.68,3.45,214.1,10.85,0
2026-07-23 06:11:23,MC_01,65.67,37.89,2.28,229.56,13.06,0
2026-07-23 06:11:23,MC_02,62.88,33.13,2.6,216.68,13.57,0
2026-07-23 06:11:23,MC_03,53.32,42.64,3.23,215.64,11.03,0
2026-07-23 06:11:23,MC_04,65.11,39.84,2.62,222.72,11.66,0
2026-07-23 06:11:23,MC_05,54.96,32.48,2.58,220.82,12.7,0
2026-07-23 06:16:23,MC_01,64.44,37.26,2.01,215.19,12.85,0
2026-07-23 06:16:23,MC_02,63.66,39.17,2.13,222.07,14.06,0
2026-07-23 06:16:23,MC_03,56.83,40.71,2.29,216.98,12.22,0
2026-07-23 06:16:23,MC_04,54.19,38.36,2.15,215.42,12.38,0
2026-07-23 06:16:23,MC_05,69.27,33.81,2.93,220.48,6.08,0
2026-07-23 06:21:23,MC_01,49.76,44.75,2.71,215.49,12.74,0
2026-07-23 06:21:23,MC_02,62.13,38.43,2.65,222.6,13.47,0
2026-07-23 06:21:23,MC_03,59.2,41.44,1.86,211.33,11.35,0
2026-07-23 06:21:23,MC_04,54.2,40.34,2.24,215.76,13.06,0
2026-07-23 06:21:23,MC_05,56.16,43.0,1.88,214.68,12.97,0
2026-07-23 06:26:23,MC_01,51.98,34.9,3.1,211.83,11.51,0
2026-07-23 06:26:23,MC_02,68.77,42.38,1.98,221.76,12.63,0
2026-07-23 06:26:23,MC_03,54.49,46.3,2.73,224.08,10.65,0
2026-07-23 06:26:23,MC_04,56.62,38.32,2.24,214.17,11.58,0
2026-07-23 06:26:23,MC_05,93.67,69.0,8.35,224.07,20.26,1
2026-07-23 06:31:23,MC_01,64.12,47.12,2.81,214.87,13.19,0
2026-07-23 06:31:23,MC_02,56.51,36.38,2.46,213.87,10.52,0
2026-07-23 06:31:23,MC_03,60.17,50.58,2.98,224.91,10.36,0
2026-07-23 06:31:23,MC_04,59.23,38.17,2.48,224.13,11.61,0
2026-07-23 06:31:23,MC_05,62.24,38.26,2.63,224.31,9.84,0
2026-07-23 06:36:23,MC_01,67.35,40.28,3.16,220.3,12.4,0
2026-07-23 06:36:23,MC_02,58.71,40.9,2.77,221.17,12.78,0
2026-07-23 06:36:23,MC_03,52.41,33.41,3.42,227.05,11.98,0
2026-07-23 06:36:23,MC_04,57.65,37.62,2.18,218.7,10.93,0
2026-07-23 06:36:23,MC_05,45.76,41.19,2.38,223.17,12.02,0
2026-07-23 06:41:23,MC_01,53.8,36.54,2.15,224.6,12.28,0
2026-07-23 06:41:23,MC_02,50.69,35.98,2.54,215.8,11.8,0
2026-07-23 06:41:23,MC_03,67.2,43.57,1.96,232.56,13.77,0
2026-07-23 06:41:23,MC_04,56.57,42.82,3.38,222.54,11.0,0
2026-07-23 06:41:23,MC_05,53.3,45.98,2.23,224.8,13.8,0
2026-07-23 06:46:23,MC_01,75.27,38.68,2.59,216.78,13.82,0
2026-07-23 06:46:23,MC_02,56.45,38.26,2.27,222.47,12.29,0
2026-07-23 06:46:23,MC_03,64.11,42.37,3.73,222.85,11.27,0
2026-07-23 06:46:23,MC_04,62.73,37.8,2.05,215.67,13.72,0
2026-07-23 06:46:23,MC_05,58.71,40.8,2.31,222.48,11.36,0
2026-07-23 06:51:23,MC_01,66.59,38.26,2.69,222.92,12.36,0
2026-07-23 06:51:23,MC_02,63.82,48.63,2.42,228.3,12.66,0
2026-07-23 06:51:23,MC_03,58.83,39.83,1.95,220.4,13.4,0
2026-07-23 06:51:23,MC_04,63.6,48.54,2.75,227.99,12.52,0
2026-07-23 06:51:23,MC_05,59.65,30.56,2.37,212.47,11.42,0
2026-07-23 06:56:23,MC_01,57.27,37.84,1.97,214.01,11.03,0
2026-07-23 06:56:23,MC_02,61.29,42.83,2.0,215.63,14.5,0
2026-07-23 06:56:23,MC_03,63.79,38.01,2.37,223.41,8.55,0
2026-07-23 06:56:23,MC_04,60.08,40.25,2.22,223.94,9.29,0
2026-07-23 06:56:23,MC_05,57.88,31.68,2.49,217.77,9.56,0
2026-07-23 07:01:23,MC_01,65.05,42.76,3.01,212.47,10.49,0
2026-07-23 07:01:23,MC_02,66.01,39.04,2.45,223.08,9.97,0
2026-07-23 07:01:23,MC_03,58.21,33.59,2.71,215.49,11.84,0
2026-07-23 07:01:23,MC_04,65.44,43.35,1.67,220.99,11.42,0
2026-07-23 07:01:23,MC_05,59.93,42.99,2.51,218.52,13.21,0
2026-07-23 07:06:23,MC_01,61.37,37.15,2.84,224.8,14.1,0
2026-07-23 07:06:23,MC_02,64.4,43.37,2.24,216.64,11.35,0
2026-07-23 07:06:23,MC_03,60.4,33.09,2.08,220.92,10.62,0
2026-07-23 07:06:23,MC_04,70.61,34.78,2.62,214.88,10.41,0
2026-07-23 07:06:23,MC_05,55.62,44.7,2.27,218.67,12.89,0
2026-07-23 07:11:23,MC_01,63.31,46.48,3.03,226.78,11.79,0
2026-07-23 07:11:23,MC_02,54.59,39.19,2.75,224.22,12.36,0
2026-07-23 07:11:23,MC_03,56.39,42.62,1.9,214.48,12.92,0
2026-07-23 07:11:23,MC_04,53.83,36.94,2.01,220.85,12.88,0
2026-07-23 07:11:23,MC_05,59.16,42.94,2.23,215.44,11.04,0
2026-07-23 07:16:23,MC_01,56.96,39.33,2.1,215.34,12.97,0
2026-07-23 07:16:23,MC_02,61.72,38.26,2.47,226.06,11.89,0
2026-07-23 07:16:23,MC_03,59.97,37.44,3.04,219.15,10.42,0
2026-07-23 07:16:23,MC_04,57.45,38.47,3.52,215.24,11.1,0
2026-07-23 07:16:23,MC_05,58.29,37.33,2.81,226.78,9.57,0
2026-07-23 07:21:23,MC_01,53.84,39.38,3.14,223.11,12.78,0
2026-07-23 07:21:23,MC_02,63.74,43.86,2.26,219.19,9.52,0
2026-07-23 07:21:23,MC_03,60.13,43.7,2.28,218.01,11.19,0
2026-07-23 07:21:23,MC_04,61.21,38.05,2.32,209.34,11.81,0
2026-07-23 07:21:23,MC_05,54.48,39.65,1.92,215.79,11.7,0
2026-07-23 07:26:23,MC_01,65.11,47.85,2.72,214.77,11.16,0
2026-07-23 07:26:23,MC_02,57.94,36.23,2.96,224.98,12.27,0
2026-07-23 07:26:23,MC_03,54.99,45.14,1.9,223.29,12.95,0
2026-07-23 07:26:23,MC_04,64.48,40.79,2.33,231.97,10.68,0
2026-07-23 07:26:23,MC_05,63.59,40.07,2.67,221.69,10.38,0
2026-07-23 07:31:23,MC_01,57.77,40.99,2.16,212.82,13.38,0
2026-07-23 07:31:23,MC_02,52.31,44.87,2.24,211.2,11.94,0
2026-07-23 07:31:23,MC_03,61.65,37.48,2.0,214.51,11.12,0
2026-07-23 07:31:23,MC_04,66.82,34.08,1.54,215.27,12.99,0
2026-07-23 07:31:23,MC_05,66.32,36.17,2.92,226.94,13.55,0
2026-07-23 07:36:23,MC_01,52.03,32.58,2.28,217.95,13.26,0
2026-07-23 07:36:23,MC_02,55.16,41.66,1.96,221.73,11.31,0
2026-07-23 07:36:23,MC_03,61.79,42.04,3.09,215.82,13.21,0
2026-07-23 07:36:23,MC_04,56.94,39.26,1.84,226.75,9.7,0
2026-07-23 07:36:23,MC_05,57.29,33.97,2.91,220.99,10.13,0
2026-07-23 07:41:23,MC_01,62.92,37.42,2.82,220.24,12.68,0
2026-07-23 07:41:23,MC_02,55.59,40.33,2.48,230.46,12.86,0
2026-07-23 07:41:23,MC_03,63.64,40.99,2.77,220.99,14.73,0
2026-07-23 07:41:23,MC_04,59.7,42.61,2.36,216.33,11.26,0
2026-07-23 07:41:23,MC_05,63.02,38.45,2.35,219.25,9.99,0
2026-07-23 07:46:23,MC_01,57.71,43.71,1.96,212.15,10.04,0
2026-07-23 07:46:23,MC_02,68.05,40.96,2.38,214.28,13.9,0
2026-07-23 07:46:23,MC_03,62.73,42.67,3.24,222.98,10.42,0
2026-07-23 07:46:23,MC_04,68.38,42.34,3.05,223.08,9.97,0
2026-07-23 07:46:23,MC_05,64.15,40.48,3.5,212.8,10.3,0
2026-07-23 07:51:23,MC_01,59.4,39.54,2.6,217.58,13.48,0
2026-07-23 07:51:23,MC_02,57.59,46.87,1.44,214.68,15.38,0
2026-07-23 07:51:23,MC_03,53.61,38.26,2.64,222.43,12.48,0
2026-07-23 07:51:23,MC_04,51.07,40.56,2.67,221.74,12.04,0
2026-07-23 07:51:23,MC_05,89.05,61.0,9.33,218.52,21.79,1
2026-07-23 07:56:23,MC_01,63.17,37.57,1.59,221.21,11.71,0
2026-07-23 07:56:23,MC_02,63.11,31.28,2.55,219.41,11.44,0
2026-07-23 07:56:23,MC_03,63.26,33.55,2.85,217.61,11.63,0
2026-07-23 07:56:23,MC_04,65.09,39.73,1.42,218.88,10.75,0
2026-07-23 07:56:23,MC_05,55.97,41.57,1.39,216.51,11.34,0
2026-07-23 08:01:23,MC_01,49.48,40.39,2.33,221.24,15.92,0
2026-07-23 08:01:23,MC_02,52.98,41.77,2.9,217.84,13.45,0
2026-07-23 08:01:23,MC_03,69.89,41.09,2.71,217.79,12.66,0
2026-07-23 08:01:23,MC_04,61.46,41.55,2.29,223.4,12.28,0
2026-07-23 08:01:23,MC_05,58.38,36.87,2.92,224.16,11.83,0
2026-07-23 08:06:23,MC_01,53.61,45.97,3.16,231.96,9.19,0
2026-07-23 08:06:23,MC_02,51.07,40.23,2.62,219.63,9.57,0
2026-07-23 08:06:23,MC_03,63.07,43.97,2.7,217.96,12.22,0
2026-07-23 08:06:23,MC_04,67.06,45.19,2.51,227.06,12.51,0
2026-07-23 08:06:23,MC_05,48.36,41.87,2.3,226.7,10.89,0
2026-07-23 08:11:23,MC_01,61.34,45.53,3.24,224.28,13.68,0
2026-07-23 08:11:23,MC_02,64.63,41.14,3.05,225.81,12.09,0
2026-07-23 08:11:23,MC_03,59.53,44.2,2.41,225.71,12.22,0
2026-07-23 08:11:23,MC_04,57.27,39.76,2.82,232.76,11.07,0
2026-07-23 08:11:23,MC_05,56.16,42.33,2.3,216.38,12.61,0
2026-07-23 08:16:23,MC_01,62.75,46.67,2.86,222.7,8.57,0
2026-07-23 08:16:23,MC_02,64.65,43.92,2.72,218.74,11.6,0
2026-07-23 08:16:23,MC_03,79.28,41.96,1.86,222.86,11.62,0
2026-07-23 08:16:23,MC_04,98.1,54.33,8.6,214.49,16.57,1
2026-07-23 08:16:23,MC_05,59.31,35.35,1.8,216.67,14.52,0
2026-07-23 08:21:23,MC_01,62.3,37.03,2.82,223.2,11.94,0
2026-07-23 08:21:23,MC_02,59.25,40.66,2.25,220.81,11.08,0
2026-07-23 08:21:23,MC_03,66.35,34.49,3.39,223.84,9.66,0
2026-07-23 08:21:23,MC_04,57.11,45.11,2.61,226.1,12.28,0
2026-07-23 08:21:23,MC_05,60.07,43.09,2.42,227.28,11.53,0
2026-07-23 08:26:23,MC_01,62.84,41.43,1.6,230.75,11.47,0
2026-07-23 08:26:23,MC_02,59.61,38.76,2.57,221.7,10.74,0
2026-07-23 08:26:23,MC_03,47.23,41.12,2.59,223.77,9.54,0
2026-07-23 08:26:23,MC_04,67.62,50.88,1.83,225.46,12.13,0
2026-07-23 08:26:23,MC_05,62.78,31.12,1.84,218.65,11.11,0
2026-07-23 08:31:23,MC_01,58.22,39.26,2.39,220.74,13.34,0
2026-07-23 08:31:23,MC_02,56.23,45.04,2.33,215.67,12.12,0
2026-07-23 08:31:23,MC_03,63.39,40.71,2.7,213.97,12.69,0
2026-07-23 08:31:23,MC_04,61.48,39.03,2.32,219.77,13.63,0
2026-07-23 08:31:23,MC_05,62.49,39.82,2.19,213.8,13.21,0
2026-07-23 08:36:23,MC_01,57.15,47.98,3.82,222.71,13.94,0
2026-07-23 08:36:23,MC_02,65.97,40.61,1.81,220.39,10.17,0
2026-07-23 08:36:23,MC_03,59.07,41.11,3.17,217.7,14.55,0
2026-07-23 08:36:23,MC_04,57.7,37.01,2.76,226.26,12.02,0
2026-07-23 08:36:23,MC_05,61.56,47.08,3.21,214.53,11.34,0
2026-07-23 08:41:23,MC_01,67.58,46.38,1.94,223.62,12.28,0
2026-07-23 08:41:23,MC_02,68.71,53.77,2.58,223.16,8.02,0
2026-07-23 08:41:23,MC_03,59.28,37.79,2.73,220.9,12.88,0
2026-07-23 08:41:23,MC_04,66.23,36.62,2.04,229.66,10.1,0
2026-07-23 08:41:23,MC_05,59.37,39.74,2.7,213.98,10.62,0
2026-07-23 08:46:23,MC_01,56.92,37.48,2.43,223.9,8.42,0
2026-07-23 08:46:23,MC_02,55.41,42.6,2.51,229.05,11.22,0
2026-07-23 08:46:23,MC_03,62.95,43.26,2.24,225.6,13.38,0
2026-07-23 08:46:23,MC_04,44.58,37.41,3.05,218.63,12.68,0
2026-07-23 08:46:23,MC_05,57.68,34.29,2.87,213.86,11.61,0
2026-07-23 08:51:23,MC_01,67.85,47.89,2.1,216.15,11.34,0
2026-07-23 08:51:23,MC_02,65.77,45.26,2.05,222.51,12.08,0
2026-07-23 08:51:23,MC_03,59.24,37.21,1.97,228.77,11.94,0
2026-07-23 08:51:23,MC_04,53.16,33.8,2.34,217.27,12.47,0
2026-07-23 08:51:23,MC_05,66.39,36.07,2.31,215.99,12.48,0
2026-07-23 08:56:23,MC_01,54.62,41.35,2.58,217.8,13.0,0
2026-07-23 08:56:23,MC_02,61.15,35.32,1.16,222.61,11.62,0
2026-07-23 08:56:23,MC_03,54.45,45.09,2.61,204.18,13.76,0
2026-07-23 08:56:23,MC_04,64.5,48.13,3.27,220.86,13.11,0
2026-07-23 08:56:23,MC_05,54.47,41.29,1.78,219.76,12.93,0
2026-07-23 09:01:23,MC_01,58.18,36.61,2.56,224.01,13.36,0
2026-07-23 09:01:23,MC_02,67.9,40.14,1.94,225.43,12.12,0
2026-07-23 09:01:23,MC_03,53.59,42.49,3.21,221.92,14.14,0
2026-07-23 09:01:23,MC_04,57.58,38.59,3.1,220.85,13.83,0
2026-07-23 09:01:23,MC_05,50.04,43.13,2.78,214.91,13.2,0
2026-07-23 09:06:23,MC_01,90.95,68.29,8.2,216.33,20.34,1
2026-07-23 09:06:23,MC_02,62.11,44.5,2.33,214.18,8.77,0
2026-07-23 09:06:23,MC_03,60.7,46.85,2.89,223.48,11.93,0
2026-07-23 09:06:23,MC_04,58.3,39.93,3.12,221.78,15.61,0
2026-07-23 09:06:23,MC_05,66.48,40.1,3.21,214.21,11.82,0
2026-07-23 09:11:23,MC_01,67.54,38.42,1.72,222.6,12.33,0
2026-07-23 09:11:23,MC_02,62.36,39.1,2.85,219.37,14.39,0
2026-07-23 09:11:23,MC_03,63.33,34.14,2.59,217.61,14.02,0
2026-07-23 09:11:23,MC_04,60.3,37.94,3.34,223.23,10.32,0
2026-07-23 09:11:23,MC_05,50.42,45.3,2.67,224.32,13.76,0
2026-07-23 09:16:23,MC_01,63.01,41.74,2.34,226.69,13.06,0
2026-07-23 09:16:23,MC_02,67.43,41.35,2.54,219.58,14.57,0
2026-07-23 09:16:23,MC_03,54.1,32.63,2.4,219.49,13.67,0
2026-07-23 09:16:23,MC_04,57.96,30.41,3.69,223.16,14.01,0
2026-07-23 09:16:23,MC_05,65.55,40.02,2.42,224.24,9.99,0
2026-07-23 09:21:23,MC_01,55.31,43.81,2.65,226.09,15.05,0
2026-07-23 09:21:23,MC_02,59.12,34.15,2.66,218.45,14.42,0
2026-07-23 09:21:23,MC_03,61.54,38.19,3.17,218.98,11.52,0
2026-07-23 09:21:23,MC_04,55.03,35.41,2.11,224.85,14.55,0
2026-07-23 09:21:23,MC_05,56.11,35.08,2.62,214.99,15.04,0
2026-07-23 09:26:23,MC_01,63.85,40.01,3.05,221.69,11.04,0
2026-07-23 09:26:23,MC_02,58.03,38.69,2.42,205.54,12.83,0
2026-07-23 09:26:23,MC_03,63.38,45.8,3.58,219.57,13.69,0
2026-07-23 09:26:23,MC_04,57.99,43.02,2.66,227.05,11.51,0
2026-07-23 09:26:23,MC_05,62.29,41.39,3.23,214.84,12.89,0
2026-07-23 09:31:23,MC_01,58.14,41.47,2.74,218.86,13.23,0
2026-07-23 09:31:23,MC_02,64.49,37.01,2.56,213.07,15.33,0
2026-07-23 09:31:23,MC_03,60.38,40.39,2.62,222.3,10.56,0
2026-07-23 09:31:23,MC_04,61.77,43.67,1.7,223.63,14.68,0
2026-07-23 09:31:23,MC_05,61.97,48.06,2.87,218.61,10.82,0
2026-07-23 09:36:23,MC_01,59.39,43.03,1.84,214.52,12.32,0
2026-07-23 09:36:23,MC_02,53.68,38.75,2.36,216.84,12.58,0
2026-07-23 09:36:23,MC_03,54.72,45.72,2.64,216.73,7.48,0
2026-07-23 09:36:23,MC_04,65.5,42.62,2.95,221.38,12.58,0
2026-07-23 09:36:23,MC_05,60.95,41.56,2.95,224.85,11.15,0
2026-07-23 09:41:23,MC_01,86.17,59.66,7.82,222.17,16.36,1
2026-07-23 09:41:23,MC_02,58.87,45.57,2.72,219.31,10.96,0
2026-07-23 09:41:23,MC_03,70.87,38.87,3.34,224.39,13.3,0
2026-07-23 09:41:23,MC_04,59.21,44.18,2.76,210.67,10.07,0
2026-07-23 09:41:23,MC_05,58.85,37.99,2.01,224.57,12.15,0
2026-07-23 09:46:23,MC_01,68.4,42.19,2.92,224.13,11.24,0
2026-07-23 09:46:23,MC_02,54.99,44.13,1.26,214.19,9.48,0
2026-07-23 09:46:23,MC_03,65.5,40.39,2.63,213.8,12.22,0
2026-07-23 09:46:23,MC_04,64.27,41.03,2.96,223.53,10.31,0
2026-07-23 09:46:23,MC_05,55.43,35.9,3.14,220.31,11.9,0
2026-07-23 09:51:23,MC_01,58.28,36.38,1.89,228.74,14.11,0
2026-07-23 09:51:23,MC_02,59.48,34.69,1.64,217.74,8.62,0
2026-07-23 09:51:23,MC_03,59.53,40.79,2.41,230.86,11.69,0
2026-07-23 09:51:23,MC_04,68.65,41.19,3.51,211.22,10.38,0
2026-07-23 09:51:23,MC_05,58.8,37.28,2.8,224.53,10.85,0
2026-07-23 09:56:23,MC_01,56.56,46.78,3.12,227.58,13.41,0
2026-07-23 09:56:23,MC_02,54.69,43.9,2.23,211.44,12.17,0
2026-07-23 09:56:23,MC_03,65.63,37.78,3.0,209.76,13.7,0
2026-07-23 09:56:23,MC_04,64.29,45.92,2.53,216.38,11.2,0
2026-07-23 09:56:23,MC_05,65.83,40.03,2.88,220.17,11.35,0
2026-07-23 10:01:23,MC_01,53.1,42.02,2.6,212.67,11.39,0
2026-07-23 10:01:23,MC_02,58.62,39.57,2.95,219.98,12.89,0
2026-07-23 10:01:23,MC_03,87.62,49.61,8.33,228.34,16.79,1
2026-07-23 10:01:23,MC_04,64.25,47.15,2.2,225.99,11.42,0
2026-07-23 10:01:23,MC_05,58.95,38.76,1.76,219.64,11.51,0
2026-07-23 10:06:23,MC_01,65.4,38.36,2.77,212.37,8.87,0
2026-07-23 10:06:23,MC_02,63.52,44.08,1.99,221.29,12.55,0
2026-07-23 10:06:23,MC_03,65.69,37.57,1.59,209.75,12.81,0
2026-07-23 10:06:23,MC_04,63.37,42.06,1.96,225.63,12.49,0
2026-07-23 10:06:23,MC_05,49.89,36.95,3.02,226.03,10.84,0
2026-07-23 10:11:23,MC_01,62.48,42.28,2.43,227.14,13.35,0
2026-07-23 10:11:23,MC_02,57.8,34.21,1.74,219.84,11.15,0
2026-07-23 10:11:23,MC_03,62.81,41.2,2.49,211.83,9.2,0
2026-07-23 10:11:23,MC_04,66.66,40.52,2.13,217.99,13.75,0
2026-07-23 10:11:23,MC_05,64.48,36.96,2.7,211.78,11.71,0
2026-07-23 10:16:23,MC_01,61.27,35.19,2.88,221.65,10.84,0
2026-07-23 10:16:23,MC_02,59.85,37.82,2.3,215.1,12.98,0
2026-07-23 10:16:23,MC_03,60.64,34.73,2.9,216.18,13.75,0
2026-07-23 10:16:23,MC_04,56.13,34.08,1.55,212.5,11.19,0
2026-07-23 10:16:23,MC_05,61.49,42.95,2.74,186.0,26.86,1
2026-07-23 10:21:23,MC_01,57.19,44.54,3.67,222.79,12.54,0
2026-07-23 10:21:23,MC_02,65.33,51.61,3.29,213.17,10.5,0
2026-07-23 10:21:23,MC_03,74.08,44.15,2.2,220.4,13.13,0
2026-07-23 10:21:23,MC_04,64.44,45.47,2.62,221.4,11.45,0
2026-07-23 10:21:23,MC_05,59.28,41.38,1.77,230.23,10.96,0
2026-07-23 10:26:23,MC_01,55.71,41.45,2.0,210.39,12.22,0
2026-07-23 10:26:23,MC_02,60.9,40.69,2.52,207.11,12.12,0
2026-07-23 10:26:23,MC_03,59.76,42.26,2.01,223.53,12.58,0
2026-07-23 10:26:23,MC_04,86.54,40.85,2.46,167.14,27.44,1
2026-07-23 10:26:23,MC_05,57.62,48.95,1.92,215.66,13.45,0
2026-07-23 10:31:23,MC_01,66.51,40.17,2.53,217.02,12.66,0
2026-07-23 10:31:23,MC_02,54.08,29.51,2.2,222.83,14.17,0
2026-07-23 10:31:23,MC_03,60.78,43.29,2.81,216.51,11.41,0
2026-07-23 10:31:23,MC_04,60.49,47.93,2.69,219.34,9.99,0
2026-07-23 10:31:23,MC_05,57.99,38.46,2.83,217.04,12.13,0
2026-07-23 10:36:23,MC_01,60.94,37.87,2.66,217.0,9.42,0
2026-07-23 10:36:23,MC_02,59.2,35.72,2.36,228.53,12.91,0
2026-07-23 10:36:23,MC_03,57.08,34.55,2.04,213.84,12.6,0
2026-07-23 10:36:23,MC_04,54.59,38.52,1.62,220.2,9.12,0
2026-07-23 10:36:23,MC_05,54.25,37.13,2.24,224.14,12.79,0
2026-07-23 10:41:23,MC_01,59.66,36.77,2.35,223.3,12.42,0
2026-07-23 10:41:23,MC_02,66.81,35.29,2.35,220.64,11.82,0
2026-07-23 10:41:23,MC_03,58.08,46.29,2.85,220.85,10.07,0
2026-07-23 10:41:23,MC_04,60.86,40.38,3.28,229.87,12.47,0
2026-07-23 10:41:23,MC_05,51.99,33.74,2.96,227.0,11.17,0
2026-07-23 10:46:23,MC_01,58.5,48.93,2.31,225.63,8.62,0
2026-07-23 10:46:23,MC_02,61.64,42.91,2.99,222.81,11.76,0
2026-07-23 10:46:23,MC_03,56.03,42.74,1.99,214.44,8.91,0
2026-07-23 10:46:23,MC_04,63.27,38.18,2.07,228.3,8.73,0
2026-07-23 10:46:23,MC_05,59.9,40.54,2.99,226.05,9.09,0
2026-07-23 10:51:23,MC_01,56.21,40.34,3.05,222.93,10.17,0
2026-07-23 10:51:23,MC_02,61.07,37.08,2.22,216.46,11.67,0
2026-07-23 10:51:23,MC_03,62.29,38.64,1.98,215.28,12.75,0
2026-07-23 10:51:23,MC_04,56.19,41.55,2.74,225.21,10.62,0
2026-07-23 10:51:23,MC_05,50.76,42.47,3.03,210.88,12.21,0
2026-07-23 10:56:23,MC_01,57.51,49.72,3.24,227.31,15.98,0
2026-07-23 10:56:23,MC_02,67.91,39.65,2.12,216.96,11.54,0
2026-07-23 10:56:23,MC_03,93.02,60.42,8.19,212.8,15.37,1
2026-07-23 10:56:23,MC_04,59.96,42.4,2.35,224.51,13.4,0
2026-07-23 10:56:23,MC_05,67.74,42.78,2.71,222.11,10.01,0
2026-07-23 11:01:23,MC_01,63.77,42.43,3.41,225.83,12.22,0
2026-07-23 11:01:23,MC_02,59.49,35.74,1.57,224.5,12.13,0
2026-07-23 11:01:23,MC_03,54.71,41.48,2.34,217.69,14.13,0
2026-07-23 11:01:23,MC_04,63.96,44.26,1.88,215.68,13.5,0
2026-07-23 11:01:23,MC_05,66.0,39.3,2.69,219.75,13.68,0
2026-07-23 11:06:23,MC_01,54.51,34.6,2.13,228.22,13.62,0
2026-07-23 11:06:23,MC_02,61.41,41.32,2.47,231.67,12.97,0
2026-07-23 11:06:23,MC_03,55.8,44.23,2.53,216.62,13.35,0
2026-07-23 11:06:23,MC_04,55.11,40.45,2.02,221.13,13.13,0
2026-07-23 11:06:23,MC_05,50.12,42.86,2.31,217.19,10.01,0
2026-07-23 11:11:23,MC_01,64.25,45.18,2.07,228.99,11.9,0
2026-07-23 11:11:23,MC_02,56.06,37.01,2.05,224.52,15.9,0
2026-07-23 11:11:23,MC_03,58.76,39.09,1.57,215.37,9.57,0
2026-07-23 11:11:23,MC_04,64.07,39.19,2.38,223.42,12.16,0
2026-07-23 11:11:23,MC_05,64.5,37.62,1.7,227.13,14.81,0
2026-07-23 11:16:23,MC_01,62.05,42.24,1.44,224.36,11.37,0
2026-07-23 11:16:23,MC_02,52.81,39.77,2.6,219.54,13.64,0
2026-07-23 11:16:23,MC_03,60.3,38.23,3.24,224.86,12.5,0
2026-07-23 11:16:23,MC_04,57.35,42.55,1.51,228.98,13.86,0
2026-07-23 11:16:23,MC_05,66.08,41.51,2.32,230.59,11.79,0
2026-07-23 11:21:23,MC_01,56.38,43.24,2.24,219.37,14.0,0
2026-07-23 11:21:23,MC_02,65.35,35.9,3.09,212.92,9.75,0
2026-07-23 11:21:23,MC_03,58.37,41.17,2.39,222.19,11.44,0
2026-07-23 11:21:23,MC_04,49.7,40.01,1.87,222.59,14.03,0
2026-07-23 11:21:23,MC_05,58.5,44.52,2.58,217.87,10.39,0
2026-07-23 11:26:23,MC_01,63.62,41.18,3.77,216.97,11.71,0
2026-07-23 11:26:23,MC_02,65.49,47.21,1.65,215.33,13.87,0
2026-07-23 11:26:23,MC_03,63.0,40.38,2.74,218.37,11.66,0
2026-07-23 11:26:23,MC_04,59.52,38.37,2.73,221.49,9.2,0
2026-07-23 11:26:23,MC_05,58.98,38.85,2.55,219.62,13.98,0
2026-07-23 11:31:23,MC_01,78.24,59.94,7.39,227.33,24.77,1
2026-07-23 11:31:23,MC_02,62.93,40.21,2.37,224.45,13.04,0
2026-07-23 11:31:23,MC_03,56.25,36.75,2.06,219.61,11.43,0
2026-07-23 11:31:23,MC_04,65.87,42.56,3.0,231.52,13.17,0
2026-07-23 11:31:23,MC_05,65.53,40.48,2.15,216.08,12.57,0
2026-07-23 11:36:23,MC_01,53.1,44.27,3.24,214.51,10.91,0
2026-07-23 11:36:23,MC_02,62.18,40.83,2.21,214.26,9.75,0
2026-07-23 11:36:23,MC_03,58.16,37.18,2.2,220.66,12.71,0
2026-07-23 11:36:23,MC_04,62.64,37.91,2.21,220.43,10.52,0
2026-07-23 11:36:23,MC_05,73.12,41.77,2.27,224.75,12.46,0
2026-07-23 11:41:23,MC_01,61.39,46.28,3.28,230.54,14.1,0
2026-07-23 11:41:23,MC_02,59.8,42.39,2.98,220.44,13.41,0
2026-07-23 11:41:23,MC_03,61.06,38.03,2.98,212.91,11.59,0
2026-07-23 11:41:23,MC_04,60.04,39.53,3.05,220.61,10.82,0
2026-07-23 11:41:23,MC_05,58.41,39.48,1.94,221.3,13.4,0
2026-07-23 11:46:23,MC_01,51.0,38.72,2.58,220.94,15.57,0
2026-07-23 11:46:23,MC_02,55.28,37.75,2.69,211.2,10.19,0
2026-07-23 11:46:23,MC_03,61.46,36.79,2.2,225.38,12.98,0
2026-07-23 11:46:23,MC_04,54.82,37.65,2.97,213.77,13.11,0
2026-07-23 11:46:23,MC_05,58.12,41.33,3.0,216.4,13.66,0
2026-07-23 11:51:23,MC_01,56.75,45.61,2.36,219.01,12.63,0
2026-07-23 11:51:23,MC_02,63.85,40.59,2.62,213.81,11.54,0
2026-07-23 11:51:23,MC_03,56.75,44.55,2.26,216.65,10.89,0
2026-07-23 11:51:23,MC_04,52.89,43.95,2.35,219.04,11.39,0
2026-07-23 11:51:23,MC_05,55.41,34.76,2.24,226.05,11.78,0
2026-07-23 11:56:23,MC_01,65.82,38.71,2.08,223.91,10.35,0
2026-07-23 11:56:23,MC_02,60.07,36.41,2.29,219.5,11.31,0
2026-07-23 11:56:23,MC_03,63.69,36.45,2.18,226.48,13.1,0
2026-07-23 11:56:23,MC_04,72.57,41.26,2.46,216.83,10.51,0
2026-07-23 11:56:23,MC_05,61.32,39.87,3.05,212.38,11.34,0
2026-07-23 12:01:23,MC_01,63.12,39.22,3.15,222.73,10.79,0
2026-07-23 12:01:23,MC_02,60.13,36.77,2.46,220.88,13.01,0
2026-07-23 12:01:23,MC_03,50.18,42.09,1.45,220.82,10.58,0
2026-07-23 12:01:23,MC_04,59.81,39.96,2.83,221.19,13.65,0
2026-07-23 12:01:23,MC_05,57.44,35.6,2.62,219.44,12.53,0
2026-07-23 12:06:23,MC_01,59.6,35.08,2.29,220.73,11.37,0
2026-07-23 12:06:23,MC_02,56.85,45.06,2.87,216.24,13.33,0
2026-07-23 12:06:23,MC_03,63.93,42.33,1.73,220.75,10.51,0
2026-07-23 12:06:23,MC_04,58.98,44.49,2.3,219.2,9.88,0
2026-07-23 12:06:23,MC_05,60.67,45.59,3.54,224.57,11.36,0
2026-07-23 12:11:23,MC_01,60.8,42.07,1.81,223.83,12.64,0
2026-07-23 12:11:23,MC_02,56.26,42.81,2.33,218.38,12.84,0
2026-07-23 12:11:23,MC_03,58.62,40.91,2.67,227.81,12.41,0
2026-07-23 12:11:23,MC_04,55.47,42.07,2.47,219.95,13.78,0
2026-07-23 12:11:23,MC_05,68.62,49.02,2.08,217.34,10.38,0
2026-07-23 12:16:23,MC_01,67.05,49.58,2.98,218.68,11.95,0
2026-07-23 12:16:23,MC_02,61.15,35.7,2.61,230.26,14.21,0
2026-07-23 12:16:23,MC_03,67.89,42.34,2.23,223.55,13.46,0
2026-07-23 12:16:23,MC_04,65.27,38.08,3.26,221.84,12.22,0
2026-07-23 12:16:23,MC_05,64.8,40.43,2.2,220.77,13.42,0
2026-07-23 12:21:23,MC_01,65.77,43.05,1.91,212.1,12.03,0
2026-07-23 12:21:23,MC_02,59.64,33.97,1.94,213.17,13.75,0
2026-07-23 12:21:23,MC_03,57.45,39.2,2.31,223.13,14.88,0
2026-07-23 12:21:23,MC_04,54.53,29.74,2.94,220.41,12.59,0
2026-07-23 12:21:23,MC_05,59.29,40.29,3.05,221.84,9.76,0
2026-07-23 12:26:23,MC_01,59.56,43.03,3.27,224.39,12.76,0
2026-07-23 12:26:23,MC_02,59.49,45.56,2.84,219.24,11.58,0
2026-07-23 12:26:23,MC_03,60.42,35.36,2.77,217.98,11.08,0
2026-07-23 12:26:23,MC_04,57.82,37.38,2.87,224.74,13.09,0
2026-07-23 12:26:23,MC_05,61.15,34.94,2.76,229.89,11.72,0
2026-07-23 12:31:23,MC_01,51.13,36.2,2.37,225.55,12.24,0
2026-07-23 12:31:23,MC_02,57.01,37.89,2.39,220.32,12.93,0
2026-07-23 12:31:23,MC_03,49.88,37.47,3.52,218.34,12.27,0
2026-07-23 12:31:23,MC_04,52.97,42.12,2.51,222.01,13.95,0
2026-07-23 12:31:23,MC_05,61.9,37.43,2.11,218.29,11.83,0
2026-07-23 12:36:23,MC_01,64.88,41.95,2.61,219.15,12.6,0
2026-07-23 12:36:23,MC_02,68.53,45.22,2.39,214.57,12.69,0
2026-07-23 12:36:23,MC_03,51.1,35.85,2.65,224.23,11.89,0
2026-07-23 12:36:23,MC_04,68.62,40.93,2.84,218.55,13.05,0
2026-07-23 12:36:23,MC_05,63.62,42.0,3.36,218.71,12.06,0
2026-07-23 12:41:23,MC_01,64.11,47.42,2.91,222.28,11.78,0
2026-07-23 12:41:23,MC_02,65.87,36.47,2.52,214.24,15.36,0
2026-07-23 12:41:23,MC_03,56.54,39.98,2.55,214.67,12.03,0
2026-07-23 12:41:23,MC_04,67.23,41.37,2.7,211.25,13.19,0
2026-07-23 12:41:23,MC_05,66.87,44.44,2.71,217.71,11.69,0
2026-07-23 12:46:23,MC_01,59.56,41.07,1.91,224.25,13.84,0
2026-07-23 12:46:23,MC_02,56.82,47.63,2.91,219.85,11.1,0
2026-07-23 12:46:23,MC_03,54.91,41.83,3.2,214.94,11.06,0
2026-07-23 12:46:23,MC_04,59.21,43.34,2.87,218.3,11.19,0
2026-07-23 12:46:23,MC_05,59.69,39.57,2.82,216.95,9.94,0
2026-07-23 12:51:23,MC_01,54.66,41.41,2.46,210.54,11.26,0
2026-07-23 12:51:23,MC_02,66.39,39.63,2.91,222.95,12.03,0
2026-07-23 12:51:23,MC_03,81.06,52.41,7.56,217.53,15.9,1
2026-07-23 12:51:23,MC_04,64.94,36.54,3.37,222.81,11.47,0
2026-07-23 12:51:23,MC_05,60.29,32.85,3.26,224.06,11.19,0
2026-07-23 12:56:23,MC_01,63.0,39.52,2.8,222.35,13.41,0
2026-07-23 12:56:23,MC_02,62.37,45.81,3.36,221.51,11.5,0
2026-07-23 12:56:23,MC_03,59.1,37.53,2.15,219.81,8.85,0
2026-07-23 12:56:23,MC_04,52.32,45.42,2.72,226.45,12.65,0
2026-07-23 12:56:23,MC_05,61.8,46.09,3.16,229.71,11.81,0
2026-07-23 13:01:23,MC_01,55.11,42.71,3.86,227.54,11.73,0
2026-07-23 13:01:23,MC_02,63.83,35.86,2.02,222.78,14.22,0
2026-07-23 13:01:23,MC_03,63.92,39.86,2.24,222.88,9.48,0
2026-07-23 13:01:23,MC_04,56.98,34.49,2.96,221.94,12.6,0
2026-07-23 13:01:23,MC_05,62.5,43.54,2.75,219.28,10.29,0
2026-07-23 13:06:23,MC_01,56.88,36.15,1.78,222.68,12.77,0
2026-07-23 13:06:23,MC_02,65.86,44.45,3.1,220.6,12.33,0
2026-07-23 13:06:23,MC_03,61.09,40.9,2.38,223.58,11.47,0
2026-07-23 13:06:23,MC_04,56.19,42.9,2.24,221.49,9.49,0
2026-07-23 13:06:23,MC_05,60.81,40.62,2.88,229.73,12.06,0
2026-07-23 13:11:23,MC_01,67.67,40.5,2.23,219.46,11.24,0
2026-07-23 13:11:23,MC_02,57.65,42.84,1.65,221.44,12.18,0
2026-07-23 13:11:23,MC_03,65.66,36.56,2.27,222.08,12.91,0
2026-07-23 13:11:23,MC_04,58.67,43.17,2.43,218.89,13.49,0
2026-07-23 13:11:23,MC_05,72.49,32.06,1.99,215.36,10.72,0
2026-07-23 13:16:23,MC_01,67.12,33.87,2.51,221.3,13.36,0
2026-07-23 13:16:23,MC_02,49.75,49.12,2.65,222.19,13.61,0
2026-07-23 13:16:23,MC_03,59.66,34.1,2.77,230.38,14.62,0
2026-07-23 13:16:23,MC_04,53.7,37.9,2.04,237.48,12.37,0
2026-07-23 13:16:23,MC_05,52.93,34.55,3.43,223.95,12.47,0
2026-07-23 13:21:23,MC_01,61.75,40.55,1.86,219.73,11.92,0
2026-07-23 13:21:23,MC_02,63.69,43.2,2.15,222.11,12.2,0
2026-07-23 13:21:23,MC_03,64.85,40.16,3.2,227.96,12.36,0
2026-07-23 13:21:23,MC_04,64.95,45.07,1.92,221.39,9.92,0
2026-07-23 13:21:23,MC_05,62.93,39.08,2.42,225.0,13.32,0
2026-07-23 13:26:23,MC_01,61.38,47.86,2.4,216.24,12.31,0
2026-07-23 13:26:23,MC_02,55.25,38.53,2.73,217.46,11.66,0
2026-07-23 13:26:23,MC_03,88.9,54.98,9.77,224.76,22.69,1
2026-07-23 13:26:23,MC_04,58.45,39.97,1.91,222.04,11.38,0
2026-07-23 13:26:23,MC_05,60.91,42.14,2.19,220.43,8.74,0
2026-07-23 13:31:23,MC_01,55.2,43.05,1.85,221.53,11.77,0
2026-07-23 13:31:23,MC_02,65.46,37.77,2.41,226.65,14.01,0
2026-07-23 13:31:23,MC_03,50.48,34.09,3.2,225.83,13.22,0
2026-07-23 13:31:23,MC_04,59.47,39.91,1.77,217.83,13.34,0
2026-07-23 13:31:23,MC_05,65.26,43.83,2.73,218.65,12.36,0
2026-07-23 13:36:23,MC_01,55.05,33.49,2.6,217.03,10.97,0
2026-07-23 13:36:23,MC_02,65.84,36.27,3.48,222.04,12.83,0
2026-07-23 13:36:23,MC_03,55.09,39.8,2.45,211.22,11.94,0
2026-07-23 13:36:23,MC_04,56.23,44.25,2.6,219.67,12.25,0
2026-07-23 13:36:23,MC_05,62.86,43.49,3.0,222.15,13.95,0
2026-07-23 13:41:23,MC_01,58.98,35.38,3.03,220.24,13.41,0
2026-07-23 13:41:23,MC_02,58.79,40.12,2.22,214.11,10.47,0
2026-07-23 13:41:23,MC_03,62.74,39.47,2.26,228.75,11.09,0
2026-07-23 13:41:23,MC_04,60.89,41.26,2.16,209.83,8.11,0
2026-07-23 13:41:23,MC_05,56.15,35.95,2.38,220.66,12.42,0
2026-07-23 13:46:23,MC_01,65.79,42.6,2.2,215.42,10.01,0
2026-07-23 13:46:23,MC_02,65.83,38.77,2.34,221.22,10.33,0
2026-07-23 13:46:23,MC_03,67.6,39.62,1.81,225.3,15.4,0
2026-07-23 13:46:23,MC_04,55.74,37.08,3.23,214.92,15.54,0
2026-07-23 13:46:23,MC_05,69.36,43.53,2.23,214.3,12.2,0
2026-07-23 13:51:23,MC_01,53.28,37.08,2.89,222.11,14.13,0
2026-07-23 13:51:23,MC_02,58.6,43.68,2.59,225.57,10.92,0
2026-07-23 13:51:23,MC_03,55.78,49.1,2.45,224.34,12.96,0
2026-07-23 13:51:23,MC_04,53.98,44.01,1.92,218.02,12.54,0
2026-07-23 13:51:23,MC_05,48.47,34.4,2.85,219.28,12.58,0
2026-07-23 13:56:23,MC_01,62.3,43.25,2.17,221.35,11.91,0
2026-07-23 13:56:23,MC_02,65.39,41.0,2.37,222.35,14.17,0
2026-07-23 13:56:23,MC_03,60.27,39.13,2.72,231.71,14.18,0
2026-07-23 13:56:23,MC_04,58.97,49.14,2.62,216.77,15.16,0
2026-07-23 13:56:23,MC_05,65.36,38.99,2.23,225.26,10.63,0
2026-07-23 14:01:23,MC_01,57.76,36.54,2.7,220.97,12.41,0
2026-07-23 14:01:23,MC_02,50.16,41.32,3.65,224.64,11.59,0
2026-07-23 14:01:23,MC_03,57.53,39.63,3.09,223.13,12.07,0
2026-07-23 14:01:23,MC_04,65.23,38.04,3.06,221.38,15.72,0
2026-07-23 14:01:23,MC_05,64.87,37.27,2.29,219.6,12.5,0
2026-07-23 14:06:23,MC_01,61.11,39.99,2.66,224.32,11.3,0
2026-07-23 14:06:23,MC_02,62.84,34.67,1.76,223.31,11.55,0
2026-07-23 14:06:23,MC_03,52.9,36.97,2.25,220.39,13.57,0
2026-07-23 14:06:23,MC_04,67.07,36.24,2.47,216.98,11.8,0
2026-07-23 14:06:23,MC_05,59.77,42.69,2.45,205.49,13.05,0
2026-07-23 14:11:23,MC_01,67.6,39.01,3.01,220.21,11.27,0
2026-07-23 14:11:23,MC_02,61.94,37.91,2.42,212.14,11.54,0
2026-07-23 14:11:23,MC_03,62.52,40.21,2.96,229.89,11.83,0
2026-07-23 14:11:23,MC_04,60.38,40.54,2.84,220.09,10.77,0
2026-07-23 14:11:23,MC_05,59.46,35.99,3.08,223.78,13.57,0
2026-07-23 14:16:23,MC_01,66.38,38.97,2.38,218.99,10.77,0
2026-07-23 14:16:23,MC_02,63.36,39.12,2.23,223.45,10.64,0
2026-07-23 14:16:23,MC_03,59.34,45.26,2.7,220.58,14.39,0
2026-07-23 14:16:23,MC_04,60.64,31.39,3.3,215.95,16.27,0
2026-07-23 14:16:23,MC_05,60.77,36.19,2.9,218.07,12.1,0
2026-07-23 14:21:23,MC_01,62.78,40.43,2.51,217.51,8.77,0
2026-07-23 14:21:23,MC_02,61.94,43.34,1.99,209.76,8.5,0
2026-07-23 14:21:23,MC_03,62.14,41.32,3.19,221.95,10.59,0
2026-07-23 14:21:23,MC_04,57.19,39.84,2.27,215.5,14.53,0
2026-07-23 14:21:23,MC_05,60.27,41.47,2.62,211.99,12.56,0
2026-07-23 14:26:23,MC_01,65.61,45.72,2.34,217.41,10.49,0
2026-07-23 14:26:23,MC_02,65.95,39.98,2.12,225.67,10.26,0
2026-07-23 14:26:23,MC_03,62.32,40.9,2.56,218.68,13.82,0
2026-07-23 14:26:23,MC_04,63.55,34.42,1.98,216.19,12.13,0
2026-07-23 14:26:23,MC_05,90.54,61.53,10.94,223.24,27.73,1
2026-07-23 14:31:23,MC_01,55.06,41.21,2.62,226.58,10.2,0
2026-07-23 14:31:23,MC_02,56.42,41.01,2.98,229.06,10.26,0
2026-07-23 14:31:23,MC_03,61.32,40.24,3.25,224.79,11.78,0
2026-07-23 14:31:23,MC_04,54.37,39.03,1.83,224.46,10.98,0
2026-07-23 14:31:23,MC_05,64.04,41.53,2.1,222.43,10.81,0
2026-07-23 14:36:23,MC_01,62.47,40.8,2.49,221.96,11.83,0
2026-07-23 14:36:23,MC_02,60.34,45.17,3.03,223.56,12.38,0
2026-07-23 14:36:23,MC_03,58.42,47.14,2.86,225.91,12.7,0
2026-07-23 14:36:23,MC_04,52.96,37.65,2.4,213.1,12.96,0
2026-07-23 14:36:23,MC_05,66.33,33.16,2.29,219.15,12.48,0
2026-07-23 14:41:23,MC_01,64.7,40.35,2.2,221.15,10.11,0
2026-07-23 14:41:23,MC_02,58.73,50.13,3.15,221.0,12.64,0
2026-07-23 14:41:23,MC_03,67.81,43.71,1.51,224.17,10.74,0
2026-07-23 14:41:23,MC_04,57.23,46.85,2.91,221.67,13.25,0
2026-07-23 14:41:23,MC_05,65.74,40.89,2.89,215.1,13.22,0
2026-07-23 14:46:23,MC_01,63.04,41.23,2.04,220.0,12.92,0
2026-07-23 14:46:23,MC_02,63.53,46.85,2.73,219.54,12.83,0
2026-07-23 14:46:23,MC_03,57.21,38.38,1.96,220.41,12.97,0
2026-07-23 14:46:23,MC_04,58.88,29.33,2.61,220.14,12.02,0
2026-07-23 14:46:23,MC_05,67.53,36.38,1.92,217.77,12.56,0
2026-07-23 14:51:23,MC_01,64.01,35.86,2.41,215.04,7.94,0
2026-07-23 14:51:23,MC_02,56.0,41.92,1.98,226.46,13.09,0
2026-07-23 14:51:23,MC_03,58.72,41.32,2.03,207.69,12.14,0
2026-07-23 14:51:23,MC_04,53.18,32.23,2.6,224.13,8.88,0
2026-07-23 14:51:23,MC_05,58.72,42.96,2.0,224.6,12.77,0
2026-07-23 14:56:23,MC_01,61.09,40.64,2.7,219.68,10.54,0
2026-07-23 14:56:23,MC_02,54.13,39.56,2.47,217.4,12.53,0
2026-07-23 14:56:23,MC_03,62.95,43.64,1.99,211.68,10.59,0
2026-07-23 14:56:23,MC_04,62.63,38.17,1.88,226.35,10.23,0
2026-07-23 14:56:23,MC_05,59.15,41.67,2.17,222.79,12.02,0
2026-07-23 15:01:23,MC_01,54.03,41.54,2.57,224.72,14.67,0
2026-07-23 15:01:23,MC_02,68.74,38.31,2.86,213.57,11.65,0
2026-07-23 15:01:23,MC_03,61.24,43.16,2.8,220.59,11.47,0
2026-07-23 15:01:23,MC_04,57.38,37.84,2.71,215.09,12.13,0
2026-07-23 15:01:23,MC_05,58.75,43.02,2.59,221.47,13.14,0
2026-07-23 15:06:23,MC_01,63.12,39.29,2.78,219.16,12.66,0
2026-07-23 15:06:23,MC_02,53.77,38.01,2.82,209.22,12.49,0
2026-07-23 15:06:23,MC_03,61.34,39.57,3.08,218.28,12.06,0
2026-07-23 15:06:23,MC_04,55.38,43.33,2.24,230.3,9.73,0
2026-07-23 15:06:23,MC_05,56.21,35.09,2.88,223.64,10.64,0
2026-07-23 15:11:23,MC_01,63.87,35.72,2.09,212.19,13.0,0
2026-07-23 15:11:23,MC_02,50.21,46.97,2.52,224.24,12.77,0
2026-07-23 15:11:23,MC_03,61.9,43.59,2.04,222.64,13.2,0
2026-07-23 15:11:23,MC_04,54.55,33.65,2.47,229.0,14.82,0
2026-07-23 15:11:23,MC_05,64.64,31.99,2.3,216.26,11.87,0
2026-07-23 15:16:23,MC_01,66.88,41.37,2.47,221.46,12.77,0
2026-07-23 15:16:23,MC_02,55.55,46.39,1.92,220.4,10.92,0
2026-07-23 15:16:23,MC_03,62.97,41.53,2.31,208.85,10.7,0
2026-07-23 15:16:23,MC_04,62.52,48.1,1.27,212.47,12.35,0
2026-07-23 15:16:23,MC_05,58.73,41.81,2.48,226.59,12.86,0
2026-07-23 15:21:23,MC_01,54.04,42.35,2.82,218.29,11.48,0
2026-07-23 15:21:23,MC_02,58.4,48.58,3.04,220.13,9.8,0
2026-07-23 15:21:23,MC_03,59.22,48.99,3.45,208.17,12.55,0
2026-07-23 15:21:23,MC_04,60.83,41.42,2.22,220.01,10.36,0
2026-07-23 15:21:23,MC_05,68.2,36.91,2.63,230.22,10.99,0
2026-07-23 15:26:23,MC_01,54.95,37.33,3.47,215.42,12.99,0
2026-07-23 15:26:23,MC_02,64.11,39.16,1.74,216.01,13.08,0
2026-07-23 15:26:23,MC_03,61.99,35.76,2.09,216.25,11.93,0
2026-07-23 15:26:23,MC_04,54.08,44.26,2.76,215.68,11.7,0
2026-07-23 15:26:23,MC_05,55.57,48.57,1.7,213.65,11.64,0
2026-07-23 15:31:23,MC_01,60.47,40.4,2.96,222.21,10.62,0
2026-07-23 15:31:23,MC_02,65.31,40.21,3.05,206.39,11.27,0
2026-07-23 15:31:23,MC_03,56.3,43.9,2.89,216.96,12.36,0
2026-07-23 15:31:23,MC_04,58.93,40.47,2.87,218.37,9.52,0
2026-07-23 15:31:23,MC_05,51.5,39.85,2.03,225.63,13.77,0
2026-07-23 15:36:23,MC_01,55.95,35.56,2.93,219.34,14.41,0
2026-07-23 15:36:23,MC_02,62.01,36.22,1.76,222.97,13.0,0
2026-07-23 15:36:23,MC_03,61.31,40.33,2.19,216.12,10.55,0
2026-07-23 15:36:23,MC_04,55.87,40.04,2.62,221.76,10.56,0
2026-07-23 15:36:23,MC_05,58.46,34.66,2.33,222.96,11.11,0
2026-07-23 15:41:23,MC_01,57.7,45.05,2.35,218.95,11.27,0
2026-07-23 15:41:23,MC_02,67.4,43.48,2.06,217.75,10.84,0
2026-07-23 15:41:23,MC_03,63.4,46.7,2.73,221.58,11.13,0
2026-07-23 15:41:23,MC_04,63.07,43.65,3.03,220.52,12.3,0
2026-07-23 15:41:23,MC_05,64.41,32.42,1.66,217.27,10.09,0
2026-07-23 15:46:23,MC_01,65.43,45.22,2.53,221.64,13.84,0
2026-07-23 15:46:23,MC_02,57.94,42.05,2.61,215.04,9.44,0
2026-07-23 15:46:23,MC_03,63.06,40.58,2.42,215.34,11.88,0
2026-07-23 15:46:23,MC_04,57.28,46.62,2.61,232.83,10.02,0
2026-07-23 15:46:23,MC_05,58.5,38.6,2.26,215.11,14.69,0
2026-07-23 15:51:23,MC_01,64.95,45.71,2.01,226.33,11.89,0
2026-07-23 15:51:23,MC_02,70.18,42.1,1.92,226.29,13.74,0
2026-07-23 15:51:23,MC_03,53.54,42.98,3.3,222.39,10.54,0
2026-07-23 15:51:23,MC_04,65.05,38.16,2.83,215.45,12.3,0
2026-07-23 15:51:23,MC_05,57.37,33.65,2.15,224.08,10.89,0
2026-07-23 15:56:23,MC_01,65.41,37.03,2.22,219.14,13.42,0
2026-07-23 15:56:23,MC_02,61.31,36.03,2.68,219.1,10.3,0
2026-07-23 15:56:23,MC_03,59.63,35.83,2.18,224.4,11.53,0
2026-07-23 15:56:23,MC_04,64.3,39.37,2.02,222.4,12.84,0
2026-07-23 15:56:23,MC_05,53.85,44.54,3.26,223.13,12.12,0
2026-07-23 16:01:23,MC_01,60.99,46.8,3.3,212.8,11.24,0
2026-07-23 16:01:23,MC_02,62.93,43.63,2.3,223.59,11.15,0
2026-07-23 16:01:23,MC_03,54.37,37.63,2.5,217.41,11.93,0
2026-07-23 16:01:23,MC_04,57.52,39.94,2.77,223.57,11.76,0
2026-07-23 16:01:23,MC_05,56.63,43.45,3.18,218.71,12.25,0
2026-07-23 16:06:23,MC_01,63.34,33.81,3.02,228.43,12.15,0
2026-07-23 16:06:23,MC_02,53.63,38.26,2.29,217.39,12.33,0
2026-07-23 16:06:23,MC_03,62.17,41.56,2.25,219.46,11.88,0
2026-07-23 16:06:23,MC_04,49.34,40.13,2.65,223.0,13.66,0
2026-07-23 16:06:23,MC_05,59.3,41.06,1.8,225.45,12.14,0
2026-07-23 16:11:23,MC_01,47.78,47.61,2.65,214.47,10.11,0
2026-07-23 16:11:23,MC_02,58.61,42.73,2.06,219.11,12.19,0
2026-07-23 16:11:23,MC_03,67.87,40.84,2.21,212.74,12.26,0
2026-07-23 16:11:23,MC_04,79.62,61.06,8.96,222.28,20.12,1
2026-07-23 16:11:23,MC_05,61.35,44.97,2.1,208.23,11.93,0
2026-07-23 16:16:23,MC_01,66.0,31.14,2.79,227.65,14.77,0
2026-07-23 16:16:23,MC_02,64.35,39.61,2.27,211.79,11.04,0
2026-07-23 16:16:23,MC_03,54.51,35.88,2.98,217.32,13.27,0
2026-07-23 16:16:23,MC_04,96.57,62.32,7.61,224.68,19.29,1
2026-07-23 16:16:23,MC_05,60.93,43.64,3.37,217.15,11.2,0
2026-07-23 16:21:23,MC_01,63.64,39.73,2.07,215.8,10.24,0
2026-07-23 16:21:23,MC_02,59.46,42.25,1.96,214.14,12.27,0
2026-07-23 16:21:23,MC_03,77.59,73.13,6.49,220.15,21.99,1
2026-07-23 16:21:23,MC_04,58.95,40.99,2.41,210.35,13.59,0
2026-07-23 16:21:23,MC_05,55.63,42.86,2.43,214.11,13.41,0
2026-07-23 16:26:23,MC_01,51.93,37.08,3.1,221.15,14.63,0
2026-07-23 16:26:23,MC_02,49.33,42.77,2.73,217.48,10.9,0
2026-07-23 16:26:23,MC_03,58.9,34.83,2.9,217.97,11.79,0
2026-07-23 16:26:23,MC_04,66.26,35.75,2.71,219.88,12.46,0
2026-07-23 16:26:23,MC_05,71.18,44.4,2.0,218.77,11.22,0
2026-07-23 16:31:23,MC_01,67.04,40.02,1.7,231.37,14.5,0
2026-07-23 16:31:23,MC_02,64.66,38.99,2.96,219.04,11.16,0
2026-07-23 16:31:23,MC_03,53.09,40.48,2.91,213.62,9.5,0
2026-07-23 16:31:23,MC_04,60.04,34.0,3.07,222.09,13.7,0
2026-07-23 16:31:23,MC_05,57.16,43.9,2.23,210.45,13.26,0
2026-07-23 16:36:23,MC_01,56.91,32.9,2.3,220.07,9.39,0
2026-07-23 16:36:23,MC_02,60.46,48.91,2.28,216.81,12.19,0
2026-07-23 16:36:23,MC_03,69.8,49.98,2.16,217.43,13.39,0
2026-07-23 16:36:23,MC_04,59.26,36.23,2.19,214.53,12.12,0
2026-07-23 16:36:23,MC_05,63.33,43.78,2.77,222.42,13.2,0
2026-07-23 16:41:23,MC_01,96.1,58.74,8.08,218.49,25.67,1
2026-07-23 16:41:23,MC_02,68.81,38.26,3.03,221.74,11.83,0
2026-07-23 16:41:23,MC_03,58.05,41.12,2.51,212.38,10.51,0
2026-07-23 16:41:23,MC_04,66.52,41.48,2.18,218.14,10.71,0
2026-07-23 16:41:23,MC_05,59.09,43.33,3.31,218.02,10.06,0
2026-07-23 16:46:23,MC_01,62.16,40.67,3.43,221.61,11.31,0
2026-07-23 16:46:23,MC_02,66.02,36.31,3.15,231.43,13.9,0
2026-07-23 16:46:23,MC_03,67.25,38.26,3.34,217.62,11.94,0
2026-07-23 16:46:23,MC_04,59.97,35.38,2.16,215.14,14.3,0
2026-07-23 16:46:23,MC_05,68.1,50.18,2.47,220.15,13.16,0
2026-07-23 16:51:23,MC_01,52.01,43.35,2.07,225.01,11.31,0
2026-07-23 16:51:23,MC_02,60.02,39.32,2.6,217.55,13.56,0
2026-07-23 16:51:23,MC_03,60.55,35.95,3.17,216.74,13.21,0
2026-07-23 16:51:23,MC_04,95.67,47.76,10.07,222.9,24.79,1
2026-07-23 16:51:23,MC_05,68.23,44.71,2.52,214.03,10.95,0
2026-07-23 16:56:23,MC_01,59.06,42.83,2.08,220.46,10.85,0
2026-07-23 16:56:23,MC_02,61.56,42.88,1.76,214.07,9.82,0
2026-07-23 16:56:23,MC_03,60.04,35.38,2.31,216.17,12.98,0
2026-07-23 16:56:23,MC_04,56.01,41.45,3.05,221.69,11.48,0
2026-07-23 16:56:23,MC_05,53.06,42.92,2.87,225.06,14.31,0
2026-07-23 17:01:23,MC_01,65.87,40.18,2.64,220.2,11.72,0
2026-07-23 17:01:23,MC_02,54.4,42.22,2.75,219.71,8.45,0
2026-07-23 17:01:23,MC_03,54.72,40.94,2.95,226.69,12.49,0
2026-07-23 17:01:23,MC_04,67.19,39.66,2.82,222.46,13.13,0
2026-07-23 17:01:23,MC_05,68.2,41.84,2.57,220.33,10.86,0
2026-07-23 17:06:23,MC_01,63.7,47.03,3.24,222.23,12.54,0
2026-07-23 17:06:23,MC_02,50.87,35.74,2.03,220.3,14.61,0
2026-07-23 17:06:23,MC_03,52.32,33.27,1.78,221.22,12.44,0
2026-07-23 17:06:23,MC_04,66.19,41.87,1.9,220.04,10.92,0
2026-07-23 17:06:23,MC_05,49.69,39.35,3.35,213.72,13.51,0
2026-07-23 17:11:23,MC_01,56.29,41.92,2.98,215.76,11.08,0
2026-07-23 17:11:23,MC_02,61.86,40.31,2.68,216.26,10.8,0
2026-07-23 17:11:23,MC_03,53.96,38.71,2.88,229.33,12.51,0
2026-07-23 17:11:23,MC_04,60.47,38.27,2.7,218.35,15.1,0
2026-07-23 17:11:23,MC_05,62.5,36.03,2.22,217.58,13.79,0
2026-07-23 17:16:23,MC_01,65.02,42.7,1.75,220.68,9.76,0
2026-07-23 17:16:23,MC_02,58.76,43.61,2.02,226.6,13.1,0
2026-07-23 17:16:23,MC_03,60.24,39.96,2.01,214.24,10.66,0
2026-07-23 17:16:23,MC_04,55.32,38.41,2.9,213.16,10.01,0
2026-07-23 17:16:23,MC_05,59.03,44.9,2.06,213.66,9.07,0
2026-07-23 17:21:23,MC_01,62.0,39.24,2.31,220.87,12.31,0
2026-07-23 17:21:23,MC_02,55.04,33.69,2.25,214.5,11.75,0
2026-07-23 17:21:23,MC_03,54.25,41.57,3.66,221.48,13.9,0
2026-07-23 17:21:23,MC_04,58.97,42.15,2.48,218.2,13.09,0
2026-07-23 17:21:23,MC_05,62.92,40.85,3.06,221.87,11.07,0
2026-07-23 17:26:23,MC_01,61.52,44.17,2.3,218.53,8.42,0
2026-07-23 17:26:23,MC_02,56.91,43.76,3.14,212.33,11.12,0
2026-07-23 17:26:23,MC_03,61.34,34.87,2.52,215.04,15.68,0
2026-07-23 17:26:23,MC_04,51.1,34.08,2.26,220.83,9.99,0
2026-07-23 17:26:23,MC_05,58.51,39.03,1.89,226.9,12.47,0
2026-07-23 17:31:23,MC_01,54.51,43.68,3.33,227.58,12.97,0
2026-07-23 17:31:23,MC_02,51.2,40.89,3.01,221.71,10.3,0
2026-07-23 17:31:23,MC_03,59.5,45.48,2.63,219.38,11.69,0
2026-07-23 17:31:23,MC_04,59.04,43.38,1.97,225.7,13.12,0
2026-07-23 17:31:23,MC_05,65.13,39.25,2.88,218.47,10.88,0
2026-07-23 17:36:23,MC_01,57.55,34.38,2.7,218.05,14.97,0
2026-07-23 17:36:23,MC_02,62.39,39.28,2.86,219.74,12.5,0
2026-07-23 17:36:23,MC_03,58.86,31.67,2.26,227.63,13.25,0
2026-07-23 17:36:23,MC_04,60.69,37.54,2.22,220.16,12.03,0
2026-07-23 17:36:23,MC_05,59.5,41.61,3.16,230.11,10.95,0
2026-07-23 17:41:23,MC_01,66.1,43.17,3.11,230.05,14.28,0
2026-07-23 17:41:23,MC_02,53.86,41.03,3.54,223.57,12.18,0
2026-07-23 17:41:23,MC_03,56.29,38.76,3.07,215.99,14.3,0
2026-07-23 17:41:23,MC_04,64.14,35.4,3.24,213.4,9.59,0
2026-07-23 17:41:23,MC_05,58.5,36.97,2.4,221.59,12.18,0
2026-07-23 17:46:23,MC_01,56.48,36.03,2.72,225.76,11.13,0
2026-07-23 17:46:23,MC_02,85.5,52.66,7.41,214.36,24.81,1
2026-07-23 17:46:23,MC_03,57.78,35.71,1.45,216.42,11.68,0
2026-07-23 17:46:23,MC_04,61.05,41.28,1.74,219.47,11.6,0
2026-07-23 17:46:23,MC_05,60.42,36.57,2.74,216.36,10.63,0
2026-07-23 17:51:23,MC_01,57.42,40.89,2.2,220.75,9.99,0
2026-07-23 17:51:23,MC_02,70.46,39.31,2.82,180.75,25.84,1
2026-07-23 17:51:23,MC_03,64.96,43.62,2.59,224.53,10.32,0
2026-07-23 17:51:23,MC_04,62.49,36.83,2.38,168.36,28.19,1
2026-07-23 17:51:23,MC_05,61.86,42.29,3.3,223.94,12.23,0
2026-07-23 17:56:23,MC_01,67.79,44.63,1.4,216.02,13.18,0
2026-07-23 17:56:23,MC_02,50.42,36.64,2.82,215.49,13.24,0
2026-07-23 17:56:23,MC_03,61.44,43.0,2.68,222.69,9.41,0
2026-07-23 17:56:23,MC_04,67.14,40.46,2.3,218.08,13.18,0
2026-07-23 17:56:23,MC_05,65.35,45.03,2.45,220.56,14.06,0
2026-07-23 18:01:23,MC_01,54.65,35.77,2.13,217.39,12.32,0
2026-07-23 18:01:23,MC_02,59.53,36.49,2.27,232.17,13.05,0
2026-07-23 18:01:23,MC_03,55.05,39.83,3.18,221.15,12.32,0
2026-07-23 18:01:23,MC_04,65.55,36.11,3.2,218.08,13.74,0
2026-07-23 18:01:23,MC_05,60.0,43.16,2.36,218.71,11.4,0
2026-07-23 18:06:23,MC_01,50.7,30.84,3.02,222.42,10.02,0
2026-07-23 18:06:23,MC_02,60.0,38.6,2.44,221.03,10.82,0
2026-07-23 18:06:23,MC_03,65.59,46.97,2.35,227.75,12.44,0
2026-07-23 18:06:23,MC_04,50.65,41.92,1.91,216.94,12.11,0
2026-07-23 18:06:23,MC_05,56.79,34.1,2.64,216.89,10.4,0
2026-07-23 18:11:23,MC_01,49.99,33.78,2.51,220.21,12.78,0
2026-07-23 18:11:23,MC_02,68.58,44.75,2.59,220.81,14.31,0
2026-07-23 18:11:23,MC_03,65.83,38.89,2.43,213.19,11.31,0
2026-07-23 18:11:23,MC_04,58.35,35.97,3.24,209.7,12.9,0
2026-07-23 18:11:23,MC_05,65.48,39.15,3.13,216.55,11.09,0
2026-07-23 18:16:23,MC_01,70.35,41.98,2.86,209.97,12.56,0
2026-07-23 18:16:23,MC_02,60.08,43.89,2.1,225.97,10.19,0
2026-07-23 18:16:23,MC_03,57.74,33.69,1.96,220.03,14.05,0
2026-07-23 18:16:23,MC_04,64.93,42.69,2.17,172.76,24.34,1
2026-07-23 18:16:23,MC_05,59.33,39.01,3.24,222.91,11.76,0
2026-07-23 18:21:23,MC_01,63.46,31.23,3.76,213.93,12.41,0
2026-07-23 18:21:23,MC_02,55.45,39.5,2.58,221.53,12.9,0
2026-07-23 18:21:23,MC_03,50.77,36.86,2.05,225.25,13.14,0
2026-07-23 18:21:23,MC_04,63.29,33.35,2.67,212.35,13.12,0
2026-07-23 18:21:23,MC_05,56.56,37.93,2.35,213.72,13.36,0
2026-07-23 18:26:23,MC_01,54.34,32.26,1.82,217.4,11.91,0
2026-07-23 18:26:23,MC_02,62.25,41.42,2.77,213.17,11.22,0
2026-07-23 18:26:23,MC_03,59.23,40.7,2.35,218.74,11.25,0
2026-07-23 18:26:23,MC_04,75.73,35.51,2.98,177.61,31.53,1
2026-07-23 18:26:23,MC_05,60.11,40.09,3.31,217.88,12.49,0
2026-07-23 18:31:23,MC_01,56.14,34.5,3.01,221.26,12.11,0
2026-07-23 18:31:23,MC_02,64.46,42.54,2.24,222.67,9.65,0
2026-07-23 18:31:23,MC_03,56.41,40.57,2.65,215.55,13.69,0
2026-07-23 18:31:23,MC_04,61.6,45.82,2.5,216.75,11.18,0
2026-07-23 18:31:23,MC_05,67.01,43.7,3.04,212.48,12.19,0
2026-07-23 18:36:23,MC_01,65.39,36.21,2.46,214.5,13.25,0
2026-07-23 18:36:23,MC_02,54.36,46.19,2.53,223.96,12.58,0
2026-07-23 18:36:23,MC_03,55.45,33.44,2.4,225.53,9.05,0
2026-07-23 18:36:23,MC_04,60.95,39.54,2.93,213.9,12.66,0
2026-07-23 18:36:23,MC_05,61.54,40.18,2.47,217.42,14.22,0
2026-07-23 18:41:23,MC_01,61.22,37.1,2.63,223.17,12.22,0
2026-07-23 18:41:23,MC_02,60.12,40.78,3.44,225.69,9.78,0
2026-07-23 18:41:23,MC_03,64.17,45.81,3.43,218.02,13.06,0
2026-07-23 18:41:23,MC_04,65.05,41.88,1.66,220.77,12.85,0
2026-07-23 18:41:23,MC_05,59.0,43.6,2.7,222.33,11.63,0
2026-07-23 18:46:23,MC_01,62.13,38.48,2.51,214.14,12.56,0
2026-07-23 18:46:23,MC_02,60.23,50.03,2.03,222.47,14.37,0
2026-07-23 18:46:23,MC_03,58.05,35.7,2.42,219.84,11.05,0
2026-07-23 18:46:23,MC_04,52.52,42.17,2.77,213.63,12.12,0
2026-07-23 18:46:23,MC_05,53.28,41.92,1.69,224.92,13.84,0
2026-07-23 18:51:23,MC_01,49.53,44.38,3.49,220.22,10.26,0
2026-07-23 18:51:23,MC_02,54.52,36.12,3.65,225.23,12.82,0
2026-07-23 18:51:23,MC_03,64.41,39.57,3.04,225.23,12.41,0
2026-07-23 18:51:23,MC_04,54.27,35.91,1.71,226.62,9.81,0
2026-07-23 18:51:23,MC_05,68.42,35.35,2.66,212.16,13.31,0
2026-07-23 18:56:23,MC_01,65.42,40.07,2.47,224.05,11.09,0
2026-07-23 18:56:23,MC_02,65.44,41.19,1.71,229.23,12.28,0
2026-07-23 18:56:23,MC_03,92.03,53.63,7.24,223.44,26.64,1
2026-07-23 18:56:23,MC_04,54.96,45.87,2.39,216.19,11.32,0
2026-07-23 18:56:23,MC_05,64.5,38.44,2.42,221.07,10.29,0
2026-07-23 19:01:23,MC_01,61.27,39.34,3.33,217.9,11.96,0
2026-07-23 19:01:23,MC_02,68.68,37.24,2.59,223.47,11.27,0
2026-07-23 19:01:23,MC_03,64.37,39.09,2.48,211.13,12.25,0
2026-07-23 19:01:23,MC_04,56.17,41.79,1.97,213.42,9.13,0
2026-07-23 19:01:23,MC_05,61.69,34.72,3.0,224.61,10.81,0
2026-07-23 19:06:23,MC_01,57.07,43.79,2.51,224.76,11.7,0
2026-07-23 19:06:23,MC_02,67.28,33.86,2.28,223.36,10.78,0
2026-07-23 19:06:23,MC_03,54.21,33.09,2.65,224.63,11.47,0
2026-07-23 19:06:23,MC_04,64.65,43.27,2.28,218.03,12.54,0
2026-07-23 19:06:23,MC_05,59.87,37.64,3.05,210.69,10.85,0
2026-07-23 19:11:23,MC_01,62.92,41.56,1.51,218.34,11.61,0
2026-07-23 19:11:23,MC_02,63.23,44.21,2.6,227.53,12.88,0
2026-07-23 19:11:23,MC_03,80.2,60.67,7.53,222.61,21.07,1
2026-07-23 19:11:23,MC_04,56.88,42.76,2.69,211.64,11.07,0
2026-07-23 19:11:23,MC_05,70.97,41.79,2.42,218.43,11.9,0
2026-07-23 19:16:23,MC_01,52.74,38.98,2.44,224.05,15.04,0
2026-07-23 19:16:23,MC_02,55.89,33.87,2.56,216.08,12.23,0
2026-07-23 19:16:23,MC_03,61.45,36.45,2.34,221.3,12.3,0
2026-07-23 19:16:23,MC_04,65.55,44.23,2.04,217.64,14.64,0
2026-07-23 19:16:23,MC_05,56.89,37.58,2.56,222.56,13.5,0
2026-07-23 19:21:23,MC_01,50.46,39.83,2.83,223.42,10.94,0
2026-07-23 19:21:23,MC_02,54.89,35.63,2.73,225.04,12.21,0
2026-07-23 19:21:23,MC_03,55.24,37.05,2.32,216.01,10.3,0
2026-07-23 19:21:23,MC_04,67.75,39.14,3.11,221.47,11.58,0
2026-07-23 19:21:23,MC_05,55.97,40.84,2.42,222.4,14.36,0
2026-07-23 19:26:23,MC_01,63.53,46.32,3.07,221.41,10.84,0
2026-07-23 19:26:23,MC_02,63.87,34.65,2.71,217.77,12.77,0
2026-07-23 19:26:23,MC_03,56.92,37.1,2.47,214.12,13.44,0
2026-07-23 19:26:23,MC_04,60.1,35.42,2.19,222.95,11.55,0
2026-07-23 19:26:23,MC_05,63.55,39.71,3.61,216.36,12.94,0
2026-07-23 19:31:23,MC_01,66.8,38.15,1.98,212.92,12.35,0
2026-07-23 19:31:23,MC_02,65.07,40.18,3.21,216.18,8.29,0
2026-07-23 19:31:23,MC_03,88.34,66.79,8.1,225.4,22.05,1
2026-07-23 19:31:23,MC_04,55.96,36.12,2.85,220.15,14.74,0
2026-07-23 19:31:23,MC_05,58.18,31.79,2.5,220.61,11.05,0
2026-07-23 19:36:23,MC_01,49.56,45.0,2.52,219.31,13.85,0
2026-07-23 19:36:23,MC_02,60.38,42.61,2.6,226.72,12.85,0
2026-07-23 19:36:23,MC_03,63.56,47.22,2.46,219.12,11.62,0
2026-07-23 19:36:23,MC_04,56.96,42.87,2.68,221.25,12.67,0
2026-07-23 19:36:23,MC_05,65.77,45.35,2.62,223.69,8.12,0
2026-07-23 19:41:23,MC_01,57.85,37.23,2.14,218.27,11.44,0
2026-07-23 19:41:23,MC_02,64.45,37.0,2.98,223.87,10.42,0
2026-07-23 19:41:23,MC_03,65.79,41.24,3.41,212.92,10.1,0
2026-07-23 19:41:23,MC_04,89.18,64.63,10.28,227.43,22.84,1
2026-07-23 19:41:23,MC_05,54.14,40.59,2.6,214.22,10.41,0
2026-07-23 19:46:23,MC_01,52.08,34.84,3.11,222.0,10.91,0
2026-07-23 19:46:23,MC_02,52.19,41.1,3.32,227.06,12.16,0
2026-07-23 19:46:23,MC_03,57.82,39.45,3.43,218.02,13.44,0
2026-07-23 19:46:23,MC_04,51.75,44.41,2.92,220.94,13.55,0
2026-07-23 19:46:23,MC_05,62.08,39.76,1.65,225.61,11.68,0
2026-07-23 19:51:23,MC_01,63.23,39.43,2.34,227.05,13.96,0
2026-07-23 19:51:23,MC_02,63.75,38.84,2.33,221.96,11.95,0
2026-07-23 19:51:23,MC_03,59.97,46.16,3.07,216.09,12.45,0
2026-07-23 19:51:23,MC_04,56.12,38.58,2.9,228.07,11.8,0
2026-07-23 19:51:23,MC_05,55.32,35.85,1.88,223.77,10.48,0
2026-07-23 19:56:23,MC_01,62.8,36.95,2.83,220.24,8.46,0
2026-07-23 19:56:23,MC_02,75.65,38.32,2.85,183.07,23.34,1
2026-07-23 19:56:23,MC_03,60.75,43.34,2.39,223.19,12.59,0
2026-07-23 19:56:23,MC_04,65.5,44.07,1.77,225.47,12.75,0
2026-07-23 19:56:23,MC_05,63.08,39.02,1.6,228.59,10.72,0
2026-07-23 20:01:23,MC_01,58.9,41.03,1.37,213.37,11.13,0
2026-07-23 20:01:23,MC_02,62.8,44.45,2.46,222.39,11.87,0
2026-07-23 20:01:23,MC_03,46.16,41.55,3.47,226.12,11.28,0
2026-07-23 20:01:23,MC_04,63.9,37.14,2.57,230.38,9.5,0
2026-07-23 20:01:23,MC_05,55.61,41.74,2.51,221.71,11.93,0
2026-07-23 20:06:23,MC_01,59.23,40.39,2.45,218.82,12.09,0
2026-07-23 20:06:23,MC_02,51.94,34.28,3.29,223.57,10.12,0
2026-07-23 20:06:23,MC_03,63.58,39.89,2.74,220.79,10.73,0
2026-07-23 20:06:23,MC_04,52.95,37.56,2.39,220.11,11.06,0
2026-07-23 20:06:23,MC_05,63.76,42.39,4.02,213.32,9.02,0
2026-07-23 20:11:23,MC_01,61.75,32.11,2.38,221.25,9.95,0
2026-07-23 20:11:23,MC_02,52.67,42.56,2.24,214.9,15.19,0
2026-07-23 20:11:23,MC_03,62.92,41.68,2.01,214.63,11.52,0
2026-07-23 20:11:23,MC_04,66.56,33.41,1.57,216.41,13.81,0
2026-07-23 20:11:23,MC_05,56.6,39.24,2.19,208.99,11.25,0
2026-07-23 20:16:23,MC_01,64.68,42.89,2.39,216.29,10.77,0
2026-07-23 20:16:23,MC_02,54.71,35.85,2.96,220.9,14.22,0
2026-07-23 20:16:23,MC_03,67.32,40.33,1.59,215.63,10.84,0
2026-07-23 20:16:23,MC_04,65.33,47.04,2.5,221.2,11.09,0
2026-07-23 20:16:23,MC_05,58.71,46.28,1.83,220.6,11.59,0
2026-07-23 20:21:23,MC_01,72.37,43.99,2.31,226.43,12.71,0
2026-07-23 20:21:23,MC_02,69.94,39.8,2.36,222.78,14.25,0
2026-07-23 20:21:23,MC_03,75.29,36.06,2.97,219.49,9.86,0
2026-07-23 20:21:23,MC_04,51.38,43.41,2.55,229.52,10.63,0
2026-07-23 20:21:23,MC_05,58.58,43.63,3.15,227.73,10.1,0
2026-07-23 20:26:23,MC_01,58.43,39.44,1.31,225.84,13.35,0
2026-07-23 20:26:23,MC_02,63.15,44.34,2.19,225.04,11.65,0
2026-07-23 20:26:23,MC_03,62.04,37.15,1.89,215.94,12.47,0
2026-07-23 20:26:23,MC_04,56.11,41.31,1.95,218.36,14.22,0
2026-07-23 20:26:23,MC_05,55.92,43.33,2.06,216.44,13.56,0
2026-07-23 20:31:23,MC_01,48.03,39.27,2.97,210.85,11.76,0
2026-07-23 20:31:23,MC_02,53.87,37.22,2.55,222.42,12.71,0
2026-07-23 20:31:23,MC_03,56.93,41.62,3.05,216.47,12.41,0
2026-07-23 20:31:23,MC_04,88.62,50.15,8.73,223.47,23.61,1
2026-07-23 20:31:23,MC_05,60.36,43.28,2.69,222.58,11.42,0
2026-07-23 20:36:23,MC_01,66.06,40.5,2.21,220.14,9.05,0
2026-07-23 20:36:23,MC_02,53.52,45.08,2.62,218.11,13.47,0
2026-07-23 20:36:23,MC_03,66.94,47.24,1.56,226.91,10.26,0
2026-07-23 20:36:23,MC_04,68.04,41.88,2.64,215.81,9.47,0
2026-07-23 20:36:23,MC_05,55.68,46.64,2.14,223.93,12.25,0
2026-07-23 20:41:23,MC_01,59.36,44.87,1.46,219.28,9.51,0
2026-07-23 20:41:23,MC_02,59.85,41.86,2.36,215.19,12.12,0
2026-07-23 20:41:23,MC_03,52.48,32.63,1.73,219.96,9.89,0
2026-07-23 20:41:23,MC_04,58.13,43.95,3.21,229.32,14.21,0
2026-07-23 20:41:23,MC_05,64.03,39.0,2.83,220.69,9.51,0
2026-07-23 20:46:23,MC_01,52.48,47.24,2.58,227.1,11.15,0
2026-07-23 20:46:23,MC_02,55.54,39.66,2.89,226.96,12.28,0
2026-07-23 20:46:23,MC_03,63.27,45.88,2.11,221.92,10.51,0
2026-07-23 20:46:23,MC_04,56.01,31.84,3.04,220.96,12.38,0
2026-07-23 20:46:23,MC_05,64.16,42.2,3.08,222.66,14.4,0
2026-07-23 20:51:23,MC_01,64.11,39.07,1.88,220.1,13.07,0
2026-07-23 20:51:23,MC_02,55.7,45.34,2.75,219.37,10.55,0
2026-07-23 20:51:23,MC_03,62.28,50.02,2.75,216.53,9.92,0
2026-07-23 20:51:23,MC_04,57.2,37.53,2.0,222.69,11.07,0
2026-07-23 20:51:23,MC_05,57.64,37.67,2.71,219.28,10.17,0
2026-07-23 20:56:23,MC_01,53.47,38.34,2.63,214.09,13.27,0
2026-07-23 20:56:23,MC_02,63.34,41.69,2.62,221.85,11.09,0
2026-07-23 20:56:23,MC_03,59.87,33.64,2.61,225.31,11.1,0
2026-07-23 20:56:23,MC_04,60.33,34.05,2.22,219.76,11.09,0
2026-07-23 20:56:23,MC_05,59.18,40.56,1.57,219.21,8.67,0
2026-07-23 21:01:23,MC_01,64.68,34.29,2.23,219.12,12.76,0
2026-07-23 21:01:23,MC_02,64.25,40.87,1.62,222.05,12.74,0
2026-07-23 21:01:23,MC_03,55.69,34.72,2.02,221.85,13.97,0
2026-07-23 21:01:23,MC_04,55.71,53.78,2.28,224.82,11.73,0
2026-07-23 21:01:23,MC_05,57.3,34.68,2.35,224.25,10.7,0
2026-07-23 21:06:23,MC_01,60.48,33.94,3.66,221.53,11.51,0
2026-07-23 21:06:23,MC_02,66.45,39.64,2.73,227.81,14.21,0
2026-07-23 21:06:23,MC_03,54.28,35.67,2.37,218.53,12.75,0
2026-07-23 21:06:23,MC_04,64.01,44.6,2.54,214.8,11.47,0
2026-07-23 21:06:23,MC_05,54.71,34.26,2.22,224.45,13.03,0
2026-07-23 21:11:23,MC_01,67.88,41.5,2.09,219.79,13.63,0
2026-07-23 21:11:23,MC_02,55.53,36.34,2.61,213.24,10.99,0
2026-07-23 21:11:23,MC_03,57.82,29.37,2.54,223.06,14.93,0
2026-07-23 21:11:23,MC_04,62.98,47.44,2.73,225.24,11.14,0
2026-07-23 21:11:23,MC_05,64.6,38.29,2.8,220.0,10.18,0
2026-07-23 21:16:23,MC_01,59.99,38.69,3.21,221.95,9.93,0
2026-07-23 21:16:23,MC_02,58.56,41.07,2.62,222.55,11.76,0
2026-07-23 21:16:23,MC_03,58.94,37.26,2.46,221.24,11.19,0
2026-07-23 21:16:23,MC_04,49.66,40.14,3.21,227.48,13.02,0
2026-07-23 21:16:23,MC_05,66.35,40.66,2.83,229.22,13.5,0
2026-07-23 21:21:23,MC_01,61.24,42.61,2.38,223.69,12.6,0
2026-07-23 21:21:23,MC_02,65.66,30.25,2.19,213.27,12.51,0
2026-07-23 21:21:23,MC_03,66.78,36.9,1.8,223.62,13.76,0
2026-07-23 21:21:23,MC_04,60.53,41.59,2.28,213.48,11.6,0
2026-07-23 21:21:23,MC_05,58.04,36.38,2.77,214.38,12.54,0
2026-07-23 21:26:23,MC_01,57.69,38.96,2.82,215.25,12.01,0
2026-07-23 21:26:23,MC_02,62.48,43.17,3.07,223.29,11.39,0
2026-07-23 21:26:23,MC_03,50.95,43.96,2.24,212.77,14.81,0
2026-07-23 21:26:23,MC_04,61.14,39.94,2.31,217.08,15.34,0
2026-07-23 21:26:23,MC_05,52.71,42.07,2.29,217.51,12.96,0
